fold,train_samples,test_samples,mae,mse,rmse,r2,mape,epochs,train_time
1,9449,472,182.3171297056123,49025.86977673888,221.41786237053884,0.36468488672535115,8.013566708868863,34,1097.7057764530182
2,9921,472,160.3333926432155,40838.95791861726,202.0865109764065,0.33579304845230096,6.768928282536719,53,1478.8218998908997
3,10393,472,148.72693515525788,35501.01619290838,188.4171334908489,0.5015117930821328,6.4357911498266125,51,53327.96727395058
4,10865,472,194.7541713313302,57983.00702843588,240.79660925444088,0.38266501440368506,8.772604114917721,44,124335.7653567791
5,11337,472,192.2892199726428,57971.0620398027,240.7718049103813,0.15308829171850213,8.001489702996704,60,5202.469807386398
