Einheit;kW;kW;kW;kW;m;m;°C;W/m2;mm;;;;;
Signalname;PR_MI_SDR___:IO:Slot2:Prog_EWO_Prod:IST_wert/t;PR_MI_SDR___:IO:Slot2:Prog_EWO_Last:IST_wert/t;PR_MI_SDR___:Prog:EWO_Last:IST_wert/t;PR_MI_SDR___:IO:Slot3:SRL_Wirkleist_SOL:IST_wert/t;PR_M2_KWR2:KWR2N:Niveau:IST_wert/t;PR_M1_KWR1:KWR1N:Niveau:IST_wert/t;PR_MI_UBERGB:GW:Aussen_Temp:IST_wert/t;PR_MI_UBERGB:IO:Slot3:Solar_Irradiance:IST_wert/t;PR_MI_UBERGB:APPL:Regen:IST_mm_je_24h:IST_wert/t;PR_M1_KWR1:KWR1SDR:Modus_aktiv:RM_status_1/t;PR_M1_KWR1:KWR1SDR:Prog_Modus_aktiv:RM_status_1/t;PR_M1_KWR1:KWR1UEB:Modus_aktiv:RM_status_1/t;PR_M1_KWR1:KWR1N:Modus_aktiv:RM_status_1/t;
22.03.2026 00:00:00;902.540;1789.376;1757.316;952.876;2.000;2.511;9.536;0.434;0.000;0.000;1.000;0.000;0.000;
22.03.2026 00:15:00;902.472;1889.874;1721.013;810.699;2.018;2.501;9.499;0.450;0.000;0.000;1.000;0.000;0.000;
22.03.2026 00:30:00;902.412;1995.999;1982.731;911.288;2.030;2.516;9.507;0.450;0.000;0.000;1.000;0.000;0.000;
22.03.2026 00:45:00;902.425;2020.212;1947.640;891.638;2.038;2.540;9.402;0.450;0.000;0.000;1.000;0.000;0.000;
22.03.2026 01:00:00;902.488;1950.256;1731.342;723.614;2.049;2.548;9.478;0.450;0.000;0.000;1.000;0.000;0.000;
22.03.2026 01:15:00;902.519;1797.217;1596.383;706.620;2.065;2.548;9.492;0.450;0.000;0.000;1.000;0.000;0.000;
22.03.2026 01:30:00;902.322;1673.864;1429.863;680.219;2.076;2.561;9.473;0.450;0.000;0.000;1.000;0.000;0.000;
22.03.2026 01:45:00;902.428;1816.612;1941.746;1067.860;2.088;2.579;9.319;0.450;0.000;0.000;1.000;0.000;0.000;
22.03.2026 02:00:00;902.500;2073.248;1830.425;752.349;2.103;2.584;9.416;0.450;0.000;0.000;1.000;0.000;0.000;
22.03.2026 02:15:00;902.312;2001.626;1762.992;719.917;2.119;2.589;9.307;0.450;0.000;0.000;1.000;0.000;0.000;
22.03.2026 02:30:00;902.398;1816.739;1552.193;679.166;2.134;2.603;9.430;0.450;0.000;0.000;1.000;0.000;0.000;
22.03.2026 02:45:00;902.331;1662.488;1476.553;752.752;2.149;2.616;9.368;0.452;0.000;0.000;1.000;0.000;0.000;
22.03.2026 03:00:00;902.361;1585.779;1305.112;698.008;2.165;2.625;9.217;0.450;0.000;0.000;1.000;0.000;0.000;
22.03.2026 03:15:00;902.494;1613.499;1302.802;653.704;2.186;2.628;9.318;0.450;0.000;0.000;1.000;0.000;0.000;
22.03.2026 03:30:00;902.385;1604.104;1369.814;743.269;2.203;2.644;9.181;0.450;0.000;0.000;1.000;0.000;0.000;
22.03.2026 03:45:00;902.572;1875.997;2073.096;1138.992;2.208;2.685;9.020;0.450;0.000;0.000;1.000;0.000;0.000;
22.03.2026 04:00:00;902.523;2192.123;1964.945;735.583;2.218;2.683;8.917;0.450;0.000;0.000;1.000;0.000;0.000;
22.03.2026 04:15:00;902.487;2076.623;1747.996;657.560;2.228;2.672;8.400;0.450;0.000;0.000;1.000;0.000;0.000;
22.03.2026 04:30:00;902.297;1945.530;1564.021;567.470;2.238;2.668;8.503;0.450;0.000;0.000;1.000;0.000;0.000;
22.03.2026 04:45:00;902.584;1829.499;1569.124;673.331;2.241;2.684;8.582;0.450;0.000;0.000;1.000;0.000;0.000;
22.03.2026 05:00:00;902.341;1735.624;1438.606;650.989;2.240;2.712;8.311;0.450;0.000;0.000;1.000;0.000;0.000;
22.03.2026 05:15:00;902.410;1616.874;1533.657;884.623;2.234;2.740;8.355;0.525;0.000;0.000;1.000;0.000;0.000;
22.03.2026 05:30:00;902.289;1582.427;1497.298;883.677;2.232;2.747;9.141;0.449;0.000;0.000;1.000;0.000;0.000;
22.03.2026 05:45:00;1002.251;1611.624;1452.916;897.960;2.229;2.743;10.082;0.450;0.000;0.000;1.000;0.000;0.000;
22.03.2026 06:00:00;1202.575;1639.001;1479.758;1096.533;2.224;2.737;10.449;0.450;0.000;0.000;1.000;0.000;0.000;
22.03.2026 06:15:00;1302.785;1679.124;1438.888;1148.529;2.217;2.715;10.182;1.059;0.000;0.000;1.000;0.000;0.000;
22.03.2026 06:30:00;1402.907;1706.900;1513.741;1237.189;2.215;2.656;9.300;4.838;0.000;0.000;1.000;0.000;0.000;
22.03.2026 06:45:00;1402.843;1734.025;1607.513;1363.347;2.210;2.586;8.975;14.845;0.000;0.000;1.000;0.000;0.000;
22.03.2026 07:00:00;1402.809;1769.124;1550.722;1240.332;2.206;2.512;8.697;35.498;0.000;0.000;1.000;0.000;0.000;
22.03.2026 07:15:00;1402.858;1756.374;1431.635;1097.667;2.206;2.453;8.664;63.754;0.000;0.000;1.000;0.000;0.000;
22.03.2026 07:30:00;1403.029;1732.372;1421.034;1187.327;2.207;2.413;8.900;95.625;0.000;0.000;1.000;0.000;0.000;
22.03.2026 07:45:00;1402.960;1733.919;1472.796;1161.873;2.206;2.386;8.909;119.186;0.000;0.000;1.000;0.000;0.000;
22.03.2026 08:00:00;1403.029;1761.624;1428.511;1149.235;2.207;2.353;9.289;137.531;0.000;0.000;1.000;0.000;0.000;
22.03.2026 08:15:00;1403.011;1835.094;1366.978;993.453;2.212;2.306;9.706;159.637;0.000;0.000;1.000;0.000;0.000;
22.03.2026 08:30:00;1402.956;1851.572;1333.986;865.347;2.219;2.260;11.624;503.459;0.000;0.000;1.000;0.000;0.000;
22.03.2026 08:45:00;1402.820;1836.624;1240.051;882.647;2.226;2.214;15.137;597.712;0.000;0.000;1.000;0.000;0.000;
22.03.2026 09:00:00;1302.967;1812.979;1235.924;773.060;2.235;2.167;16.703;637.939;0.000;0.000;1.000;0.000;0.000;
22.03.2026 09:15:00;1202.644;1733.907;1106.704;614.500;2.245;2.127;17.599;642.796;0.000;0.000;1.000;0.000;0.000;
22.03.2026 09:30:00;1102.496;1677.624;1063.630;527.916;2.250;2.089;17.985;716.381;0.000;0.000;0.000;1.000;0.000;
22.03.2026 09:45:00;1102.501;1616.874;1016.336;821.692;2.247;2.076;17.302;991.743;0.000;0.000;0.000;1.000;0.000;
22.03.2026 10:00:00;1102.475;1560.249;995.953;1017.560;2.237;2.061;16.213;977.770;0.000;0.000;0.000;0.000;1.000;
22.03.2026 10:15:00;902.304;1415.501;920.033;1149.909;2.227;2.028;15.693;799.477;0.000;0.000;0.000;0.000;1.000;
22.03.2026 10:30:00;902.313;1346.124;774.412;1243.513;2.218;1.987;15.466;711.444;0.000;0.000;0.000;0.000;1.000;
22.03.2026 10:45:00;902.260;1278.268;709.398;1326.747;2.212;1.960;15.434;699.328;0.000;0.000;0.000;0.000;1.000;
22.03.2026 11:00:00;902.242;1197.624;759.594;1311.870;2.207;1.914;15.702;773.468;0.000;0.000;0.000;0.000;1.000;
22.03.2026 11:15:00;902.251;1142.499;791.835;1248.141;2.203;1.878;15.613;906.774;0.000;0.000;0.000;0.000;1.000;
22.03.2026 11:30:00;902.267;1106.128;743.265;1149.353;2.200;1.877;15.948;1184.064;0.000;0.000;0.000;0.000;1.000;
22.03.2026 11:45:00;902.313;1094.874;770.315;1088.990;2.197;1.919;15.871;1197.380;0.000;0.000;0.000;0.000;1.000;
22.03.2026 12:00:00;753.249;1131.624;668.049;1055.731;2.195;1.977;15.870;1200.218;0.000;0.000;0.000;0.000;1.000;
22.03.2026 12:15:00;652.999;1091.499;614.170;1041.623;2.193;2.045;15.940;1235.695;0.000;0.000;0.000;0.000;1.000;
22.03.2026 12:30:00;652.999;1019.875;638.497;1080.098;2.190;2.128;15.827;1307.980;0.000;0.000;0.000;0.000;1.000;
22.03.2026 12:45:00;652.999;953.876;584.066;1096.274;2.188;2.166;15.917;1259.910;0.000;0.000;0.000;0.000;1.000;
22.03.2026 13:00:00;652.999;902.567;766.637;1086.674;2.185;2.190;15.671;981.732;0.000;0.000;0.000;0.000;1.000;
22.03.2026 13:15:00;652.999;963.414;645.166;883.186;2.184;2.220;15.920;952.492;0.000;0.000;1.000;0.000;0.000;
22.03.2026 13:30:00;652.999;969.347;635.014;368.408;2.212;2.219;15.691;940.589;0.000;0.000;1.000;0.000;0.000;
22.03.2026 13:45:00;652.999;933.877;531.412;298.789;2.236;2.257;15.642;1099.940;0.000;0.000;1.000;0.000;0.000;
22.03.2026 14:00:00;652.963;920.874;551.781;304.397;2.247;2.323;15.611;1056.223;0.000;0.000;1.000;0.000;0.000;
22.03.2026 14:15:00;652.999;942.999;635.972;388.216;2.252;2.410;15.641;1020.277;0.000;0.000;1.000;0.000;0.000;
22.03.2026 14:30:00;652.999;919.374;707.987;517.372;2.252;2.461;15.639;933.628;0.000;0.000;1.000;0.000;0.000;
22.03.2026 14:45:00;652.999;937.373;798.555;557.284;2.251;2.505;15.296;760.941;0.000;0.000;1.000;0.000;0.000;
22.03.2026 15:00:00;652.999;957.626;721.748;458.212;2.249;2.538;15.144;648.166;0.000;0.000;1.000;0.000;0.000;
22.03.2026 15:15:00;652.999;959.581;713.698;428.555;2.251;2.572;15.100;562.407;0.000;0.000;1.000;0.000;0.000;
22.03.2026 15:30:00;652.999;970.672;819.682;544.223;2.251;2.651;14.867;447.201;0.000;0.000;1.000;0.000;0.000;
22.03.2026 15:45:00;652.999;1045.181;887.634;535.919;2.255;2.687;14.714;404.822;0.000;0.000;1.000;0.000;0.000;
22.03.2026 16:00:00;652.999;1116.041;954.855;550.376;2.257;2.717;14.525;449.660;0.000;0.000;1.000;0.000;0.000;
22.03.2026 16:15:00;652.999;1229.748;1359.029;800.980;2.257;2.718;14.505;289.471;0.000;0.000;1.000;0.000;0.000;
22.03.2026 16:30:00;652.936;1327.749;1363.090;657.410;2.253;2.707;14.100;170.358;0.000;0.000;1.000;0.000;0.000;
22.03.2026 16:45:00;753.249;1410.249;1449.925;902.610;2.250;2.680;13.784;120.169;0.000;0.000;1.000;0.000;0.000;
22.03.2026 17:00:00;902.335;1496.140;1527.643;960.157;2.242;2.684;13.492;79.961;0.000;0.000;1.000;0.000;0.000;
22.03.2026 17:15:00;902.317;1624.374;1702.687;963.023;2.239;2.656;13.293;108.124;0.000;0.000;1.000;0.000;0.000;
22.03.2026 17:30:00;1102.501;1694.124;1740.976;1201.417;2.231;2.640;13.106;76.998;0.000;0.000;1.000;0.000;0.000;
22.03.2026 17:45:00;1303.125;1756.374;1879.168;1386.844;2.216;2.659;12.999;49.907;0.000;0.000;1.000;0.000;0.000;
22.03.2026 18:00:00;1402.752;1835.123;1879.910;1521.853;2.204;2.625;12.730;39.027;0.000;0.000;1.000;0.000;0.000;
22.03.2026 18:15:00;1402.854;1904.499;1992.964;1535.341;2.195;2.583;12.400;19.125;0.000;0.000;1.000;0.000;0.000;
22.03.2026 18:30:00;1403.183;1941.920;1958.743;1517.732;2.183;2.560;12.075;8.711;0.000;0.000;1.000;0.000;0.000;
22.03.2026 18:45:00;1402.961;1997.823;2062.606;1485.775;2.168;2.556;11.689;3.036;0.000;0.000;1.000;0.000;0.000;
22.03.2026 19:00:00;1402.971;2045.499;2043.771;1447.213;2.157;2.566;11.436;0.447;0.000;0.000;1.000;0.000;0.000;
22.03.2026 19:15:00;1403.131;2065.748;2064.342;1432.495;2.145;2.537;11.259;0.450;0.000;0.000;1.000;0.000;0.000;
22.03.2026 19:30:00;1402.968;2049.061;2020.370;1417.161;2.132;2.514;11.114;0.450;0.000;0.000;1.000;0.000;0.000;
22.03.2026 19:45:00;1402.962;2009.184;2095.443;1470.906;2.117;2.506;10.785;0.450;0.000;0.000;1.000;0.000;0.000;
22.03.2026 20:00:00;1402.878;1983.249;2072.621;1523.168;2.096;2.517;10.517;0.450;0.000;0.000;1.000;0.000;0.000;
22.03.2026 20:15:00;1403.020;2025.576;1965.061;1342.463;2.085;2.493;10.225;0.491;0.000;0.000;1.000;0.000;0.000;
22.03.2026 20:30:00;1402.840;1986.999;1807.839;1234.295;2.076;2.475;10.006;0.450;0.000;0.000;1.000;0.000;0.000;
22.03.2026 20:45:00;1402.920;1939.961;1848.396;1351.744;2.067;2.467;9.552;0.456;0.000;0.000;1.000;0.000;0.000;
22.03.2026 21:00:00;1402.947;1891.578;1746.398;1324.409;2.058;2.463;9.172;0.450;0.000;0.000;1.000;0.000;0.000;
22.03.2026 21:15:00;1303.038;1990.749;1959.176;1308.972;2.052;2.454;8.960;0.450;0.000;0.000;1.000;0.000;0.000;
22.03.2026 21:30:00;1203.014;2018.135;1938.302;1178.183;2.051;2.432;8.748;0.450;0.000;0.000;1.000;0.000;0.000;
22.03.2026 21:45:00;1102.524;1959.395;1771.703;994.497;2.058;2.409;8.686;0.453;0.000;0.000;1.000;0.000;0.000;
22.03.2026 22:00:00;1002.251;1880.525;1698.839;872.422;2.070;2.394;8.398;0.450;0.000;0.000;1.000;0.000;0.000;
22.03.2026 22:15:00;902.346;1805.262;1683.316;792.534;2.082;2.403;8.657;0.450;0.000;0.000;1.000;0.000;0.000;
22.03.2026 22:30:00;902.275;1767.249;1586.215;797.183;2.096;2.425;8.292;0.414;0.000;0.000;1.000;0.000;0.000;
22.03.2026 22:45:00;902.339;1842.249;1733.554;865.149;2.109;2.472;8.397;0.450;0.000;0.000;1.000;0.000;0.000;
22.03.2026 23:00:00;902.438;1864.376;1662.798;744.328;2.127;2.465;8.317;0.450;0.000;0.000;1.000;0.000;0.000;
22.03.2026 23:15:00;902.358;1895.448;1772.019;839.586;2.142;2.464;8.123;0.450;0.000;0.000;1.000;0.000;0.000;
22.03.2026 23:30:00;902.275;1868.292;1704.472;797.291;2.156;2.475;7.948;0.450;0.000;0.000;1.000;0.000;0.000;
22.03.2026 23:45:00;902.533;1798.689;1562.740;767.684;2.171;2.483;8.052;0.466;0.000;0.000;1.000;0.000;0.000;
23.03.2026 00:00:00;902.311;1741.400;1659.810;894.271;2.183;2.504;8.253;0.450;0.000;0.000;1.000;0.000;0.000;
23.03.2026 00:15:00;902.473;1825.749;1591.078;698.400;2.196;2.519;8.399;0.477;0.000;0.000;1.000;0.000;0.000;
23.03.2026 00:30:00;902.282;1920.999;1963.086;991.204;2.206;2.537;8.154;0.450;0.000;0.000;1.000;0.000;0.000;
23.03.2026 00:45:00;902.312;1968.239;1806.951;810.551;2.212;2.544;8.385;0.450;0.000;0.000;1.000;0.000;0.000;
23.03.2026 01:00:00;902.465;1924.749;1656.921;666.109;2.223;2.536;8.222;0.450;0.000;0.000;1.000;0.000;0.000;
23.03.2026 01:15:00;902.288;1763.499;1523.622;754.639;2.229;2.541;8.290;0.443;0.000;0.000;1.000;0.000;0.000;
23.03.2026 01:30:00;902.259;1631.499;1431.353;769.712;2.231;2.556;8.299;0.450;0.000;0.000;1.000;0.000;0.000;
23.03.2026 01:45:00;902.277;1778.124;1936.353;1044.378;2.227;2.594;7.801;0.450;0.000;0.000;1.000;0.000;0.000;
23.03.2026 02:00:00;902.411;2027.513;1841.480;823.951;2.228;2.617;7.624;0.450;0.000;0.000;1.000;0.000;0.000;
23.03.2026 02:15:00;902.298;1893.602;1752.858;775.040;2.230;2.598;7.501;0.463;0.000;0.000;1.000;0.000;0.000;
23.03.2026 02:30:00;902.416;1714.001;1515.737;749.708;2.230;2.589;7.290;0.451;0.000;0.000;1.000;0.000;0.000;
23.03.2026 02:45:00;902.326;1571.278;1427.439;812.005;2.232;2.601;7.498;0.424;0.000;0.000;1.000;0.000;0.000;
23.03.2026 03:00:00;902.380;1485.249;1381.822;882.569;2.230;2.639;7.174;0.450;0.000;0.000;1.000;0.000;0.000;
23.03.2026 03:15:00;902.488;1574.905;1533.664;940.431;2.232;2.656;6.800;0.450;0.000;0.000;1.000;0.000;0.000;
23.03.2026 03:30:00;902.266;1573.124;1435.531;824.596;2.231;2.665;6.743;0.450;0.000;0.000;1.000;0.000;0.000;
23.03.2026 03:45:00;902.466;1816.393;2049.291;1197.810;2.229;2.671;6.825;0.454;0.000;0.000;1.000;0.000;0.000;
23.03.2026 04:00:00;902.466;2101.268;1961.771;837.531;2.229;2.670;6.983;0.501;0.000;0.000;1.000;0.000;0.000;
23.03.2026 04:15:00;902.434;1983.249;1858.272;838.377;2.233;2.666;7.197;0.450;0.000;0.000;1.000;0.000;0.000;
23.03.2026 04:30:00;902.270;1874.535;1767.173;842.841;2.233;2.678;6.891;0.450;0.000;0.000;1.000;0.000;0.000;
23.03.2026 04:45:00;902.386;1772.874;1599.400;817.367;2.232;2.696;6.873;0.449;0.000;0.000;1.000;0.000;0.000;
23.03.2026 05:00:00;902.371;1697.499;1564.581;794.471;2.235;2.728;6.699;0.449;0.000;0.000;1.000;0.000;0.000;
23.03.2026 05:15:00;902.262;1703.124;1592.791;872.215;2.234;2.726;6.722;0.450;0.000;0.000;1.000;0.000;0.000;
23.03.2026 05:30:00;902.491;1675.725;1752.744;1044.485;2.229;2.730;6.685;0.450;0.000;0.000;1.000;0.000;0.000;
23.03.2026 05:45:00;1002.250;1727.065;1777.602;1051.544;2.224;2.739;6.691;0.450;0.000;0.000;1.000;0.000;0.000;
23.03.2026 06:00:00;1202.783;1779.999;1878.768;1309.878;2.212;2.739;6.641;0.464;0.000;0.000;1.000;0.000;0.000;
23.03.2026 06:15:00;1302.991;1957.387;1901.625;1296.751;2.208;2.690;6.643;1.099;0.000;0.000;1.000;0.000;0.000;
23.03.2026 06:30:00;1403.023;2030.347;2016.108;1442.179;2.203;2.632;6.432;4.838;0.000;0.000;1.000;0.000;0.000;
23.03.2026 06:45:00;1403.100;2111.498;2040.748;1389.279;2.196;2.566;6.669;11.036;0.000;0.000;1.000;0.000;0.000;
23.03.2026 07:00:00;1403.090;2173.752;2028.895;1340.460;2.192;2.505;6.461;24.940;0.000;0.000;1.000;0.000;0.000;
23.03.2026 07:15:00;1403.205;2169.977;1892.205;1179.773;2.195;2.449;6.460;51.050;0.000;0.000;1.000;0.000;0.000;
23.03.2026 07:30:00;1402.991;2159.123;1920.088;1160.167;2.195;2.416;6.878;76.355;0.000;0.000;1.000;0.000;0.000;
23.03.2026 07:45:00;1403.006;2196.193;2040.554;1312.623;2.191;2.394;7.285;81.282;0.000;0.000;1.000;0.000;0.000;
23.03.2026 08:00:00;1403.179;2228.873;2057.120;1306.889;2.186;2.367;7.300;122.354;0.000;0.000;1.000;0.000;0.000;
23.03.2026 08:15:00;1403.131;2285.498;2179.166;1378.000;2.184;2.318;8.085;82.505;0.000;0.000;1.000;0.000;0.000;
23.03.2026 08:30:00;1403.206;2237.873;2120.528;1388.957;2.175;2.280;8.097;67.706;0.000;0.000;1.000;0.000;0.000;
23.03.2026 08:45:00;1402.995;2194.186;2208.673;1401.444;2.164;2.237;7.889;128.873;0.000;0.000;1.000;0.000;0.000;
23.03.2026 09:00:00;1303.253;2148.231;2099.662;1267.411;2.158;2.183;8.927;567.195;0.000;0.000;1.000;0.000;0.000;
23.03.2026 09:15:00;1202.813;2146.201;1581.191;666.131;2.171;2.107;12.199;649.876;0.000;0.000;1.000;0.000;0.000;
23.03.2026 09:30:00;1102.597;2096.447;1569.538;587.964;2.197;2.045;16.028;833.295;0.000;0.000;1.000;0.000;0.000;
23.03.2026 09:45:00;1102.501;2047.374;1919.478;1080.515;2.207;2.046;16.860;122.826;0.000;0.000;1.000;0.000;0.000;
23.03.2026 10:00:00;1102.512;1986.999;1946.441;1030.841;2.204;2.056;14.468;160.137;0.000;0.000;1.000;0.000;0.000;
23.03.2026 10:15:00;1102.501;1992.624;1629.072;858.128;2.208;2.037;13.305;599.762;0.000;0.000;1.000;0.000;0.000;
23.03.2026 10:30:00;1102.642;1986.999;1258.094;555.477;2.231;1.924;17.092;966.095;0.000;0.000;1.000;0.000;0.000;
23.03.2026 10:45:00;1102.536;1961.282;1139.531;465.571;2.249;1.840;20.407;1046.740;0.000;0.000;1.000;0.000;0.000;
23.03.2026 11:00:00;1102.492;1902.624;1918.850;1148.174;2.243;1.860;21.489;324.549;0.000;0.000;1.000;0.000;0.000;
23.03.2026 11:15:00;1102.508;1886.007;1821.868;1049.158;2.226;1.915;18.196;403.244;0.000;0.000;1.000;0.000;0.000;
23.03.2026 11:30:00;1102.443;1922.874;1912.245;1183.172;2.218;1.956;16.413;1205.233;0.000;0.000;1.000;0.000;0.000;
23.03.2026 11:45:00;1102.540;2024.661;1525.873;633.481;2.223;1.969;18.800;1241.686;0.000;0.000;1.000;0.000;0.000;
23.03.2026 12:00:00;1102.501;2065.748;1212.672;365.798;2.240;1.979;20.692;1297.248;0.000;0.000;1.000;0.000;0.000;
23.03.2026 12:15:00;902.253;1779.977;951.203;333.994;2.252;2.041;22.836;1128.125;0.000;0.000;1.000;0.000;0.000;
23.03.2026 12:30:00;753.249;1593.719;932.106;353.137;2.258;2.115;22.636;457.846;0.000;0.000;1.000;0.000;0.000;
23.03.2026 12:45:00;652.999;1505.143;786.261;372.655;2.260;2.167;21.739;1234.216;0.000;0.000;1.000;0.000;0.000;
23.03.2026 13:00:00;652.999;1439.550;561.437;284.658;2.263;2.194;22.709;1257.234;0.000;0.000;1.000;0.000;0.000;
23.03.2026 13:15:00;652.999;1494.249;972.515;249.117;2.266;2.216;23.900;797.430;0.000;0.000;1.000;0.000;0.000;
23.03.2026 13:30:00;652.999;1517.617;953.899;807.073;2.262;2.304;22.793;1086.895;0.000;0.000;0.000;1.000;0.000;
23.03.2026 13:45:00;652.998;1494.249;1561.273;1201.918;2.237;2.427;20.507;361.695;0.000;0.000;0.000;0.000;1.000;
23.03.2026 14:00:00;652.999;1463.124;1502.681;1428.657;2.217;2.492;18.200;368.227;0.000;0.000;0.000;0.000;1.000;
23.03.2026 14:15:00;652.999;1485.249;1698.833;1535.975;2.202;2.509;16.482;216.677;0.000;0.000;0.000;0.000;1.000;
23.03.2026 14:30:00;652.991;1466.874;1722.203;1503.643;2.189;2.498;15.378;200.572;0.000;0.000;0.000;0.000;1.000;
23.03.2026 14:45:00;652.999;1479.624;1797.490;1374.067;2.180;2.469;15.102;281.569;0.000;0.000;0.000;0.000;1.000;
23.03.2026 15:00:00;652.999;1488.999;1824.790;1210.412;2.177;2.461;15.120;234.441;0.000;0.000;0.000;0.000;1.000;
23.03.2026 15:15:00;652.999;1413.624;1728.089;1082.862;2.176;2.487;15.586;269.977;0.000;0.000;0.000;0.000;1.000;
23.03.2026 15:30:00;652.999;1410.249;1583.866;1046.984;2.177;2.559;15.945;369.675;0.000;0.000;0.000;0.000;1.000;
23.03.2026 15:45:00;652.999;1432.001;1729.382;1033.443;2.177;2.616;16.398;205.749;0.000;0.000;0.000;0.000;1.000;
23.03.2026 16:00:00;652.999;1483.374;1696.057;1041.241;2.177;2.681;15.998;166.725;0.000;0.000;0.000;0.000;1.000;
23.03.2026 16:15:00;-999.001;-3498.521;1874.051;1135.153;2.175;2.721;15.383;70.936;0.000;0.000;0.000;0.000;1.000;
23.03.2026 16:30:00;-999.001;-3498.502;1928.457;1207.235;2.172;2.722;14.779;58.656;0.000;0.000;0.000;0.000;1.000;
23.03.2026 16:45:00;-999.001;-3498.548;1985.092;1251.198;2.168;2.692;14.161;98.038;0.000;0.000;0.000;0.000;1.000;
23.03.2026 17:00:00;903.499;1715.874;1944.209;1244.113;2.165;2.656;13.731;123.999;0.000;0.000;0.000;0.000;1.000;
23.03.2026 17:15:00;903.479;1794.609;1852.286;1210.143;2.161;2.624;13.600;127.418;0.000;0.000;0.000;0.000;1.000;
23.03.2026 17:30:00;1103.036;1844.124;1943.820;1173.262;2.158;2.610;13.016;83.582;0.000;0.000;0.000;0.000;1.000;
23.03.2026 17:45:00;1303.746;1897.374;1957.712;1204.020;2.154;2.611;13.066;59.848;0.000;0.000;1.000;0.000;0.000;
23.03.2026 18:00:00;1403.643;1966.749;2139.494;1571.235;2.137;2.636;12.737;23.625;0.000;0.000;1.000;0.000;0.000;
23.03.2026 18:15:00;1403.546;2028.946;2171.050;1552.162;2.116;2.629;12.511;10.350;0.000;0.000;1.000;0.000;0.000;
23.03.2026 18:30:00;1403.497;2058.248;2101.580;1520.310;2.098;2.598;12.435;4.338;0.000;0.000;1.000;0.000;0.000;
23.03.2026 18:45:00;1403.431;2104.373;2270.813;1605.671;2.082;2.566;12.406;1.721;0.000;0.000;1.000;0.000;0.000;
23.03.2026 19:00:00;1403.649;2144.498;2279.001;1613.238;2.058;2.559;12.253;0.486;0.000;0.000;1.000;0.000;0.000;
23.03.2026 19:15:00;1403.482;2155.373;2200.721;1515.710;2.038;2.544;12.005;0.449;0.000;0.000;1.000;0.000;0.000;
23.03.2026 19:30:00;1403.251;2144.498;2192.765;1549.955;2.017;2.533;11.824;0.447;0.000;0.000;1.000;0.000;0.000;
23.03.2026 19:45:00;1403.326;2138.873;2158.447;1448.225;2.002;2.515;11.809;0.450;0.000;0.000;1.000;0.000;0.000;
23.03.2026 20:00:00;1403.019;2132.917;2190.757;1471.114;1.986;2.507;11.772;0.487;0.000;0.000;1.000;0.000;0.000;
23.03.2026 20:15:00;1403.262;2127.998;2092.118;1400.736;1.967;2.506;11.554;0.450;0.000;0.000;1.000;0.000;0.000;
23.03.2026 20:30:00;1403.418;2080.731;2033.080;1381.446;1.953;2.491;11.299;0.450;0.000;0.000;1.000;0.000;0.000;
23.03.2026 20:45:00;1403.349;2052.994;1957.462;1346.734;1.940;2.472;11.304;0.450;0.000;0.000;1.000;0.000;0.000;
23.03.2026 21:00:00;1403.389;2018.753;1900.213;1294.358;1.932;2.452;11.190;0.450;0.000;0.000;1.000;0.000;0.000;
23.03.2026 21:15:00;1303.396;2127.886;2022.903;1309.376;1.927;2.442;10.560;0.451;0.000;0.000;1.000;0.000;0.000;
23.03.2026 21:30:00;1203.128;2142.622;1978.382;1074.575;1.926;2.426;10.500;0.450;0.000;0.000;1.000;0.000;0.000;
23.03.2026 21:45:00;1102.649;2054.873;1881.162;975.424;1.933;2.413;10.516;0.450;0.000;0.000;1.000;0.000;0.000;
23.03.2026 22:00:00;1002.298;1962.999;1797.270;897.433;1.943;2.402;10.371;0.450;0.000;0.000;1.000;0.000;0.000;
23.03.2026 22:15:00;902.580;1920.999;1843.966;845.579;1.957;2.406;10.115;0.450;0.000;0.000;1.000;0.000;0.000;
23.03.2026 22:30:00;902.550;1904.459;1807.809;841.303;1.967;2.430;9.668;0.450;0.000;0.000;1.000;0.000;0.000;
23.03.2026 22:45:00;902.631;1942.609;2000.451;1039.670;1.973;2.464;9.482;0.450;0.000;0.000;1.000;0.000;0.000;
23.03.2026 23:00:00;902.640;1926.626;1856.359;876.215;1.979;2.476;9.219;0.450;0.000;0.000;1.000;0.000;0.000;
23.03.2026 23:15:00;902.681;1913.874;1941.809;1001.204;1.983;2.486;9.063;0.450;0.000;0.000;1.000;0.000;0.000;
23.03.2026 23:30:00;902.470;1873.086;1815.820;912.556;1.991;2.479;9.015;0.449;0.000;0.000;1.000;0.000;0.000;
23.03.2026 23:45:00;902.221;1801.382;1687.767;836.124;2.000;2.478;8.724;0.450;0.000;0.000;1.000;0.000;0.000;
24.03.2026 00:00:00;902.318;1754.499;1762.913;1006.655;2.007;2.499;8.358;0.450;0.000;0.000;1.000;0.000;0.000;
24.03.2026 00:15:00;902.925;1825.648;1757.347;918.354;2.015;2.511;8.325;0.450;0.000;0.000;1.000;0.000;0.000;
24.03.2026 00:30:00;902.580;1921.001;2147.903;1155.032;2.018;2.536;8.328;0.450;0.000;0.000;1.000;0.000;0.000;
24.03.2026 00:45:00;902.611;1968.624;1965.034;943.793;2.018;2.551;8.291;0.450;0.000;0.000;1.000;0.000;0.000;
24.03.2026 01:00:00;902.638;1924.751;1836.136;892.137;2.024;2.544;7.799;0.450;0.000;0.000;1.000;0.000;0.000;
24.03.2026 01:15:00;902.556;1763.499;1712.732;893.388;2.032;2.540;7.689;0.450;0.000;0.000;1.000;0.000;0.000;
24.03.2026 01:30:00;902.533;1631.496;1576.162;887.136;2.039;2.552;7.689;0.450;0.000;0.000;1.000;0.000;0.000;
24.03.2026 01:45:00;902.479;1778.197;2038.372;1208.957;2.040;2.584;7.710;0.450;0.000;0.000;1.000;0.000;0.000;
24.03.2026 02:00:00;902.504;2028.957;1972.340;910.661;2.044;2.592;7.561;0.450;0.000;0.000;1.000;0.000;0.000;
24.03.2026 02:15:00;902.320;1893.624;1881.585;954.209;2.050;2.595;7.488;0.450;0.000;0.000;1.000;0.000;0.000;
24.03.2026 02:30:00;902.523;1713.948;1690.664;940.292;2.054;2.626;7.325;0.450;0.000;0.000;1.000;0.000;0.000;
24.03.2026 02:45:00;902.369;1571.136;1561.720;959.973;2.061;2.616;7.230;0.450;0.000;0.000;1.000;0.000;0.000;
24.03.2026 03:00:00;902.291;1485.239;1389.666;885.752;2.069;2.609;7.023;0.450;0.000;0.000;1.000;0.000;0.000;
24.03.2026 03:15:00;902.476;1575.096;1433.476;764.817;2.083;2.609;6.880;0.450;0.000;0.000;1.000;0.000;0.000;
24.03.2026 03:30:00;902.586;1573.289;1498.953;946.186;2.093;2.637;6.691;0.496;0.000;0.000;1.000;0.000;0.000;
24.03.2026 03:45:00;902.729;1816.749;2184.063;1284.077;2.091;2.688;6.552;0.542;0.000;0.000;1.000;0.000;0.000;
24.03.2026 04:00:00;902.846;2102.481;2104.463;956.141;2.091;2.696;6.418;0.450;0.000;0.000;1.000;0.000;0.000;
24.03.2026 04:15:00;902.568;1983.249;1963.959;985.175;2.097;2.683;6.311;0.450;0.000;0.000;1.000;0.000;0.000;
24.03.2026 04:30:00;902.748;1875.247;1801.954;911.456;2.104;2.673;6.109;0.458;0.000;0.000;1.000;0.000;0.000;
24.03.2026 04:45:00;902.862;1772.852;1790.228;950.273;2.112;2.680;6.008;0.450;0.000;0.000;1.000;0.000;0.000;
24.03.2026 05:00:00;902.483;1697.499;1810.639;1022.536;2.114;2.709;5.881;0.450;0.000;0.000;1.000;0.000;0.000;
24.03.2026 05:15:00;902.623;1703.126;1626.175;869.456;2.119;2.722;5.873;0.450;0.000;0.000;1.000;0.000;0.000;
24.03.2026 05:30:00;902.483;1675.749;1762.313;1040.901;2.124;2.738;5.948;0.465;0.000;0.000;1.000;0.000;0.000;
24.03.2026 05:45:00;1002.403;1728.344;1800.602;1121.536;2.121;2.751;5.358;0.484;0.000;0.000;1.000;0.000;0.000;
24.03.2026 06:00:00;1203.199;1780.009;1943.001;1388.926;2.108;2.747;5.401;0.496;0.000;0.000;1.000;0.000;0.000;
24.03.2026 06:15:00;1303.592;1957.749;2071.211;1434.424;2.096;2.700;5.226;3.825;0.000;0.000;1.000;0.000;0.000;
24.03.2026 06:30:00;1403.348;2030.775;2069.686;1498.747;2.080;2.639;5.330;6.602;0.000;0.000;1.000;0.000;0.000;
24.03.2026 06:45:00;1403.427;2111.498;2115.743;1533.366;2.071;2.561;5.328;19.323;0.000;0.000;1.000;0.000;0.000;
24.03.2026 07:00:00;1403.338;2173.753;2233.160;1510.635;2.059;2.506;5.522;32.975;0.000;0.000;1.000;0.000;0.000;
24.03.2026 07:15:00;1403.238;2170.019;2139.043;1425.598;2.042;2.470;5.503;45.263;0.000;0.000;1.000;0.000;0.000;
24.03.2026 07:30:00;1403.619;1802.068;2246.548;1630.051;2.018;2.452;5.750;64.053;0.000;0.000;1.000;0.000;0.000;
24.03.2026 07:45:00;1403.342;1807.373;2259.119;1661.119;1.992;2.420;6.246;81.332;0.000;0.000;1.000;0.000;0.000;
24.03.2026 08:00:00;1403.139;1816.749;2157.885;1679.797;1.966;2.373;6.319;86.620;0.000;0.000;1.000;0.000;0.000;
24.03.2026 08:15:00;1403.162;1887.969;2118.741;1675.752;1.941;2.314;6.385;131.668;0.000;0.000;1.000;0.000;0.000;
24.03.2026 08:30:00;1403.501;1827.624;1993.022;1662.005;1.914;2.262;8.724;448.546;0.000;0.000;1.000;0.000;0.000;
24.03.2026 08:45:00;1402.988;1772.874;1913.975;1601.025;1.887;2.223;12.392;444.680;0.000;0.000;1.000;0.000;0.000;
24.03.2026 09:00:00;1303.270;1722.533;1929.085;1555.395;1.869;2.178;15.119;525.846;0.000;0.000;1.000;0.000;0.000;
24.03.2026 09:15:00;1203.031;1670.124;1657.357;1196.456;1.859;2.127;16.703;648.732;0.000;0.000;1.000;0.000;0.000;
24.03.2026 09:30:00;1102.634;1620.624;1712.981;1177.046;1.858;2.080;18.408;558.791;0.000;0.000;1.000;0.000;0.000;
24.03.2026 09:45:00;1102.578;1587.431;1585.843;1144.266;1.856;2.051;19.126;577.483;0.000;0.000;1.000;0.000;0.000;
24.03.2026 10:00:00;1102.543;1532.874;1396.852;1056.936;1.857;2.019;19.887;836.038;0.000;0.000;1.000;0.000;0.000;
24.03.2026 10:15:00;1102.394;1490.499;1567.696;1146.612;1.854;1.997;20.967;679.090;0.000;0.000;1.000;0.000;0.000;
24.03.2026 10:30:00;1102.505;1470.624;1476.042;1180.555;1.852;1.956;22.195;644.235;0.000;0.000;1.000;0.000;0.000;
24.03.2026 10:45:00;1102.560;1435.246;1478.934;1169.168;1.851;1.904;22.499;658.735;0.000;0.000;1.000;0.000;0.000;
24.03.2026 11:00:00;1102.478;1375.223;1475.017;1189.101;1.847;1.879;22.996;673.282;0.000;0.000;1.000;0.000;0.000;
24.03.2026 11:15:00;1102.569;1320.249;1239.765;1029.973;1.841;1.880;23.298;995.331;0.000;0.000;1.000;0.000;0.000;
24.03.2026 11:30:00;1102.624;1334.874;1525.686;1274.366;1.834;1.914;24.476;1106.135;0.000;0.000;1.000;0.000;0.000;
24.03.2026 11:45:00;1102.567;1358.761;1590.867;1336.549;1.816;1.984;25.029;1179.550;0.000;0.000;1.000;0.000;0.000;
24.03.2026 12:00:00;1102.501;1440.638;1369.485;1059.327;1.805;2.026;25.179;1061.964;0.000;0.000;1.000;0.000;0.000;
24.03.2026 12:15:00;902.327;1217.089;1007.689;734.673;1.817;2.032;25.169;1175.523;0.000;0.000;1.000;0.000;0.000;
24.03.2026 12:30:00;753.249;1122.624;866.486;529.818;1.841;2.060;23.390;1293.109;0.000;0.000;1.000;0.000;0.000;
24.03.2026 12:45:00;652.900;1073.124;1020.120;586.145;1.866;2.115;24.675;1115.424;0.000;0.000;1.000;0.000;0.000;
24.03.2026 13:00:00;652.999;1114.893;722.710;335.791;1.893;2.179;24.527;1011.870;0.000;0.000;1.000;0.000;0.000;
24.03.2026 13:15:00;652.999;1153.749;848.259;393.030;1.925;2.232;24.768;952.581;0.000;0.000;1.000;0.000;0.000;
24.03.2026 13:30:00;652.999;1175.603;1000.628;509.763;1.952;2.292;24.400;919.879;0.000;0.000;1.000;0.000;0.000;
24.03.2026 13:45:00;652.999;1162.749;1046.392;596.541;1.974;2.343;23.884;997.832;0.000;0.000;1.000;0.000;0.000;
24.03.2026 14:00:00;652.993;1173.726;1261.398;986.117;1.996;2.379;22.133;914.969;0.000;0.000;1.000;0.000;0.000;
24.03.2026 14:15:00;652.999;1214.126;1035.625;479.425;2.017;2.413;21.653;1015.551;0.000;0.000;1.000;0.000;0.000;
24.03.2026 14:30:00;652.999;1203.251;997.474;523.627;2.044;2.462;21.309;942.459;0.000;0.000;1.000;0.000;0.000;
24.03.2026 14:45:00;652.989;1177.939;1158.574;656.330;2.068;2.479;21.076;739.739;0.000;0.000;1.000;0.000;0.000;
24.03.2026 15:00:00;652.994;1149.999;1081.217;671.505;2.085;2.523;20.777;826.230;0.000;0.000;1.000;0.000;0.000;
24.03.2026 15:15:00;652.999;1069.374;1059.677;642.325;2.099;2.573;20.308;649.182;0.000;0.000;1.000;0.000;0.000;
24.03.2026 15:30:00;652.999;1073.124;1367.294;972.003;2.110;2.630;19.896;474.812;0.000;0.000;1.000;0.000;0.000;
24.03.2026 15:45:00;652.999;1089.624;1336.105;886.969;2.115;2.679;19.691;428.862;0.000;0.000;1.000;0.000;0.000;
24.03.2026 16:00:00;652.992;1146.241;1421.728;940.883;2.122;2.710;19.374;431.643;0.000;0.000;1.000;0.000;0.000;
24.03.2026 16:15:00;652.775;1250.874;1315.720;752.891;2.138;2.703;19.083;432.818;0.000;0.000;1.000;0.000;0.000;
24.03.2026 16:30:00;652.999;1347.626;1519.520;921.783;2.154;2.685;18.683;197.961;0.000;0.000;1.000;0.000;0.000;
24.03.2026 16:45:00;753.249;1398.999;1571.344;871.249;2.160;2.679;18.109;270.926;0.000;0.000;1.000;0.000;0.000;
24.03.2026 17:00:00;902.327;1454.124;1668.540;1208.225;2.159;2.677;17.765;348.118;0.000;0.000;1.000;0.000;0.000;
24.03.2026 17:15:00;902.365;1538.112;1842.625;1195.633;2.156;2.664;17.378;210.463;0.000;0.000;1.000;0.000;0.000;
24.03.2026 17:30:00;1102.555;1620.624;1959.633;1473.704;2.142;2.656;16.784;129.983;0.000;0.000;1.000;0.000;0.000;
24.03.2026 17:45:00;1303.049;1684.749;1941.142;1599.263;2.119;2.648;16.436;71.684;0.000;0.000;1.000;0.000;0.000;
24.03.2026 18:00:00;1402.907;1765.376;2060.826;1645.329;2.095;2.626;16.161;51.638;0.000;0.000;1.000;0.000;0.000;
24.03.2026 18:15:00;1403.155;2028.999;2008.420;1409.322;2.083;2.576;15.605;42.300;0.000;0.000;1.000;0.000;0.000;
24.03.2026 18:30:00;1403.141;2058.248;2119.980;1396.356;2.071;2.556;15.021;22.064;0.000;0.000;1.000;0.000;0.000;
24.03.2026 18:45:00;1402.826;2104.373;2147.941;1472.534;2.057;2.556;14.491;4.261;0.000;0.000;1.000;0.000;0.000;
24.03.2026 19:00:00;1403.317;2144.498;2235.946;1568.953;2.039;2.569;13.895;1.013;0.000;0.000;1.000;0.000;0.000;
24.03.2026 19:15:00;1403.130;2155.373;2181.054;1503.279;2.018;2.569;13.398;0.450;0.000;0.000;1.000;0.000;0.000;
24.03.2026 19:30:00;1403.036;2144.481;2085.807;1339.653;2.003;2.541;12.695;0.450;0.000;0.000;1.000;0.000;0.000;
24.03.2026 19:45:00;1403.169;2138.873;2099.256;1370.549;1.992;2.513;12.184;0.450;0.000;0.000;1.000;0.000;0.000;
24.03.2026 20:00:00;1403.404;2133.203;1934.831;1299.690;1.980;2.496;11.871;0.450;0.000;0.000;1.000;0.000;0.000;
24.03.2026 20:15:00;1402.949;2127.998;2022.286;1382.496;1.969;2.493;11.672;0.450;0.000;0.000;1.000;0.000;0.000;
24.03.2026 20:30:00;1403.038;2080.518;2026.841;1419.651;1.954;2.500;11.467;0.445;0.000;0.000;1.000;0.000;0.000;
24.03.2026 20:45:00;1403.241;2052.998;1928.745;1328.082;1.942;2.487;11.304;0.450;0.000;0.000;1.000;0.000;0.000;
24.03.2026 21:00:00;1403.251;2019.165;1983.076;1398.568;1.930;2.467;11.253;0.409;0.000;0.000;1.000;0.000;0.000;
24.03.2026 21:15:00;1303.380;2019.490;2104.249;1491.906;1.914;2.461;11.151;0.444;0.000;0.000;1.000;0.000;0.000;
24.03.2026 21:30:00;1202.945;2142.623;1912.649;1018.005;1.912;2.422;10.751;0.451;0.000;0.000;1.000;0.000;0.000;
24.03.2026 21:45:00;1102.484;2054.873;1839.031;939.257;1.922;2.389;10.668;0.450;0.000;0.000;1.000;0.000;0.000;
24.03.2026 22:00:00;1002.254;1962.999;1728.528;774.168;1.934;2.384;10.504;0.437;0.000;0.000;1.000;0.000;0.000;
24.03.2026 22:15:00;902.665;1920.999;1890.400;924.273;1.943;2.411;10.499;0.450;0.000;0.000;1.000;0.000;0.000;
24.03.2026 22:30:00;902.570;1904.374;1742.556;771.470;1.956;2.433;10.222;0.452;0.000;0.000;1.000;0.000;0.000;
24.03.2026 22:45:00;902.518;1941.995;1830.363;838.299;1.969;2.456;10.054;0.452;0.000;0.000;1.000;0.000;0.000;
24.03.2026 23:00:00;902.655;1926.629;1735.834;781.774;1.982;2.469;9.495;0.448;0.000;0.000;1.000;0.000;0.000;
24.03.2026 23:15:00;902.839;1913.874;1873.273;931.877;1.993;2.481;9.186;0.453;0.000;0.000;1.000;0.000;0.000;
24.03.2026 23:30:00;902.437;1873.310;1829.478;900.471;2.002;2.488;9.209;0.450;0.000;0.000;1.000;0.000;0.000;
24.03.2026 23:45:00;902.485;1801.433;1706.403;855.847;2.011;2.495;9.562;0.448;0.000;0.000;1.000;0.000;0.000;
25.03.2026 00:00:00;902.714;1754.501;1868.659;1106.830;2.016;2.511;9.426;0.450;0.000;0.000;1.000;0.000;0.000;
25.03.2026 00:15:00;1202.793;1596.999;1767.372;1383.909;1.996;2.559;9.057;0.450;0.000;0.000;1.000;0.000;0.000;
25.03.2026 00:30:00;1202.982;1968.622;2055.618;1367.449;1.987;2.549;8.923;0.450;0.000;0.000;1.000;0.000;0.000;
25.03.2026 00:45:00;1202.625;1812.999;1965.077;1392.168;1.970;2.547;8.966;0.450;0.000;0.000;1.000;0.000;0.000;
25.03.2026 01:00:00;1202.785;1662.999;1771.160;1353.391;1.953;2.542;8.700;0.450;0.000;0.000;1.000;0.000;0.000;
25.03.2026 01:15:00;1202.629;1530.999;1573.344;1314.426;1.940;2.537;8.067;0.450;0.000;0.000;1.000;0.000;0.000;
25.03.2026 01:30:00;1202.904;1437.290;1496.727;1274.803;1.926;2.549;8.183;0.439;0.000;0.000;1.000;0.000;0.000;
25.03.2026 01:45:00;1202.959;1942.981;2049.150;1381.051;1.921;2.560;8.287;0.450;0.000;0.000;1.000;0.000;0.000;
25.03.2026 02:00:00;1203.052;1847.891;1996.713;1462.292;1.897;2.607;8.304;0.450;0.000;0.000;1.000;0.000;0.000;
25.03.2026 02:15:00;1202.999;1759.749;1797.901;1292.237;1.878;2.615;8.019;0.450;0.000;0.000;1.000;0.000;0.000;
25.03.2026 02:30:00;1202.842;1521.621;1569.955;1275.665;1.862;2.609;7.772;0.448;0.000;0.000;1.000;0.000;0.000;
25.03.2026 02:45:00;1202.850;1433.102;1498.291;1325.967;1.853;2.598;7.469;0.449;0.000;0.000;1.000;0.000;0.000;
25.03.2026 03:00:00;1202.862;1388.124;1402.845;1279.682;1.841;2.611;7.399;0.450;0.000;0.000;1.000;0.000;0.000;
25.03.2026 03:15:00;1202.938;1539.999;1452.170;1150.190;1.837;2.617;7.306;0.450;0.000;0.000;1.000;0.000;0.000;
25.03.2026 03:30:00;1202.719;1442.859;1482.691;1309.688;1.828;2.648;7.195;0.450;0.000;0.000;1.000;0.000;0.000;
25.03.2026 03:45:00;1203.274;2054.858;2136.423;1331.293;1.822;2.666;7.206;0.450;0.000;0.000;1.000;0.000;0.000;
25.03.2026 04:00:00;1202.898;1968.624;2065.789;1313.408;1.805;2.690;7.512;0.450;0.000;0.000;1.000;0.000;0.000;
25.03.2026 04:15:00;1202.988;1864.141;1939.021;1314.494;1.793;2.690;6.959;0.450;0.000;0.000;1.000;0.000;0.000;
25.03.2026 04:30:00;1203.168;1772.870;1880.827;1342.818;1.778;2.693;7.248;0.449;0.000;0.000;1.000;0.000;0.000;
25.03.2026 04:45:00;1202.832;1605.800;1655.704;1276.883;1.762;2.696;6.903;0.450;0.000;0.000;1.000;0.000;0.000;
25.03.2026 05:00:00;1203.055;1569.898;1574.235;1286.786;1.749;2.699;6.685;0.450;0.000;0.000;1.000;0.000;0.000;
25.03.2026 05:15:00;1202.966;1598.874;1576.838;1270.387;1.740;2.704;6.354;0.449;0.000;0.000;1.000;0.000;0.000;
25.03.2026 05:30:00;1202.913;1757.874;1712.876;1202.359;1.738;2.709;6.397;0.450;0.000;0.000;1.000;0.000;0.000;
25.03.2026 05:45:00;1203.111;1783.784;1736.858;1277.986;1.729;2.737;6.097;0.451;0.000;0.000;1.000;0.000;0.000;
25.03.2026 06:00:00;1202.934;1884.249;1928.427;1237.319;1.725;2.719;5.978;0.450;0.000;0.000;1.000;0.000;0.000;
25.03.2026 06:15:00;1303.531;1908.249;2059.870;1460.802;1.714;2.687;6.117;1.920;0.000;0.000;1.000;0.000;0.000;
25.03.2026 06:30:00;1403.140;2023.666;1851.678;1292.985;1.705;2.622;6.001;7.599;0.000;0.000;1.000;0.000;0.000;
25.03.2026 06:45:00;1403.442;2047.374;1923.340;1340.111;1.703;2.548;6.132;13.162;0.000;0.000;1.000;0.000;0.000;
25.03.2026 07:00:00;1403.419;2034.624;2150.999;1561.367;1.686;2.526;6.102;19.428;0.000;0.000;1.000;0.000;0.000;
25.03.2026 07:15:00;1403.382;1899.249;1910.858;1483.309;1.663;2.499;6.339;24.867;0.000;0.000;1.000;0.000;0.000;
25.03.2026 07:30:00;1403.224;1925.248;2041.010;1538.180;1.648;2.444;5.929;29.905;0.000;0.000;1.000;0.000;0.000;
25.03.2026 07:45:00;1403.305;2047.374;1879.011;1358.159;1.634;2.388;6.250;35.243;0.000;0.000;1.000;0.000;0.000;
25.03.2026 08:00:00;1403.441;2061.998;1978.919;1422.230;1.626;2.339;6.573;42.857;0.000;0.000;1.000;0.000;0.000;
25.03.2026 08:15:00;1403.252;2184.939;1639.429;1006.038;1.626;2.283;6.567;56.443;0.000;0.000;1.000;0.000;0.000;
25.03.2026 08:30:00;1403.242;2127.983;1588.364;975.108;1.635;2.241;9.351;421.032;0.000;0.000;1.000;0.000;0.000;
25.03.2026 08:45:00;1403.609;2215.748;1469.981;775.244;1.654;2.201;14.051;619.992;0.000;0.000;1.000;0.000;0.000;
25.03.2026 09:00:00;1303.196;2105.873;1375.573;789.845;1.674;2.176;17.025;685.051;0.000;0.000;1.000;0.000;0.000;
25.03.2026 09:15:00;1202.750;1587.358;1449.585;1065.574;1.679;2.178;18.710;538.683;0.000;0.000;1.000;0.000;0.000;
25.03.2026 09:30:00;1102.539;1574.982;1331.306;925.749;1.688;2.137;21.076;798.550;0.000;0.000;1.000;0.000;0.000;
25.03.2026 09:45:00;1102.513;1924.633;1191.003;513.437;1.719;2.042;20.079;768.699;0.000;0.000;1.000;0.000;0.000;
25.03.2026 10:00:00;1102.844;1953.813;1236.009;437.975;1.757;1.975;22.791;940.138;0.000;0.000;1.000;0.000;0.000;
25.03.2026 10:15:00;1102.628;1635.247;1142.490;711.761;1.780;1.966;23.307;825.914;0.000;0.000;1.000;0.000;0.000;
25.03.2026 10:30:00;1102.574;1635.252;1206.966;732.612;1.800;1.958;25.272;730.660;0.000;0.000;1.000;0.000;0.000;
25.03.2026 10:45:00;1102.501;1635.249;829.672;470.409;1.830;1.909;26.451;1011.526;0.000;0.000;1.000;0.000;0.000;
25.03.2026 11:00:00;1102.532;1924.751;1756.222;746.587;1.866;1.875;27.601;333.224;0.000;0.000;1.000;0.000;0.000;
25.03.2026 11:15:00;1102.501;1827.624;1793.764;1123.922;1.866;1.937;23.868;281.378;0.000;0.000;1.000;0.000;0.000;
25.03.2026 11:30:00;1102.583;1917.249;1404.391;928.024;1.866;1.954;21.390;577.466;0.000;0.000;1.000;0.000;0.000;
25.03.2026 11:45:00;1102.510;1532.874;1089.290;673.627;1.878;1.957;22.441;1448.702;0.000;0.000;1.000;0.000;0.000;
25.03.2026 12:00:00;1102.501;1219.386;1832.599;1425.386;1.868;2.032;24.285;377.867;0.000;0.000;1.000;0.000;0.000;
25.03.2026 12:15:00;902.279;956.339;1462.523;1489.721;1.844;2.112;22.500;445.600;0.000;0.000;1.000;0.000;0.000;
25.03.2026 12:30:00;803.249;937.374;1399.197;1319.865;1.822;2.144;21.392;404.796;0.000;0.000;1.000;0.000;0.000;
25.03.2026 12:45:00;803.249;791.124;1389.071;1394.306;1.804;2.156;20.907;358.833;0.000;0.000;1.000;0.000;0.000;
25.03.2026 13:00:00;803.249;791.124;731.483;970.287;1.799;2.159;22.827;1244.571;0.000;0.000;1.000;0.000;0.000;
25.03.2026 13:15:00;803.249;977.816;691.006;574.414;1.823;2.153;25.756;1401.131;0.000;0.000;1.000;0.000;0.000;
25.03.2026 13:30:00;803.249;958.192;1514.232;1262.706;1.830;2.239;24.947;475.686;0.000;0.000;1.000;0.000;0.000;
25.03.2026 13:45:00;803.249;1565.874;1637.605;901.587;1.830;2.326;23.451;462.653;0.000;0.000;1.000;0.000;0.000;
25.03.2026 14:00:00;803.249;1508.523;1523.623;829.707;1.835;2.382;22.089;349.857;0.000;0.000;1.000;0.000;0.000;
25.03.2026 14:15:00;803.249;1705.228;1569.376;711.425;1.858;2.397;21.299;291.007;0.000;0.000;1.000;0.000;0.000;
25.03.2026 14:30:00;803.249;1728.131;1734.455;831.971;1.874;2.437;20.378;194.865;0.000;0.000;1.000;0.000;0.000;
25.03.2026 14:45:00;853.249;1803.999;1776.824;882.467;1.883;2.496;19.299;128.353;0.000;0.000;1.000;0.000;0.000;
25.03.2026 15:00:00;853.249;1831.187;1901.135;985.341;1.889;2.545;17.947;60.927;0.000;0.000;1.000;0.000;0.000;
25.03.2026 15:15:00;803.249;1734.249;1899.379;1022.359;1.889;2.597;15.952;108.105;0.000;0.000;1.000;0.000;0.000;
25.03.2026 15:30:00;803.249;1591.076;2121.117;1165.216;1.879;2.641;14.598;24.637;0.200;0.000;0.000;1.000;0.000;
25.03.2026 15:45:00;0.000;0.000;0.000;1192.304;1.874;2.670;12.792;13.720;1.000;0.000;0.000;1.000;0.000;
25.03.2026 16:00:00;0.000;0.000;0.000;1207.606;1.869;2.704;11.554;14.813;2.400;0.000;1.000;1.000;0.000;
25.03.2026 16:15:00;0.000;0.000;0.000;1111.907;1.869;2.723;10.678;35.275;3.000;0.000;1.000;0.000;0.000;
25.03.2026 16:30:00;0.000;0.000;0.000;1083.899;1.880;2.718;9.901;42.439;3.200;0.000;1.000;0.000;0.000;
25.03.2026 16:45:00;0.000;0.000;0.000;1257.728;1.883;2.683;9.598;24.114;3.200;0.000;1.000;0.000;0.000;
25.03.2026 17:00:00;0.000;0.000;0.000;1164.668;1.881;2.651;9.615;53.851;3.200;0.000;1.000;0.000;0.000;
25.03.2026 17:15:00;0.000;0.000;0.000;1331.270;1.878;2.632;9.540;17.550;3.400;0.000;1.000;0.000;0.000;
25.03.2026 17:30:00;0.000;0.000;0.000;1576.089;1.863;2.636;9.029;8.775;3.600;0.000;1.000;0.000;0.000;
25.03.2026 17:45:00;0.000;0.000;0.000;1640.316;1.841;2.640;9.122;13.725;3.800;0.000;1.000;0.000;0.000;
25.03.2026 18:00:00;0.000;0.000;0.000;1651.714;1.821;2.621;8.978;6.598;4.000;0.000;1.000;0.000;0.000;
25.03.2026 18:15:00;0.000;0.000;0.000;1574.457;1.801;2.600;8.847;3.824;4.400;0.000;1.000;0.000;0.000;
25.03.2026 18:30:00;0.000;0.000;0.000;1658.597;1.781;2.581;8.677;1.753;4.800;0.000;1.000;0.000;0.000;
25.03.2026 18:45:00;0.000;0.000;0.000;1411.307;1.768;2.549;8.586;0.588;5.200;0.000;1.000;0.000;0.000;
25.03.2026 19:00:00;0.000;0.000;0.000;1365.526;1.761;2.532;8.397;0.450;5.600;0.000;1.000;0.000;0.000;
25.03.2026 19:15:00;0.000;0.000;0.000;1573.665;1.747;2.560;8.398;0.491;5.600;0.000;1.000;0.000;0.000;
25.03.2026 19:30:00;0.000;0.000;0.000;1461.392;1.733;2.544;8.244;0.450;6.000;0.000;1.000;0.000;0.000;
25.03.2026 19:45:00;0.000;0.000;0.000;1545.893;1.716;2.526;7.797;0.450;6.000;0.000;1.000;0.000;0.000;
25.03.2026 20:00:00;0.000;0.000;0.000;1555.616;1.703;2.504;7.775;0.450;6.000;0.000;1.000;0.000;0.000;
25.03.2026 20:15:00;0.000;0.000;0.000;1545.066;1.680;2.501;7.714;0.450;6.000;0.000;1.000;0.000;0.000;
25.03.2026 20:30:00;0.000;0.000;0.000;1530.580;1.660;2.491;7.829;0.450;6.000;0.000;1.000;0.000;0.000;
25.03.2026 20:45:00;0.000;0.000;0.000;1616.236;1.636;2.482;7.795;0.450;6.000;0.000;1.000;0.000;0.000;
25.03.2026 21:00:00;0.000;0.000;0.000;1600.252;1.613;2.465;7.658;0.450;6.000;0.000;1.000;0.000;0.000;
25.03.2026 21:15:00;0.000;0.000;0.000;1531.918;1.594;2.446;7.204;0.487;6.000;0.000;1.000;0.000;0.000;
25.03.2026 21:30:00;0.000;0.000;0.000;1435.042;1.577;2.430;7.027;0.450;6.200;0.000;1.000;0.000;0.000;
25.03.2026 21:45:00;0.000;0.000;0.000;1454.019;1.561;2.426;6.681;0.499;6.400;0.000;1.000;0.000;0.000;
25.03.2026 22:00:00;0.000;0.000;0.000;1369.303;1.548;2.420;6.616;0.485;6.400;0.000;0.000;1.000;0.000;
25.03.2026 22:15:00;0.000;0.000;0.000;1165.980;1.547;2.404;6.406;0.576;6.400;0.000;0.000;1.000;0.000;
25.03.2026 22:30:00;0.000;0.000;0.000;1061.295;1.552;2.405;6.131;0.721;6.400;0.000;0.000;0.000;1.000;
25.03.2026 22:45:00;0.000;0.000;0.000;973.821;1.561;2.423;6.328;0.516;6.600;0.000;0.000;0.000;1.000;
25.03.2026 23:00:00;0.000;0.000;0.000;930.789;1.572;2.448;6.387;0.573;6.800;0.000;0.000;0.000;1.000;
25.03.2026 23:15:00;0.000;0.000;0.000;914.102;1.583;2.468;6.308;0.532;6.800;0.000;0.000;0.000;1.000;
25.03.2026 23:30:00;0.000;0.000;0.000;902.381;1.594;2.482;6.007;0.482;6.800;0.000;0.000;0.000;1.000;
25.03.2026 23:45:00;0.000;0.000;0.000;900.335;1.605;2.495;6.184;0.481;6.800;0.000;0.000;0.000;1.000;
26.03.2026 00:00:00;0.000;0.000;0.000;940.222;1.616;2.523;6.389;0.470;6.800;0.000;0.000;0.000;1.000;
26.03.2026 00:15:00;0.000;0.000;0.000;726.807;1.634;2.497;6.301;0.459;0.200;0.000;0.000;0.000;1.000;
26.03.2026 00:30:00;0.000;0.000;0.000;658.705;1.659;2.487;6.315;0.480;0.200;0.000;0.000;0.000;1.000;
26.03.2026 00:45:00;0.000;0.000;0.000;640.358;1.685;2.509;5.986;0.478;0.400;0.000;0.000;0.000;1.000;
26.03.2026 01:00:00;0.000;0.000;0.000;650.882;1.709;2.544;5.934;0.574;0.400;0.000;0.000;0.000;1.000;
26.03.2026 01:15:00;0.000;0.000;0.000;666.533;1.732;2.569;6.060;0.523;0.400;0.000;0.000;0.000;1.000;
26.03.2026 01:30:00;0.000;0.000;0.000;672.731;1.756;2.579;5.981;0.635;0.400;0.000;0.000;0.000;1.000;
26.03.2026 01:45:00;0.000;0.000;0.000;675.908;1.780;2.583;5.800;0.671;0.400;0.000;0.000;0.000;1.000;
26.03.2026 02:00:00;0.000;0.000;0.000;661.284;1.804;2.581;5.889;0.479;0.400;0.000;0.000;0.000;1.000;
26.03.2026 02:15:00;0.000;0.000;0.000;640.405;1.828;2.587;5.728;0.529;0.600;0.000;0.000;0.000;1.000;
26.03.2026 02:30:00;0.000;0.000;0.000;623.947;1.852;2.599;5.574;0.859;0.600;0.000;0.000;0.000;1.000;
26.03.2026 02:45:00;0.000;0.000;0.000;606.825;1.877;2.609;5.511;0.656;0.600;0.000;0.000;0.000;1.000;
26.03.2026 03:00:00;0.000;0.000;0.000;602.642;1.901;2.621;5.483;0.738;0.600;0.000;0.000;0.000;1.000;
26.03.2026 03:15:00;0.000;0.000;0.000;609.419;1.926;2.635;5.403;0.709;0.600;0.000;0.000;0.000;1.000;
26.03.2026 03:30:00;0.000;0.000;0.000;606.514;1.950;2.645;5.370;0.500;0.800;0.000;0.000;0.000;1.000;
26.03.2026 03:45:00;0.000;0.000;0.000;595.296;1.973;2.656;5.221;0.482;0.800;0.000;0.000;0.000;1.000;
26.03.2026 04:00:00;0.000;0.000;0.000;587.344;1.998;2.668;5.401;0.642;0.800;0.000;0.000;0.000;1.000;
26.03.2026 04:15:00;0.000;0.000;0.000;793.128;2.014;2.696;5.192;0.533;0.800;0.000;0.000;0.000;1.000;
26.03.2026 04:30:00;0.000;0.000;0.000;830.762;2.026;2.707;5.209;0.553;0.800;0.000;0.000;0.000;1.000;
26.03.2026 04:45:00;0.000;0.000;0.000;852.005;2.038;2.712;5.294;0.468;0.800;0.000;0.000;0.000;1.000;
26.03.2026 05:00:00;0.000;0.000;0.000;854.846;2.050;2.711;5.312;0.575;0.800;0.000;0.000;0.000;1.000;
26.03.2026 05:15:00;0.000;0.000;0.000;838.812;2.062;2.712;5.128;0.703;0.800;0.000;0.000;0.000;1.000;
26.03.2026 05:30:00;0.000;0.000;0.000;815.110;2.074;2.721;4.966;0.514;0.800;0.000;0.000;0.000;1.000;
26.03.2026 05:45:00;0.000;0.000;0.000;817.460;2.087;2.733;5.014;0.465;0.800;0.000;0.000;0.000;1.000;
26.03.2026 06:00:00;0.000;0.000;0.000;1268.260;2.093;2.725;4.927;0.606;0.800;0.000;1.000;0.000;0.000;
26.03.2026 06:15:00;0.000;0.000;0.000;1311.929;2.075;2.717;5.061;0.493;0.800;0.000;1.000;0.000;0.000;
26.03.2026 06:30:00;0.000;0.000;0.000;1389.832;2.059;2.666;4.943;0.739;0.800;0.000;1.000;0.000;0.000;
26.03.2026 06:45:00;0.000;0.000;0.000;1342.687;2.048;2.584;4.832;1.336;0.800;0.000;1.000;0.000;0.000;
26.03.2026 07:00:00;0.000;0.000;0.000;1446.590;2.037;2.515;4.802;3.826;1.000;0.000;1.000;0.000;0.000;
26.03.2026 07:15:00;0.000;0.000;0.000;1319.069;2.023;2.461;4.620;7.478;1.000;0.000;1.000;0.000;0.000;
26.03.2026 07:30:00;0.000;0.000;0.000;1321.594;2.005;2.432;4.589;7.579;1.000;0.000;1.000;0.000;0.000;
26.03.2026 07:45:00;0.000;0.000;0.000;1599.264;1.984;2.417;4.835;12.500;1.000;0.000;1.000;0.000;0.000;
26.03.2026 08:00:00;0.000;0.000;0.000;1743.940;1.954;2.443;4.801;11.710;1.000;0.000;1.000;0.000;0.000;
26.03.2026 08:15:00;0.000;0.000;0.000;1539.918;1.931;2.373;4.641;15.758;1.000;0.000;1.000;0.000;0.000;
26.03.2026 08:30:00;0.000;0.000;0.000;1499.183;1.915;2.259;4.691;28.252;1.000;0.000;1.000;0.000;0.000;
26.03.2026 08:45:00;0.000;0.000;0.000;1513.334;1.895;2.173;4.895;34.463;1.000;0.000;1.000;0.000;0.000;
26.03.2026 09:00:00;0.000;0.000;0.000;1473.976;1.870;2.135;5.015;31.717;1.000;0.000;1.000;0.000;0.000;
26.03.2026 09:15:00;0.000;0.000;0.000;1536.465;1.844;2.118;4.978;32.726;1.000;0.000;1.000;0.000;0.000;
26.03.2026 09:30:00;0.000;0.000;0.000;1605.262;1.813;2.119;4.884;53.416;1.000;0.000;1.000;0.000;0.000;
26.03.2026 09:45:00;0.000;0.000;0.000;1503.742;1.786;2.087;4.819;54.690;1.000;0.000;1.000;0.000;0.000;
26.03.2026 10:00:00;0.000;0.000;0.000;1529.183;1.764;2.031;5.196;58.388;1.000;0.000;1.000;0.000;0.000;
26.03.2026 10:15:00;0.000;0.000;0.000;1638.388;1.739;1.986;5.390;69.062;1.200;0.000;1.000;0.000;0.000;
26.03.2026 10:30:00;0.000;0.000;0.000;1649.647;1.710;1.949;5.469;74.572;1.200;0.000;1.000;0.000;0.000;
26.03.2026 10:45:00;0.000;0.000;0.000;1634.073;1.682;1.906;5.685;69.632;1.200;0.000;1.000;0.000;0.000;
26.03.2026 11:00:00;0.000;0.000;0.000;1614.171;1.655;1.879;5.615;58.610;1.200;0.000;1.000;0.000;0.000;
26.03.2026 11:15:00;0.000;0.000;0.000;1583.172;1.626;1.878;5.976;104.393;1.200;0.000;1.000;0.000;0.000;
26.03.2026 11:30:00;0.000;0.000;0.000;1523.700;1.597;1.910;5.798;120.518;1.200;0.000;1.000;0.000;0.000;
26.03.2026 11:45:00;0.000;0.000;0.000;1630.850;1.567;1.958;6.300;251.599;1.200;0.000;1.000;0.000;0.000;
26.03.2026 12:00:00;0.000;0.000;0.000;1652.615;1.537;1.931;6.811;225.209;1.200;0.000;1.000;0.000;0.000;
26.03.2026 12:15:00;0.000;0.000;0.000;1549.132;1.512;1.892;6.854;348.038;1.200;0.000;1.000;0.000;0.000;
26.03.2026 12:30:00;0.000;0.000;0.000;1365.436;1.498;1.860;8.717;446.043;1.200;0.000;1.000;0.000;0.000;
26.03.2026 12:45:00;0.000;0.000;0.000;1417.979;1.484;1.863;9.356;465.326;1.200;0.000;1.000;0.000;0.000;
26.03.2026 13:00:00;0.000;0.000;0.000;1525.733;1.462;1.898;8.576;173.840;1.200;0.000;1.000;0.000;0.000;
26.03.2026 13:15:00;0.000;0.000;0.000;830.250;1.471;1.874;7.826;238.169;1.200;0.000;1.000;0.000;0.000;
26.03.2026 13:30:00;0.000;0.000;0.000;612.789;1.498;1.885;7.970;340.666;1.200;0.000;1.000;0.000;0.000;
26.03.2026 13:45:00;0.000;0.000;0.000;552.673;1.528;1.944;8.736;415.517;1.200;0.000;1.000;0.000;0.000;
26.03.2026 14:00:00;0.000;0.000;0.000;535.770;1.558;2.026;9.000;329.832;1.400;0.000;1.000;0.000;0.000;
26.03.2026 14:15:00;0.000;0.000;0.000;544.805;1.590;2.108;8.504;471.862;1.400;0.000;1.000;0.000;0.000;
26.03.2026 14:30:00;0.000;0.000;0.000;572.284;1.621;2.177;8.718;357.797;1.400;0.000;1.000;0.000;0.000;
26.03.2026 14:45:00;0.000;0.000;0.000;601.118;1.654;2.226;8.404;190.722;1.400;0.000;1.000;0.000;0.000;
26.03.2026 15:00:00;0.000;0.000;0.000;638.496;1.686;2.286;7.028;48.738;1.400;0.000;1.000;0.000;0.000;
26.03.2026 15:15:00;0.000;0.000;0.000;641.712;1.717;2.308;6.189;142.199;1.600;0.000;1.000;0.000;0.000;
26.03.2026 15:30:00;0.000;0.000;0.000;613.142;1.747;2.337;6.896;281.849;1.600;0.000;1.000;0.000;0.000;
26.03.2026 15:45:00;0.000;0.000;0.000;716.692;1.775;2.385;7.754;223.036;1.600;0.000;0.000;1.000;0.000;
26.03.2026 16:00:00;0.000;0.000;0.000;1379.301;1.774;2.492;7.448;260.805;1.600;0.000;0.000;1.000;0.000;
26.03.2026 16:15:00;0.000;0.000;0.000;1369.463;1.757;2.544;7.124;257.366;1.600;0.000;0.000;1.000;0.000;
26.03.2026 16:30:00;0.000;0.000;0.000;1424.039;1.748;2.524;7.100;203.099;1.600;0.000;0.000;0.000;1.000;
26.03.2026 16:45:00;0.000;0.000;0.000;1475.221;1.739;2.485;6.477;65.027;1.600;0.000;0.000;0.000;1.000;
26.03.2026 17:00:00;0.000;0.000;0.000;1510.820;1.728;2.449;6.040;171.018;1.600;0.000;0.000;0.000;1.000;
26.03.2026 17:15:00;0.000;0.000;0.000;1111.896;1.726;2.403;6.091;132.305;1.600;0.000;1.000;0.000;0.000;
26.03.2026 17:30:00;0.000;0.000;0.000;1115.930;1.733;2.388;6.152;253.638;1.600;0.000;1.000;0.000;0.000;
26.03.2026 17:45:00;0.000;0.000;0.000;1099.201;1.740;2.398;6.141;25.126;1.600;0.000;1.000;0.000;0.000;
26.03.2026 18:00:00;0.000;0.000;0.000;1038.458;1.746;2.424;5.494;6.424;1.600;0.000;1.000;0.000;0.000;
26.03.2026 18:15:00;0.000;0.000;0.000;1207.734;1.750;2.454;4.984;4.398;1.600;0.000;1.000;0.000;0.000;
26.03.2026 18:30:00;0.000;0.000;0.000;1216.601;1.753;2.462;4.938;6.323;1.600;0.000;1.000;0.000;0.000;
26.03.2026 18:45:00;0.000;0.000;0.000;1256.213;1.752;2.459;4.758;3.260;1.800;0.000;1.000;0.000;0.000;
26.03.2026 19:00:00;0.000;0.000;0.000;1140.096;1.750;2.440;4.592;0.671;1.800;0.000;1.000;0.000;0.000;
26.03.2026 19:15:00;0.000;0.000;0.000;1338.442;1.745;2.430;4.471;0.778;1.800;0.000;1.000;0.000;0.000;
26.03.2026 19:30:00;0.000;0.000;0.000;1338.117;1.732;2.435;4.290;0.708;1.800;0.000;1.000;0.000;0.000;
26.03.2026 19:45:00;0.000;0.000;0.000;1329.837;1.720;2.432;4.208;0.708;1.800;0.000;1.000;0.000;0.000;
26.03.2026 20:00:00;0.000;0.000;0.000;1307.484;1.701;2.441;4.200;0.846;1.800;0.000;1.000;0.000;0.000;
26.03.2026 20:15:00;0.000;0.000;0.000;1491.341;1.689;2.432;4.032;0.728;1.800;0.000;1.000;0.000;0.000;
26.03.2026 20:30:00;0.000;0.000;0.000;1461.671;1.667;2.438;4.058;0.516;1.800;0.000;1.000;0.000;0.000;
26.03.2026 20:45:00;0.000;0.000;0.000;1497.707;1.652;2.426;4.200;0.930;1.800;0.000;1.000;0.000;0.000;
26.03.2026 21:00:00;0.000;0.000;0.000;1458.713;1.631;2.430;4.272;0.736;1.800;0.000;1.000;0.000;0.000;
26.03.2026 21:15:00;0.000;0.000;0.000;1499.386;1.618;2.430;4.164;0.538;1.800;0.000;1.000;0.000;0.000;
26.03.2026 21:30:00;0.000;0.000;0.000;1108.119;1.625;2.373;4.000;0.687;1.800;0.000;0.000;0.000;1.000;
26.03.2026 21:45:00;0.000;0.000;0.000;1451.411;1.616;2.393;3.913;0.518;1.800;0.000;0.000;0.000;1.000;
26.03.2026 22:00:00;0.000;0.000;0.000;1538.413;1.592;2.439;4.007;0.548;1.800;0.000;0.000;0.000;1.000;
26.03.2026 22:15:00;0.000;0.000;0.000;1416.386;1.572;2.452;4.182;0.792;1.800;0.000;0.000;0.000;1.000;
26.03.2026 22:30:00;0.000;0.000;0.000;1299.155;1.561;2.436;3.978;0.635;1.800;0.000;0.000;0.000;1.000;
26.03.2026 22:45:00;0.000;0.000;0.000;1127.299;1.559;2.421;4.012;0.831;1.800;0.000;0.000;0.000;1.000;
26.03.2026 23:00:00;0.000;0.000;0.000;1002.028;1.564;2.424;4.132;0.655;1.800;0.000;0.000;0.000;1.000;
26.03.2026 23:15:00;0.000;0.000;0.000;941.246;1.572;2.445;3.906;0.641;1.800;0.000;0.000;0.000;1.000;
26.03.2026 23:30:00;0.000;0.000;0.000;949.462;1.580;2.475;3.750;0.825;1.800;0.000;0.000;0.000;1.000;
26.03.2026 23:45:00;0.000;0.000;0.000;998.254;1.586;2.504;3.609;0.755;1.800;0.000;0.000;0.000;1.000;
27.03.2026 00:00:00;0.000;0.000;0.000;1040.617;1.591;2.521;3.790;0.532;1.800;0.000;0.000;0.000;1.000;
27.03.2026 00:15:00;0.000;0.000;0.000;730.313;1.606;2.504;3.700;0.529;0.000;0.000;0.000;0.000;1.000;
27.03.2026 00:30:00;0.000;0.000;0.000;654.524;1.632;2.489;3.896;0.912;0.000;0.000;0.000;0.000;1.000;
27.03.2026 00:45:00;0.000;0.000;0.000;615.582;1.658;2.510;3.674;0.498;0.200;0.000;0.000;0.000;1.000;
27.03.2026 01:00:00;0.000;0.000;0.000;603.217;1.684;2.538;3.609;0.605;0.200;0.000;0.000;0.000;1.000;
27.03.2026 01:15:00;0.000;0.000;0.000;612.989;1.711;2.563;3.685;0.790;0.200;0.000;0.000;0.000;1.000;
27.03.2026 01:30:00;0.000;0.000;0.000;624.901;1.737;2.573;3.523;0.848;0.200;0.000;0.000;0.000;1.000;
27.03.2026 01:45:00;0.000;0.000;0.000;641.068;1.764;2.581;3.599;0.929;0.200;0.000;0.000;0.000;1.000;
27.03.2026 02:00:00;0.000;0.000;0.000;613.991;1.787;2.585;3.839;0.729;0.200;0.000;0.000;0.000;1.000;
27.03.2026 02:15:00;0.000;0.000;0.000;563.990;1.812;2.586;3.706;0.630;0.200;0.000;0.000;0.000;1.000;
27.03.2026 02:30:00;0.000;0.000;0.000;525.738;1.839;2.594;3.712;0.870;0.200;0.000;0.000;0.000;1.000;
27.03.2026 02:45:00;0.000;0.000;0.000;521.922;1.867;2.609;3.813;0.764;0.200;0.000;0.000;0.000;1.000;
27.03.2026 03:00:00;0.000;0.000;0.000;535.194;1.894;2.626;3.900;0.554;0.200;0.000;0.000;0.000;1.000;
27.03.2026 03:15:00;0.000;0.000;0.000;573.972;1.922;2.645;3.815;0.636;0.200;0.000;0.000;0.000;1.000;
27.03.2026 03:30:00;0.000;0.000;0.000;589.485;1.947;2.656;3.609;0.487;0.200;0.000;0.000;0.000;1.000;
27.03.2026 03:45:00;0.000;0.000;0.000;580.589;1.971;2.661;3.569;0.826;0.200;0.000;0.000;0.000;1.000;
27.03.2026 04:00:00;0.000;0.000;0.000;563.831;1.997;2.664;3.580;0.551;0.200;0.000;0.000;0.000;1.000;
27.03.2026 04:15:00;0.000;0.000;0.000;772.793;2.013;2.687;3.600;0.815;0.200;0.000;0.000;0.000;1.000;
27.03.2026 04:30:00;0.000;0.000;0.000;820.092;2.026;2.705;3.600;0.541;0.200;0.000;0.000;0.000;1.000;
27.03.2026 04:45:00;0.000;0.000;0.000;846.967;2.038;2.713;3.517;0.565;0.200;0.000;0.000;0.000;1.000;
27.03.2026 05:00:00;0.000;0.000;0.000;840.592;2.049;2.713;3.596;0.553;0.200;0.000;0.000;0.000;1.000;
27.03.2026 05:15:00;0.000;0.000;0.000;804.174;2.060;2.713;3.568;0.849;0.200;0.000;0.000;0.000;1.000;
27.03.2026 05:30:00;0.000;0.000;0.000;747.068;2.071;2.717;3.325;0.768;0.200;0.000;0.000;0.000;1.000;
27.03.2026 05:45:00;0.000;0.000;0.000;731.708;2.085;2.726;3.300;0.895;0.200;0.000;0.000;0.000;1.000;
27.03.2026 06:00:00;0.000;0.000;0.000;1331.517;2.090;2.730;3.346;0.830;0.200;0.000;1.000;0.000;0.000;
27.03.2026 06:15:00;0.000;0.000;0.000;1453.535;2.069;2.735;3.268;2.107;0.200;0.000;1.000;0.000;0.000;
27.03.2026 06:30:00;0.000;0.000;0.000;1450.822;2.053;2.696;3.134;4.919;0.200;0.000;1.000;0.000;0.000;
27.03.2026 06:45:00;0.000;0.000;0.000;1368.769;2.045;2.634;3.278;8.804;0.200;0.000;1.000;0.000;0.000;
27.03.2026 07:00:00;0.000;0.000;0.000;1521.951;2.027;2.606;3.386;17.848;0.200;0.000;1.000;0.000;0.000;
27.03.2026 07:15:00;0.000;0.000;0.000;1351.319;2.014;2.572;3.390;24.692;0.200;0.000;1.000;0.000;0.000;
27.03.2026 07:30:00;0.000;0.000;0.000;1350.161;2.003;2.546;3.606;63.351;0.200;0.000;1.000;0.000;0.000;
27.03.2026 07:45:00;0.000;0.000;0.000;1382.554;1.989;2.533;4.006;98.582;0.200;0.000;1.000;0.000;0.000;
27.03.2026 08:00:00;0.000;0.000;0.000;1556.489;1.972;2.526;4.291;81.253;0.200;0.000;1.000;0.000;0.000;
27.03.2026 08:15:00;0.000;0.000;0.000;1422.254;1.953;2.504;4.553;103.182;0.200;0.000;1.000;0.000;0.000;
27.03.2026 08:30:00;0.000;0.000;0.000;1506.022;1.936;2.473;4.731;122.070;0.200;0.000;1.000;0.000;0.000;
27.03.2026 08:45:00;0.000;0.000;0.000;1598.110;1.919;2.439;4.968;139.162;0.200;0.000;1.000;0.000;0.000;
27.03.2026 09:00:00;0.000;0.000;0.000;1341.922;1.900;2.409;5.090;154.274;0.200;0.000;1.000;0.000;0.000;
27.03.2026 09:15:00;0.000;0.000;0.000;1480.230;1.891;2.373;5.267;221.027;0.200;0.000;1.000;0.000;0.000;
27.03.2026 09:30:00;0.000;0.000;0.000;1453.565;1.877;2.357;6.092;335.945;0.200;0.000;1.000;0.000;0.000;
27.03.2026 09:45:00;0.000;0.000;0.000;1435.346;1.864;2.345;7.210;381.777;0.200;0.000;1.000;0.000;0.000;
27.03.2026 10:00:00;0.000;0.000;0.000;1287.939;1.856;2.326;8.001;471.735;0.200;0.000;1.000;0.000;0.000;
27.03.2026 10:15:00;0.000;0.000;0.000;1443.027;1.854;2.302;9.295;563.838;0.200;0.000;1.000;0.000;0.000;
27.03.2026 10:30:00;0.000;0.000;0.000;1462.647;1.843;2.271;9.920;398.287;0.200;0.000;1.000;0.000;0.000;
27.03.2026 10:45:00;0.000;0.000;0.000;1237.927;1.837;2.229;10.338;423.016;0.200;0.000;1.000;0.000;0.000;
27.03.2026 11:00:00;0.000;0.000;0.000;1206.102;1.838;2.196;9.827;423.005;0.200;0.000;1.000;0.000;0.000;
27.03.2026 11:15:00;0.000;0.000;0.000;1228.929;1.836;2.184;11.216;415.800;0.200;0.000;1.000;0.000;0.000;
27.03.2026 11:30:00;0.000;0.000;0.000;1335.336;1.830;2.182;11.353;999.972;0.200;0.000;1.000;0.000;0.000;
27.03.2026 11:45:00;0.000;0.000;0.000;1491.726;1.820;2.172;12.089;724.726;0.400;0.000;1.000;0.000;0.000;
27.03.2026 12:00:00;0.000;0.000;0.000;1435.086;1.807;2.151;12.870;638.008;0.400;0.000;1.000;0.000;0.000;
27.03.2026 12:15:00;0.000;0.000;0.000;1170.596;1.807;2.090;11.800;824.433;0.600;0.000;1.000;0.000;0.000;
27.03.2026 12:30:00;0.000;0.000;0.000;1204.927;1.806;2.051;12.704;1331.775;0.600;0.000;1.000;0.000;0.000;
27.03.2026 12:45:00;0.000;0.000;0.000;1186.180;1.807;2.028;12.701;496.485;1.000;0.000;1.000;0.000;0.000;
27.03.2026 13:00:00;0.000;0.000;0.000;1253.677;1.804;2.022;12.555;622.462;1.200;0.000;1.000;0.000;0.000;
27.03.2026 13:15:00;0.000;0.000;0.000;1399.589;1.800;2.019;12.398;944.313;1.600;0.000;1.000;0.000;0.000;
27.03.2026 13:30:00;0.000;0.000;0.000;1332.782;1.792;2.015;10.791;481.151;1.800;0.000;1.000;0.000;0.000;
27.03.2026 13:45:00;0.000;0.000;0.000;1357.001;1.785;2.010;10.332;582.523;2.200;0.000;1.000;0.000;0.000;
27.03.2026 14:00:00;0.000;0.000;0.000;1223.526;1.782;2.001;10.535;487.083;2.600;0.000;1.000;0.000;0.000;
27.03.2026 14:15:00;0.000;0.000;0.000;1134.259;1.779;2.023;10.112;396.849;3.000;0.000;1.000;0.000;0.000;
27.03.2026 14:30:00;0.000;0.000;0.000;1299.897;1.771;2.094;9.771;402.269;3.200;0.000;1.000;0.000;0.000;
27.03.2026 14:45:00;0.000;0.000;0.000;1146.898;1.758;2.175;9.734;366.845;3.400;0.000;1.000;0.000;0.000;
27.03.2026 15:00:00;0.000;0.000;0.000;1049.925;1.757;2.225;8.731;315.236;3.800;0.000;1.000;0.000;0.000;
27.03.2026 15:15:00;0.000;0.000;0.000;1132.661;1.756;2.280;9.201;337.973;4.000;0.000;1.000;0.000;0.000;
27.03.2026 15:30:00;0.000;0.000;0.000;947.610;1.760;2.329;9.766;366.903;4.200;0.000;1.000;0.000;0.000;
27.03.2026 15:45:00;0.000;0.000;0.000;1137.196;1.758;2.393;9.420;349.651;4.600;0.000;1.000;0.000;0.000;
27.03.2026 16:00:00;0.000;0.000;0.000;959.902;1.766;2.440;9.000;324.511;4.600;0.000;1.000;0.000;0.000;
27.03.2026 16:15:00;0.000;0.000;0.000;740.325;1.785;2.437;8.653;270.426;5.000;0.000;1.000;0.000;0.000;
27.03.2026 16:30:00;0.000;0.000;0.000;871.065;1.805;2.415;8.323;234.506;5.200;0.000;1.000;0.000;0.000;
27.03.2026 16:45:00;0.000;0.000;0.000;785.162;1.824;2.382;8.218;202.453;5.400;0.000;1.000;0.000;0.000;
27.03.2026 17:00:00;0.000;0.000;0.000;846.262;1.844;2.343;8.126;164.937;5.600;0.000;1.000;0.000;0.000;
27.03.2026 17:15:00;0.000;0.000;0.000;884.872;1.864;2.304;8.010;140.764;5.800;0.000;1.000;0.000;0.000;
27.03.2026 17:30:00;0.000;0.000;0.000;863.506;1.875;2.287;7.723;92.809;5.800;0.000;1.000;0.000;0.000;
27.03.2026 17:45:00;0.000;0.000;0.000;914.199;1.885;2.264;7.222;72.558;6.000;0.000;1.000;0.000;0.000;
27.03.2026 18:00:00;0.000;0.000;0.000;992.227;1.901;2.226;6.457;42.139;6.200;0.000;1.000;0.000;0.000;
27.03.2026 18:15:00;0.000;0.000;0.000;1009.771;1.910;2.204;5.787;31.770;6.200;0.000;1.000;0.000;0.000;
27.03.2026 18:30:00;0.000;0.000;0.000;967.192;1.920;2.172;5.517;19.266;6.200;0.000;1.000;0.000;0.000;
27.03.2026 18:45:00;0.000;0.000;0.000;979.811;1.931;2.141;5.405;7.576;6.200;0.000;1.000;0.000;0.000;
27.03.2026 19:00:00;0.000;0.000;0.000;1106.553;1.938;2.122;4.992;1.712;6.200;0.000;1.000;0.000;0.000;
27.03.2026 19:15:00;0.000;0.000;0.000;1126.728;1.941;2.101;4.809;0.492;6.200;0.000;1.000;0.000;0.000;
27.03.2026 19:30:00;0.000;0.000;0.000;1071.872;1.944;2.067;4.776;0.507;6.200;0.000;1.000;0.000;0.000;
27.03.2026 19:45:00;0.000;0.000;0.000;946.429;1.953;2.021;4.799;0.475;6.200;0.000;1.000;0.000;0.000;
27.03.2026 20:00:00;0.000;0.000;0.000;1014.558;1.960;1.993;4.617;0.551;6.400;0.000;1.000;0.000;0.000;
27.03.2026 20:15:00;0.000;0.000;0.000;1255.451;1.957;1.990;4.532;0.570;6.400;0.000;1.000;0.000;0.000;
27.03.2026 20:30:00;0.000;0.000;0.000;1251.469;1.949;1.971;4.257;0.946;6.400;0.000;1.000;0.000;0.000;
27.03.2026 20:45:00;0.000;0.000;0.000;1221.853;1.944;1.931;3.998;0.643;6.400;0.000;1.000;0.000;0.000;
27.03.2026 21:00:00;0.000;0.000;0.000;1342.829;1.935;1.900;3.821;0.797;6.400;0.000;1.000;0.000;0.000;
27.03.2026 21:15:00;0.000;0.000;0.000;1381.685;1.926;1.863;3.588;0.708;6.400;0.000;1.000;0.000;0.000;
27.03.2026 21:30:00;0.000;0.000;0.000;1131.471;1.930;1.812;3.311;0.807;6.400;0.000;0.000;1.000;0.000;
27.03.2026 21:45:00;0.000;0.000;0.000;1166.116;1.929;1.791;2.995;0.540;6.400;0.000;0.000;0.000;1.000;
27.03.2026 22:00:00;0.000;0.000;0.000;1179.901;1.926;1.778;2.791;0.548;6.400;0.000;0.000;0.000;1.000;
27.03.2026 22:15:00;0.000;0.000;0.000;1107.340;1.923;1.788;2.657;0.697;6.400;0.000;0.000;0.000;1.000;
27.03.2026 22:30:00;0.000;0.000;0.000;1042.790;1.922;1.817;2.488;0.539;6.400;0.000;0.000;0.000;1.000;
27.03.2026 22:45:00;0.000;0.000;0.000;998.638;1.922;1.857;2.304;0.693;6.400;0.000;0.000;0.000;1.000;
27.03.2026 23:00:00;0.000;0.000;0.000;980.912;1.924;1.901;2.326;0.650;6.400;0.000;0.000;0.000;1.000;
27.03.2026 23:15:00;0.000;0.000;0.000;979.503;1.926;1.942;2.171;0.810;6.400;0.000;0.000;0.000;1.000;
27.03.2026 23:30:00;0.000;0.000;0.000;999.122;1.928;1.979;1.869;0.608;6.400;0.000;0.000;0.000;1.000;
27.03.2026 23:45:00;0.000;0.000;0.000;1019.824;1.929;2.008;1.660;0.676;6.400;0.000;0.000;0.000;1.000;
28.03.2026 00:00:00;0.000;0.000;0.000;1022.389;1.930;2.037;1.466;0.860;6.400;0.000;0.000;0.000;1.000;
28.03.2026 00:15:00;0.000;0.000;0.000;812.965;1.938;2.048;1.449;0.579;0.000;0.000;0.000;0.000;1.000;
28.03.2026 00:30:00;0.000;0.000;0.000;741.437;1.952;2.073;1.315;0.710;0.000;0.000;0.000;0.000;1.000;
28.03.2026 00:45:00;0.000;0.000;0.000;711.950;1.967;2.111;1.195;0.916;0.000;0.000;0.000;0.000;1.000;
28.03.2026 01:00:00;0.000;0.000;0.000;703.639;1.982;2.155;1.020;0.695;0.000;0.000;0.000;0.000;1.000;
28.03.2026 01:15:00;0.000;0.000;0.000;713.540;1.998;2.196;1.086;0.929;0.000;0.000;0.000;0.000;1.000;
28.03.2026 01:30:00;0.000;0.000;0.000;727.627;2.013;2.231;1.079;0.526;0.000;0.000;0.000;0.000;1.000;
28.03.2026 01:45:00;0.000;0.000;0.000;737.387;2.027;2.260;0.792;0.852;0.000;0.000;0.000;0.000;1.000;
28.03.2026 02:00:00;0.000;0.000;0.000;732.191;2.042;2.284;0.912;0.832;0.000;0.000;0.000;0.000;1.000;
28.03.2026 02:15:00;0.000;0.000;0.000;718.808;2.056;2.313;0.799;0.555;0.000;0.000;0.000;0.000;1.000;
28.03.2026 02:30:00;0.000;0.000;0.000;709.997;2.071;2.345;0.602;0.501;0.000;0.000;0.000;0.000;1.000;
28.03.2026 02:45:00;0.000;0.000;0.000;702.811;2.085;2.379;0.711;0.832;0.000;0.000;0.000;0.000;1.000;
28.03.2026 03:00:00;0.000;0.000;0.000;703.800;2.100;2.413;0.476;0.670;0.000;0.000;0.000;0.000;1.000;
28.03.2026 03:15:00;0.000;0.000;0.000;703.464;2.115;2.445;0.477;0.673;0.000;0.000;0.000;0.000;1.000;
28.03.2026 03:30:00;0.000;0.000;0.000;718.933;2.131;2.476;0.373;0.544;0.000;0.000;0.000;0.000;1.000;
28.03.2026 03:45:00;0.000;0.000;0.000;712.304;2.144;2.511;0.279;0.649;0.000;0.000;0.000;0.000;1.000;
28.03.2026 04:00:00;0.000;0.000;0.000;702.982;2.158;2.540;0.777;0.661;0.000;0.000;0.000;0.000;1.000;
28.03.2026 04:15:00;0.000;0.000;0.000;1150.563;2.154;2.601;0.317;0.771;0.000;0.000;0.000;0.000;1.000;
28.03.2026 04:30:00;0.000;0.000;0.000;1237.311;2.142;2.639;0.288;1.522;0.000;0.000;0.000;0.000;1.000;
28.03.2026 04:45:00;0.000;0.000;0.000;1273.046;2.129;2.659;0.507;1.276;0.000;0.000;0.000;0.000;1.000;
28.03.2026 05:00:00;0.000;0.000;0.000;1256.613;2.115;2.670;1.680;2.445;0.000;0.000;0.000;0.000;1.000;
28.03.2026 05:15:00;0.000;0.000;0.000;1225.874;2.103;2.684;1.635;2.139;0.000;0.000;0.000;0.000;1.000;
28.03.2026 05:30:00;0.000;0.000;0.000;1197.102;2.092;2.714;0.814;1.226;0.000;0.000;0.000;0.000;1.000;
28.03.2026 05:45:00;0.000;0.000;0.000;1215.627;2.081;2.738;1.628;2.410;0.000;0.000;0.000;0.000;1.000;
28.03.2026 06:00:00;0.000;0.000;0.000;1235.529;2.070;2.736;1.146;3.080;0.000;0.000;1.000;0.000;0.000;
28.03.2026 06:15:00;0.000;0.000;0.000;1312.097;2.056;2.713;0.239;6.240;0.000;0.000;1.000;0.000;0.000;
28.03.2026 06:30:00;0.000;0.000;0.000;1026.121;2.056;2.646;0.655;10.743;0.000;0.000;1.000;0.000;0.000;
28.03.2026 06:45:00;0.000;0.000;0.000;1281.999;2.053;2.610;1.034;18.482;0.000;0.000;1.000;0.000;0.000;
28.03.2026 07:00:00;0.000;0.000;0.000;1295.797;2.043;2.604;0.928;27.201;0.000;0.000;1.000;0.000;0.000;
28.03.2026 07:15:00;0.000;0.000;0.000;1266.615;2.033;2.592;0.289;32.567;0.000;0.000;1.000;0.000;0.000;
28.03.2026 07:30:00;0.000;0.000;0.000;1250.819;2.022;2.570;0.481;48.017;0.000;0.000;1.000;0.000;0.000;
28.03.2026 07:45:00;0.000;0.000;0.000;1396.221;2.007;2.551;1.817;56.622;0.000;0.000;1.000;0.000;0.000;
28.03.2026 08:00:00;0.000;0.000;0.000;1353.501;1.992;2.520;0.416;68.778;0.000;0.000;1.000;0.000;0.000;
28.03.2026 08:15:00;0.000;0.000;0.000;1379.818;1.978;2.486;0.964;135.339;0.000;0.000;1.000;0.000;0.000;
28.03.2026 08:30:00;0.000;0.000;0.000;1300.660;1.964;2.456;4.199;531.407;0.000;0.000;1.000;0.000;0.000;
28.03.2026 08:45:00;0.000;0.000;0.000;1424.196;1.946;2.441;8.534;647.221;0.000;0.000;1.000;0.000;0.000;
28.03.2026 09:00:00;0.000;0.000;0.000;1517.090;1.923;2.427;11.594;680.836;0.000;0.000;1.000;0.000;0.000;
28.03.2026 09:15:00;0.000;0.000;0.000;1603.189;1.897;2.410;13.400;679.046;0.000;0.000;1.000;0.000;0.000;
28.03.2026 09:30:00;0.000;0.000;0.000;1629.172;1.870;2.381;14.117;698.922;0.000;0.000;1.000;0.000;0.000;
28.03.2026 09:45:00;0.000;0.000;0.000;1635.798;1.842;2.348;14.655;765.855;0.200;0.000;1.000;0.000;0.000;
28.03.2026 10:00:00;0.000;0.000;0.000;1635.451;1.815;2.314;15.698;694.532;0.600;0.000;1.000;0.000;0.000;
28.03.2026 10:15:00;0.000;0.000;0.000;1625.581;1.788;2.285;16.218;555.354;1.200;0.000;1.000;0.000;0.000;
28.03.2026 10:30:00;0.000;0.000;0.000;1620.506;1.761;2.267;15.825;583.925;1.800;0.000;1.000;0.000;0.000;
28.03.2026 10:45:00;0.000;0.000;0.000;1618.806;1.734;2.246;16.162;634.637;2.400;0.000;1.000;0.000;0.000;
28.03.2026 11:00:00;0.000;0.000;0.000;1621.075;1.708;2.226;17.040;743.791;3.000;0.000;1.000;0.000;0.000;
28.03.2026 11:15:00;0.000;0.000;0.000;1594.861;1.683;2.205;17.972;795.407;3.800;0.000;0.000;1.000;0.000;
28.03.2026 11:30:00;0.000;0.000;0.000;1467.031;1.664;2.163;19.072;975.798;4.600;0.000;0.000;0.000;1.000;
28.03.2026 11:45:00;0.000;0.000;0.000;1328.287;1.653;2.122;19.596;1292.198;5.200;0.000;0.000;0.000;1.000;
28.03.2026 12:00:00;0.000;0.000;0.000;1320.517;1.646;2.101;19.095;1448.889;6.000;0.000;0.000;0.000;1.000;
28.03.2026 12:15:00;0.000;0.000;0.000;1016.231;1.653;2.069;18.967;1448.886;6.600;0.000;0.000;0.000;1.000;
28.03.2026 12:30:00;0.000;0.000;0.000;992.836;1.662;2.055;18.690;1448.886;7.200;0.000;0.000;0.000;1.000;
28.03.2026 12:45:00;0.000;0.000;0.000;1006.454;1.671;2.048;17.683;1448.886;7.800;0.000;0.000;0.000;1.000;
28.03.2026 13:00:00;0.000;0.000;0.000;1054.077;1.679;2.041;18.141;1103.999;8.200;0.000;0.000;0.000;1.000;
28.03.2026 13:15:00;0.000;0.000;0.000;1069.966;1.685;2.020;17.237;848.790;8.600;0.000;0.000;0.000;1.000;
28.03.2026 13:30:00;0.000;0.000;0.000;1050.614;1.691;2.005;16.550;913.157;9.000;0.000;0.000;0.000;1.000;
28.03.2026 13:45:00;0.000;0.000;0.000;1035.494;1.698;1.999;15.673;888.243;9.400;0.000;0.000;0.000;1.000;
28.03.2026 14:00:00;0.000;0.000;0.000;1018.063;1.704;2.007;15.323;818.701;9.600;0.000;0.000;0.000;1.000;
28.03.2026 14:15:00;0.000;0.000;0.000;979.918;1.711;2.029;15.002;774.556;9.800;0.000;1.000;0.000;0.000;
28.03.2026 14:30:00;0.000;0.000;0.000;1061.606;1.716;2.039;14.473;632.926;10.000;0.000;1.000;0.000;0.000;
28.03.2026 14:45:00;0.000;0.000;0.000;1056.913;1.719;2.063;14.096;488.361;10.200;0.000;1.000;0.000;0.000;
28.03.2026 15:00:00;0.000;0.000;0.000;1025.916;1.723;2.092;13.195;438.450;10.200;0.000;1.000;0.000;0.000;
28.03.2026 15:15:00;0.000;0.000;0.000;1038.567;1.730;2.106;12.694;382.868;10.400;0.000;1.000;0.000;0.000;
28.03.2026 15:30:00;0.000;0.000;0.000;1107.617;1.731;2.135;12.283;346.076;10.400;0.000;1.000;0.000;0.000;
28.03.2026 15:45:00;0.000;0.000;0.000;1077.515;1.734;2.156;11.361;301.163;10.600;0.000;1.000;0.000;0.000;
28.03.2026 16:00:00;0.000;0.000;0.000;1047.055;1.739;2.167;10.885;246.369;10.600;0.000;1.000;0.000;0.000;
28.03.2026 16:15:00;0.000;0.000;0.000;984.069;1.747;2.163;10.759;177.397;10.600;0.000;1.000;0.000;0.000;
28.03.2026 16:30:00;0.000;0.000;0.000;780.880;1.764;2.131;10.184;147.705;10.600;0.000;1.000;0.000;0.000;
28.03.2026 16:45:00;0.000;0.000;0.000;714.141;1.785;2.103;9.610;93.571;10.600;0.000;1.000;0.000;0.000;
28.03.2026 17:00:00;0.000;0.000;0.000;805.458;1.807;2.089;9.104;97.010;10.600;0.000;1.000;0.000;0.000;
28.03.2026 17:15:00;0.000;0.000;0.000;792.135;1.819;2.099;8.309;88.942;10.600;0.000;1.000;0.000;0.000;
28.03.2026 17:30:00;0.000;0.000;0.000;927.699;1.834;2.086;8.072;81.714;10.600;0.000;1.000;0.000;0.000;
28.03.2026 17:45:00;0.000;0.000;0.000;959.579;1.841;2.078;7.821;53.365;10.600;0.000;1.000;0.000;0.000;
28.03.2026 18:00:00;0.000;0.000;0.000;1010.358;1.851;2.048;7.315;34.120;10.600;0.000;0.000;1.000;0.000;
28.03.2026 18:15:00;0.000;0.000;0.000;1095.111;1.858;2.029;6.604;31.837;10.600;0.000;0.000;1.000;0.000;
28.03.2026 18:30:00;0.000;0.000;0.000;1260.001;1.855;2.024;6.731;17.543;10.600;0.000;0.000;0.000;1.000;
28.03.2026 18:45:00;0.000;0.000;0.000;1335.185;1.845;2.013;6.423;3.262;10.600;0.000;0.000;0.000;1.000;
28.03.2026 19:00:00;0.000;0.000;0.000;1331.443;1.834;1.990;6.295;1.027;10.800;0.000;0.000;0.000;1.000;
28.03.2026 19:15:00;0.000;0.000;0.000;1284.195;1.827;1.955;6.054;0.537;10.800;0.000;0.000;0.000;1.000;
28.03.2026 19:30:00;0.000;0.000;0.000;1195.332;1.822;1.923;6.069;0.451;11.000;0.000;0.000;0.000;1.000;
28.03.2026 19:45:00;0.000;0.000;0.000;1131.602;1.820;1.904;5.786;0.542;11.000;0.000;0.000;0.000;1.000;
28.03.2026 20:00:00;0.000;0.000;0.000;1107.205;1.820;1.895;5.648;0.502;11.000;0.000;0.000;0.000;1.000;
28.03.2026 20:15:00;0.000;0.000;0.000;1117.250;1.819;1.891;5.499;0.528;11.000;0.000;0.000;0.000;1.000;
28.03.2026 20:30:00;0.000;0.000;0.000;1149.503;1.818;1.888;5.571;0.795;11.000;0.000;0.000;0.000;1.000;
28.03.2026 20:45:00;0.000;0.000;0.000;1191.308;1.816;1.877;5.441;0.693;11.000;0.000;0.000;0.000;1.000;
28.03.2026 21:00:00;0.000;0.000;0.000;1215.516;1.812;1.857;5.410;0.959;11.000;0.000;0.000;0.000;1.000;
28.03.2026 21:15:00;0.000;0.000;0.000;1226.347;1.809;1.833;5.368;0.777;11.000;0.000;0.000;0.000;1.000;
28.03.2026 21:30:00;0.000;0.000;0.000;1219.958;1.805;1.810;5.037;0.710;11.000;0.000;0.000;0.000;1.000;
28.03.2026 21:45:00;0.000;0.000;0.000;1194.971;1.802;1.788;5.029;0.556;11.000;0.000;0.000;0.000;1.000;
28.03.2026 22:00:00;0.000;0.000;0.000;1177.874;1.799;1.771;5.146;0.592;11.000;0.000;0.000;0.000;1.000;
28.03.2026 22:15:00;0.000;0.000;0.000;844.318;1.809;1.763;5.107;0.506;11.000;0.000;0.000;0.000;1.000;
28.03.2026 22:30:00;0.000;0.000;0.000;766.898;1.822;1.792;5.082;0.745;11.000;0.000;0.000;0.000;1.000;
28.03.2026 22:45:00;0.000;0.000;0.000;739.460;1.836;1.847;5.098;0.691;11.200;0.000;0.000;0.000;1.000;
28.03.2026 23:00:00;0.000;0.000;0.000;754.286;1.850;1.906;5.170;0.524;11.400;0.000;0.000;0.000;1.000;
28.03.2026 23:15:00;0.000;0.000;0.000;794.433;1.863;1.954;5.107;0.529;11.600;0.000;0.000;0.000;1.000;
28.03.2026 23:30:00;0.000;0.000;0.000;824.381;1.876;1.987;5.101;0.701;11.800;0.000;0.000;0.000;1.000;
28.03.2026 23:45:00;0.000;0.000;0.000;834.734;1.888;2.010;5.008;0.638;12.000;0.000;0.000;0.000;1.000;
29.03.2026 00:00:00;0.000;0.000;0.000;828.621;1.900;2.030;5.042;0.518;12.200;0.000;0.000;0.000;1.000;
29.03.2026 00:15:00;0.000;0.000;0.000;818.854;1.913;2.056;5.087;0.579;0.000;0.000;0.000;0.000;1.000;
29.03.2026 00:30:00;0.000;0.000;0.000;814.813;1.925;2.092;5.083;0.559;0.200;0.000;0.000;0.000;1.000;
29.03.2026 00:45:00;0.000;0.000;0.000;812.250;1.937;2.128;5.033;0.474;0.400;0.000;0.000;0.000;1.000;
29.03.2026 01:00:00;0.000;0.000;0.000;806.925;1.949;2.162;4.865;0.700;0.400;0.000;0.000;0.000;1.000;
29.03.2026 01:15:00;0.000;0.000;0.000;811.740;1.962;2.195;4.798;0.636;0.600;0.000;0.000;0.000;1.000;
29.03.2026 01:30:00;0.000;0.000;0.000;810.413;1.975;2.224;4.625;0.489;0.600;0.000;0.000;0.000;1.000;
29.03.2026 01:45:00;0.000;0.000;0.000;806.712;1.987;2.253;4.548;0.684;0.800;0.000;0.000;0.000;1.000;
29.03.2026 03:00:00;0.000;0.000;0.000;798.920;2.000;2.284;4.586;0.495;0.800;0.000;0.000;0.000;1.000;
29.03.2026 03:15:00;0.000;0.000;0.000;583.477;2.017;2.389;4.736;0.750;0.800;0.000;0.000;0.000;1.000;
29.03.2026 03:30:00;0.000;0.000;0.000;618.382;2.034;2.486;4.889;0.692;1.000;0.000;0.000;0.000;1.000;
29.03.2026 03:45:00;0.000;0.000;0.000;672.560;2.052;2.548;5.013;0.475;1.000;0.000;0.000;0.000;1.000;
29.03.2026 04:00:00;0.000;0.000;0.000;721.458;2.070;2.574;4.937;0.695;1.200;0.000;0.000;0.000;1.000;
29.03.2026 04:15:00;0.000;0.000;0.000;731.244;2.087;2.586;5.040;0.618;1.200;0.000;0.000;0.000;1.000;
29.03.2026 04:30:00;0.000;0.000;0.000;713.260;2.105;2.598;4.940;0.698;1.200;0.000;0.000;0.000;1.000;
29.03.2026 04:45:00;0.000;0.000;0.000;692.034;2.123;2.620;4.821;0.640;1.200;0.000;0.000;0.000;1.000;
29.03.2026 05:00:00;0.000;0.000;0.000;689.330;2.140;2.656;4.784;0.518;1.200;0.000;0.000;0.000;1.000;
29.03.2026 05:15:00;0.000;0.000;0.000;994.390;2.143;2.719;4.590;0.702;1.400;0.000;0.000;0.000;1.000;
29.03.2026 05:30:00;0.000;0.000;0.000;1058.641;2.142;2.762;4.514;0.934;1.400;0.000;0.000;0.000;1.000;
29.03.2026 05:45:00;0.000;0.000;0.000;1113.635;2.141;2.763;4.678;0.490;1.400;0.000;0.000;0.000;1.000;
29.03.2026 06:00:00;0.000;0.000;0.000;1153.434;2.140;2.738;4.889;0.646;1.400;0.000;0.000;0.000;1.000;
29.03.2026 06:15:00;0.000;0.000;0.000;1307.555;2.131;2.706;4.651;0.823;1.600;0.000;0.000;0.000;1.000;
29.03.2026 06:30:00;0.000;0.000;0.000;1307.362;2.121;2.666;4.674;0.680;1.600;0.000;0.000;0.000;1.000;
29.03.2026 06:45:00;0.000;0.000;0.000;1310.418;2.113;2.624;4.766;0.721;1.600;0.000;0.000;0.000;1.000;
29.03.2026 07:00:00;0.000;0.000;0.000;1306.001;2.105;2.595;4.883;0.837;1.600;0.000;0.000;0.000;1.000;
29.03.2026 07:15:00;0.000;0.000;0.000;1301.107;2.095;2.577;4.883;2.607;1.600;0.000;0.000;0.000;1.000;
29.03.2026 07:30:00;0.000;0.000;0.000;1300.393;2.085;2.560;4.848;5.630;1.600;0.000;0.000;0.000;1.000;
29.03.2026 07:45:00;0.000;0.000;0.000;1304.115;2.076;2.543;4.748;24.176;1.600;0.000;0.000;0.000;1.000;
29.03.2026 08:00:00;0.000;0.000;0.000;1364.804;2.064;2.508;4.995;30.054;1.600;0.000;0.000;0.000;1.000;
29.03.2026 08:15:00;0.000;0.000;0.000;1410.974;2.056;2.432;4.952;41.502;1.800;0.000;1.000;0.000;0.000;
29.03.2026 08:30:00;0.000;0.000;0.000;1307.194;2.052;2.312;5.080;57.722;1.800;0.000;1.000;0.000;0.000;
29.03.2026 08:45:00;0.000;0.000;0.000;1341.965;2.046;2.235;5.214;122.832;2.000;0.000;1.000;0.000;0.000;
29.03.2026 09:00:00;0.000;0.000;0.000;1336.942;2.034;2.203;5.671;105.821;2.000;0.000;1.000;0.000;0.000;
29.03.2026 09:15:00;0.000;0.000;0.000;1382.928;2.022;2.185;6.015;203.994;2.000;0.000;1.000;0.000;0.000;
29.03.2026 09:30:00;0.000;0.000;0.000;1477.366;2.005;2.176;6.429;240.631;2.200;0.000;1.000;0.000;0.000;
29.03.2026 09:45:00;0.000;0.000;0.000;1445.604;1.987;2.143;7.269;319.608;2.400;0.000;1.000;0.000;0.000;
29.03.2026 10:00:00;0.000;0.000;0.000;1491.287;1.969;2.094;8.096;339.984;2.400;0.000;1.000;0.000;0.000;
29.03.2026 10:15:00;0.000;0.000;0.000;1592.627;1.947;2.052;8.696;362.969;2.400;0.000;1.000;0.000;0.000;
29.03.2026 10:30:00;0.000;0.000;0.000;1661.847;1.920;2.015;8.693;333.697;2.600;0.000;1.000;0.000;0.000;
29.03.2026 10:45:00;0.000;0.000;0.000;1661.631;1.892;1.971;8.772;524.497;2.600;0.000;0.000;1.000;0.000;
29.03.2026 11:00:00;0.000;0.000;0.000;1591.206;1.866;1.921;9.204;403.354;2.600;0.000;0.000;1.000;0.000;
29.03.2026 11:15:00;0.000;0.000;0.000;1235.322;1.859;1.854;9.502;427.990;2.600;0.000;0.000;0.000;1.000;
29.03.2026 11:30:00;0.000;0.000;0.000;1024.716;1.858;1.834;9.669;588.376;2.600;0.000;0.000;0.000;1.000;
29.03.2026 11:45:00;0.000;0.000;0.000;915.666;1.862;1.858;11.285;524.117;2.600;0.000;0.000;0.000;1.000;
29.03.2026 12:00:00;0.000;0.000;0.000;905.249;1.866;1.919;11.689;936.035;2.600;0.000;0.000;0.000;1.000;
29.03.2026 12:15:00;0.000;0.000;0.000;953.151;1.868;1.986;12.470;648.664;2.600;0.000;0.000;0.000;1.000;
29.03.2026 12:30:00;0.000;0.000;0.000;1028.950;1.869;2.035;13.275;644.048;2.600;0.000;0.000;0.000;1.000;
29.03.2026 12:45:00;0.000;0.000;0.000;1106.285;1.868;2.055;13.273;587.611;2.600;0.000;0.000;0.000;1.000;
29.03.2026 13:00:00;0.000;0.000;0.000;1102.548;1.866;2.068;12.812;485.140;2.600;0.000;0.000;0.000;1.000;
29.03.2026 13:15:00;0.000;0.000;0.000;1089.048;1.864;2.079;11.736;552.195;2.600;0.000;0.000;0.000;1.000;
29.03.2026 13:30:00;0.000;0.000;0.000;1040.719;1.862;2.105;12.152;558.226;2.600;0.000;0.000;0.000;1.000;
29.03.2026 13:45:00;0.000;0.000;0.000;1001.189;1.861;2.151;11.980;616.170;2.600;0.000;0.000;0.000;1.000;
29.03.2026 14:00:00;0.000;0.000;0.000;982.503;1.861;2.210;12.705;744.839;2.600;0.000;0.000;0.000;1.000;
29.03.2026 14:15:00;0.000;0.000;0.000;984.074;1.860;2.269;12.746;565.522;2.600;0.000;0.000;0.000;1.000;
29.03.2026 14:30:00;0.000;0.000;0.000;999.670;1.860;2.320;12.100;795.586;2.600;0.000;0.000;0.000;1.000;
29.03.2026 14:45:00;0.000;0.000;0.000;1016.870;1.860;2.363;12.494;642.328;2.600;0.000;0.000;0.000;1.000;
29.03.2026 15:00:00;0.000;0.000;0.000;1027.978;1.859;2.404;12.484;595.228;2.600;0.000;0.000;0.000;1.000;
29.03.2026 15:15:00;0.000;0.000;0.000;947.728;1.858;2.455;12.705;1055.343;2.600;0.000;0.000;0.000;1.000;
29.03.2026 15:30:00;0.000;0.000;0.000;938.008;1.857;2.555;12.785;394.633;2.600;0.000;0.000;0.000;1.000;
29.03.2026 15:45:00;0.000;0.000;0.000;966.959;1.856;2.649;10.798;321.207;2.600;0.000;0.000;0.000;1.000;
29.03.2026 16:00:00;0.000;0.000;0.000;1005.145;1.855;2.717;10.136;256.440;2.600;0.000;0.000;0.000;1.000;
29.03.2026 16:15:00;0.000;0.000;0.000;1204.642;1.849;2.745;9.467;268.396;2.600;0.000;1.000;0.000;0.000;
29.03.2026 16:30:00;0.000;0.000;0.000;1221.669;1.846;2.737;9.293;322.382;2.600;0.000;1.000;0.000;0.000;
29.03.2026 16:45:00;0.000;0.000;0.000;1120.573;1.843;2.713;9.485;189.655;2.600;0.000;1.000;0.000;0.000;
29.03.2026 17:00:00;0.000;0.000;0.000;1149.648;1.841;2.698;9.217;207.227;2.600;0.000;1.000;0.000;0.000;
29.03.2026 17:15:00;0.000;0.000;0.000;1108.259;1.836;2.691;9.577;257.124;2.600;0.000;1.000;0.000;0.000;
29.03.2026 17:30:00;0.000;0.000;0.000;1214.969;1.827;2.683;9.581;151.288;2.600;0.000;1.000;0.000;0.000;
29.03.2026 17:45:00;0.000;0.000;0.000;1241.677;1.819;2.663;9.587;98.146;2.600;0.000;1.000;0.000;0.000;
29.03.2026 18:00:00;0.000;0.000;0.000;1315.922;1.813;2.632;9.192;70.369;2.600;0.000;1.000;0.000;0.000;
29.03.2026 18:15:00;0.000;0.000;0.000;1182.472;1.811;2.595;8.479;63.307;2.600;0.000;1.000;0.000;0.000;
29.03.2026 18:30:00;0.000;0.000;0.000;1186.779;1.808;2.577;8.201;53.481;2.600;0.000;1.000;0.000;0.000;
29.03.2026 18:45:00;0.000;0.000;0.000;1171.258;1.805;2.562;7.822;47.303;2.600;0.000;1.000;0.000;0.000;
29.03.2026 19:00:00;0.000;0.000;0.000;1178.409;1.798;2.559;7.786;32.369;2.600;0.000;1.000;0.000;0.000;
29.03.2026 19:15:00;0.000;0.000;0.000;1338.278;1.791;2.546;7.505;24.126;2.600;0.000;1.000;0.000;0.000;
29.03.2026 19:30:00;0.000;0.000;0.000;1305.174;1.778;2.529;7.276;9.338;2.600;0.000;1.000;0.000;0.000;
29.03.2026 19:45:00;0.000;0.000;0.000;1183.069;1.773;2.484;7.060;2.654;2.600;0.000;1.000;0.000;0.000;
29.03.2026 20:00:00;0.000;0.000;0.000;1209.680;1.766;2.458;6.708;1.017;2.600;0.000;1.000;0.000;0.000;
29.03.2026 20:15:00;0.000;0.000;0.000;1209.501;1.761;2.437;6.598;0.450;2.600;0.000;1.000;0.000;0.000;
29.03.2026 20:30:00;0.000;0.000;0.000;1256.778;1.749;2.435;6.465;0.450;2.600;0.000;1.000;0.000;0.000;
29.03.2026 20:45:00;0.000;0.000;0.000;1221.828;1.745;2.409;6.383;0.447;2.600;0.000;1.000;0.000;0.000;
29.03.2026 21:00:00;0.000;0.000;0.000;1080.088;1.741;2.384;6.299;0.453;2.600;0.000;1.000;0.000;0.000;
29.03.2026 21:15:00;0.000;0.000;0.000;1256.667;1.738;2.369;6.273;0.450;2.600;0.000;1.000;0.000;0.000;
29.03.2026 21:30:00;0.000;0.000;0.000;1041.039;1.736;2.345;6.124;0.450;2.600;0.000;1.000;0.000;0.000;
29.03.2026 21:45:00;0.000;0.000;0.000;993.024;1.740;2.318;6.108;0.450;2.600;0.000;1.000;0.000;0.000;
29.03.2026 22:00:00;0.000;0.000;0.000;940.785;1.748;2.294;5.882;0.455;2.600;0.000;0.000;1.000;0.000;
29.03.2026 22:15:00;0.000;0.000;0.000;1013.833;1.749;2.306;6.010;0.451;2.600;0.000;0.000;0.000;1.000;
29.03.2026 22:30:00;0.000;0.000;0.000;984.126;1.750;2.329;5.826;0.450;2.600;0.000;0.000;0.000;1.000;
29.03.2026 22:45:00;0.000;0.000;0.000;949.369;1.753;2.350;5.773;0.450;2.600;0.000;0.000;0.000;1.000;
29.03.2026 23:00:00;0.000;0.000;0.000;925.503;1.757;2.366;5.597;0.491;2.600;0.000;0.000;0.000;1.000;
29.03.2026 23:15:00;0.000;0.000;0.000;909.610;1.763;2.379;5.520;0.497;2.600;0.000;0.000;0.000;1.000;
29.03.2026 23:30:00;0.000;0.000;0.000;905.612;1.769;2.392;5.398;0.664;2.600;0.000;0.000;0.000;1.000;
29.03.2026 23:45:00;0.000;0.000;0.000;913.264;1.775;2.408;5.256;0.545;2.600;0.000;0.000;0.000;1.000;
30.03.2026 00:00:00;0.000;0.000;0.000;948.162;1.781;2.443;5.074;0.477;2.600;0.000;0.000;0.000;1.000;
30.03.2026 00:15:00;0.000;0.000;0.000;712.387;1.797;2.420;5.031;0.453;0.000;0.000;0.000;0.000;1.000;
30.03.2026 00:30:00;0.000;0.000;0.000;646.461;1.817;2.419;5.030;0.474;0.000;0.000;0.000;0.000;1.000;
30.03.2026 00:45:00;0.000;0.000;0.000;614.204;1.837;2.443;4.798;0.526;0.000;0.000;0.000;0.000;1.000;
30.03.2026 01:00:00;0.000;0.000;0.000;614.728;1.857;2.474;4.842;0.466;0.000;0.000;0.000;0.000;1.000;
30.03.2026 01:15:00;0.000;0.000;0.000;634.625;1.877;2.501;4.934;0.522;0.000;0.000;0.000;0.000;1.000;
30.03.2026 01:30:00;0.000;0.000;0.000;651.618;1.896;2.516;4.786;0.461;0.000;0.000;0.000;0.000;1.000;
30.03.2026 01:45:00;0.000;0.000;0.000;667.983;1.916;2.526;4.748;0.635;0.000;0.000;0.000;0.000;1.000;
30.03.2026 02:00:00;0.000;0.000;0.000;669.780;1.935;2.536;4.793;0.496;0.000;0.000;0.000;0.000;1.000;
30.03.2026 02:15:00;0.000;0.000;0.000;663.257;1.954;2.544;4.504;0.617;0.000;0.000;0.000;0.000;1.000;
30.03.2026 02:30:00;0.000;0.000;0.000;646.433;1.973;2.556;4.294;0.697;0.000;0.000;0.000;0.000;1.000;
30.03.2026 02:45:00;0.000;0.000;0.000;634.014;1.992;2.572;4.490;0.509;0.000;0.000;0.000;0.000;1.000;
30.03.2026 03:00:00;0.000;0.000;0.000;628.375;2.012;2.589;4.647;0.678;0.000;0.000;0.000;0.000;1.000;
30.03.2026 03:15:00;0.000;0.000;0.000;630.268;2.031;2.606;4.830;0.509;0.000;0.000;0.000;0.000;1.000;
30.03.2026 03:30:00;0.000;0.000;0.000;632.866;2.050;2.620;4.580;0.465;0.000;0.000;0.000;0.000;1.000;
30.03.2026 03:45:00;0.000;0.000;0.000;631.351;2.070;2.632;4.809;0.454;0.000;0.000;0.000;0.000;1.000;
30.03.2026 04:00:00;0.000;0.000;0.000;628.276;2.089;2.645;4.608;0.490;0.000;0.000;0.000;0.000;1.000;
30.03.2026 04:15:00;0.000;0.000;0.000;627.871;2.109;2.657;4.895;0.641;0.000;0.000;0.000;0.000;1.000;
30.03.2026 04:30:00;0.000;0.000;0.000;639.534;2.129;2.672;5.064;0.536;0.000;0.000;0.000;0.000;1.000;
30.03.2026 04:45:00;0.000;0.000;0.000;640.922;2.148;2.688;5.105;0.465;0.000;0.000;0.000;0.000;1.000;
30.03.2026 05:00:00;0.000;0.000;0.000;634.482;2.167;2.704;5.085;0.745;0.000;0.000;0.000;0.000;1.000;
30.03.2026 05:15:00;0.000;0.000;0.000;919.449;2.182;2.726;4.886;0.832;0.000;0.000;0.000;0.000;1.000;
30.03.2026 05:30:00;0.000;0.000;0.000;1301.599;2.173;2.774;4.612;0.579;0.000;0.000;0.000;0.000;1.000;
30.03.2026 05:45:00;0.000;0.000;0.000;1341.065;2.158;2.786;4.712;0.781;0.000;0.000;0.000;0.000;1.000;
30.03.2026 06:00:00;0.000;0.000;0.000;1399.688;2.143;2.763;4.811;0.485;0.000;0.000;0.000;0.000;1.000;
30.03.2026 06:15:00;0.000;0.000;0.000;1419.496;2.127;2.726;4.800;0.681;0.000;0.000;1.000;0.000;0.000;
30.03.2026 06:30:00;0.000;0.000;0.000;1227.705;2.122;2.662;4.700;0.621;0.000;0.000;1.000;0.000;0.000;
30.03.2026 06:45:00;0.000;0.000;0.000;1348.756;2.110;2.642;4.884;0.471;0.000;0.000;1.000;0.000;0.000;
30.03.2026 07:00:00;0.000;0.000;0.000;1374.431;2.093;2.646;5.034;0.470;0.000;0.000;1.000;0.000;0.000;
30.03.2026 07:15:00;0.000;0.000;0.000;1326.563;2.078;2.643;5.039;1.937;0.000;0.000;1.000;0.000;0.000;
30.03.2026 07:30:00;0.000;0.000;0.000;1305.829;2.066;2.622;4.593;5.651;0.000;0.000;1.000;0.000;0.000;
30.03.2026 07:45:00;0.000;0.000;0.000;1372.256;2.053;2.604;4.776;10.007;0.000;0.000;1.000;0.000;0.000;
30.03.2026 08:00:00;0.000;0.000;0.000;1496.485;2.032;2.601;4.613;16.242;0.000;0.000;1.000;0.000;0.000;
30.03.2026 08:15:00;0.000;0.000;0.000;1395.786;2.017;2.572;5.052;24.457;0.000;0.000;1.000;0.000;0.000;
30.03.2026 08:30:00;0.000;0.000;0.000;1472.539;1.996;2.559;5.212;28.356;0.000;0.000;1.000;0.000;0.000;
30.03.2026 08:45:00;0.000;0.000;0.000;1455.921;1.978;2.541;5.331;35.605;0.000;0.000;1.000;0.000;0.000;
30.03.2026 09:00:00;0.000;0.000;0.000;1419.794;1.960;2.518;5.371;33.320;0.000;0.000;1.000;0.000;0.000;
30.03.2026 09:15:00;0.000;0.000;0.000;1360.105;1.943;2.500;4.946;37.524;0.000;0.000;1.000;0.000;0.000;
30.03.2026 09:30:00;0.000;0.000;0.000;1416.345;1.923;2.493;4.850;38.601;0.000;0.000;1.000;0.000;0.000;
30.03.2026 09:45:00;0.000;0.000;0.000;1437.866;1.906;2.477;5.191;78.580;0.000;0.000;1.000;0.000;0.000;
30.03.2026 10:00:00;0.000;0.000;0.000;1273.715;1.892;2.454;5.153;81.547;0.200;0.000;1.000;0.000;0.000;
30.03.2026 10:15:00;0.000;0.000;0.000;1499.908;1.876;2.446;5.413;93.777;0.200;0.000;1.000;0.000;0.000;
30.03.2026 10:30:00;0.000;0.000;0.000;1599.937;1.848;2.451;5.668;70.682;0.200;0.000;1.000;0.000;0.000;
30.03.2026 10:45:00;0.000;0.000;0.000;1520.426;1.821;2.430;5.734;110.854;0.200;0.000;1.000;0.000;0.000;
30.03.2026 11:00:00;0.000;0.000;0.000;1602.638;1.799;2.396;5.994;130.455;0.400;0.000;1.000;0.000;0.000;
30.03.2026 11:15:00;0.000;0.000;0.000;1561.871;1.773;2.377;5.796;198.537;0.400;0.000;1.000;0.000;0.000;
30.03.2026 11:30:00;0.000;0.000;0.000;1579.097;1.747;2.367;6.573;268.386;0.400;0.000;1.000;0.000;0.000;
30.03.2026 11:45:00;0.000;0.000;0.000;1571.465;1.719;2.376;7.364;344.923;0.400;0.000;1.000;0.000;0.000;
30.03.2026 12:00:00;0.000;0.000;0.000;1571.566;1.690;2.388;7.978;293.360;0.400;0.000;1.000;0.000;0.000;
30.03.2026 12:15:00;0.000;0.000;0.000;1283.315;1.669;2.380;8.957;389.634;0.400;0.000;1.000;0.000;0.000;
30.03.2026 12:30:00;0.000;0.000;0.000;1045.984;1.670;2.349;9.906;569.757;0.400;0.000;1.000;0.000;0.000;
30.03.2026 12:45:00;0.000;0.000;0.000;672.635;1.681;2.337;11.199;1448.886;0.400;0.000;1.000;0.000;0.000;
30.03.2026 13:00:00;0.000;0.000;0.000;637.409;1.701;2.347;12.442;1448.882;0.400;0.000;1.000;0.000;0.000;
30.03.2026 13:15:00;0.000;0.000;0.000;576.873;1.715;2.391;14.241;1448.882;0.400;0.000;1.000;0.000;0.000;
30.03.2026 13:30:00;0.000;0.000;0.000;889.893;1.731;2.434;15.645;433.639;0.400;0.000;1.000;0.000;0.000;
30.03.2026 13:45:00;0.000;0.000;0.000;814.465;1.736;2.482;14.162;431.401;0.400;0.000;1.000;0.000;0.000;
30.03.2026 14:00:00;0.000;0.000;0.000;732.581;1.751;2.496;13.101;358.256;0.400;0.000;1.000;0.000;0.000;
30.03.2026 14:15:00;0.000;0.000;0.000;864.132;1.756;2.524;12.990;1448.899;0.400;0.000;1.000;0.000;0.000;
30.03.2026 14:30:00;0.000;0.000;0.000;838.279;1.767;2.537;14.033;997.428;0.400;0.000;1.000;0.000;0.000;
30.03.2026 14:45:00;0.000;0.000;0.000;1083.101;1.766;2.576;12.395;119.592;0.400;0.000;1.000;0.000;0.000;
30.03.2026 15:00:00;0.000;0.000;0.000;1016.992;1.763;2.601;10.962;124.674;0.400;0.000;1.000;0.000;0.000;
30.03.2026 15:15:00;0.000;0.000;0.000;1039.377;1.763;2.614;10.103;124.035;0.600;0.000;1.000;0.000;0.000;
30.03.2026 15:30:00;0.000;0.000;0.000;995.988;1.764;2.631;9.575;151.330;0.600;0.000;1.000;0.000;0.000;
30.03.2026 15:45:00;0.000;0.000;0.000;933.516;1.764;2.657;9.502;192.669;0.600;0.000;1.000;0.000;0.000;
30.03.2026 16:00:00;0.000;0.000;0.000;946.934;1.772;2.674;9.531;77.004;0.600;0.000;1.000;0.000;0.000;
30.03.2026 16:15:00;0.000;0.000;0.000;986.080;1.776;2.703;8.894;151.266;0.600;0.000;1.000;0.000;0.000;
30.03.2026 16:30:00;0.000;0.000;0.000;908.768;1.781;2.710;8.914;138.474;0.600;0.000;1.000;0.000;0.000;
30.03.2026 16:45:00;0.000;0.000;0.000;923.297;1.790;2.709;8.917;101.548;0.600;0.000;1.000;0.000;0.000;
30.03.2026 17:00:00;0.000;0.000;0.000;1061.944;1.795;2.714;8.667;84.248;0.600;0.000;1.000;0.000;0.000;
30.03.2026 17:15:00;0.000;0.000;0.000;1007.998;1.797;2.708;7.792;133.145;0.800;0.000;1.000;0.000;0.000;
30.03.2026 17:30:00;0.000;0.000;0.000;1017.558;1.801;2.685;7.530;100.888;0.800;0.000;1.000;0.000;0.000;
30.03.2026 17:45:00;0.000;0.000;0.000;943.920;1.807;2.653;7.455;26.981;1.000;0.000;1.000;0.000;0.000;
30.03.2026 18:00:00;0.000;0.000;0.000;1102.470;1.809;2.637;7.005;53.119;1.600;0.000;1.000;0.000;0.000;
30.03.2026 18:15:00;0.000;0.000;0.000;974.371;1.814;2.606;6.900;40.513;2.000;0.000;1.000;0.000;0.000;
30.03.2026 18:30:00;0.000;0.000;0.000;1002.695;1.819;2.587;6.754;24.858;2.200;0.000;1.000;0.000;0.000;
30.03.2026 18:45:00;0.000;0.000;0.000;1079.568;1.821;2.574;6.596;18.779;2.600;0.000;1.000;0.000;0.000;
30.03.2026 19:00:00;0.000;0.000;0.000;1038.353;1.826;2.548;6.417;9.827;2.800;0.000;1.000;0.000;0.000;
30.03.2026 19:15:00;0.000;0.000;0.000;1097.814;1.830;2.531;6.478;4.838;3.000;0.000;1.000;0.000;0.000;
30.03.2026 19:30:00;0.000;0.000;0.000;1080.614;1.831;2.515;6.406;3.262;3.400;0.000;1.000;0.000;0.000;
30.03.2026 19:45:00;0.000;0.000;0.000;1154.443;1.834;2.495;6.356;1.234;3.600;0.000;1.000;0.000;0.000;
30.03.2026 20:00:00;0.000;0.000;0.000;982.439;1.837;2.467;6.205;0.580;4.000;0.000;1.000;0.000;0.000;
30.03.2026 20:15:00;0.000;0.000;0.000;1163.516;1.841;2.450;6.109;0.456;4.200;0.000;1.000;0.000;0.000;
30.03.2026 20:30:00;0.000;0.000;0.000;1197.926;1.836;2.443;5.851;0.511;4.600;0.000;1.000;0.000;0.000;
30.03.2026 20:45:00;0.000;0.000;0.000;1105.227;1.833;2.416;5.696;0.540;5.000;0.000;1.000;0.000;0.000;
30.03.2026 21:00:00;0.000;0.000;0.000;1350.240;1.828;2.400;5.684;0.715;5.400;0.000;1.000;0.000;0.000;
30.03.2026 21:15:00;0.000;0.000;0.000;1302.233;1.822;2.376;5.686;0.622;6.000;0.000;1.000;0.000;0.000;
30.03.2026 21:30:00;0.000;0.000;0.000;1122.305;1.818;2.340;5.512;0.592;6.400;0.000;1.000;0.000;0.000;
30.03.2026 21:45:00;0.000;0.000;0.000;1118.020;1.814;2.317;5.474;0.529;6.400;0.000;1.000;0.000;0.000;
30.03.2026 22:00:00;0.000;0.000;0.000;913.813;1.812;2.295;5.402;0.625;6.400;0.000;0.000;1.000;0.000;
30.03.2026 22:15:00;0.000;0.000;0.000;1024.487;1.814;2.296;5.636;0.577;6.600;0.000;0.000;0.000;1.000;
30.03.2026 22:30:00;0.000;0.000;0.000;964.552;1.815;2.316;5.502;0.657;6.600;0.000;0.000;0.000;1.000;
30.03.2026 22:45:00;0.000;0.000;0.000;927.255;1.818;2.341;5.459;0.503;6.600;0.000;0.000;0.000;1.000;
30.03.2026 23:00:00;0.000;0.000;0.000;911.217;1.823;2.363;5.380;0.501;6.600;0.000;0.000;0.000;1.000;
30.03.2026 23:15:00;0.000;0.000;0.000;902.916;1.827;2.383;5.462;0.553;6.600;0.000;0.000;0.000;1.000;
30.03.2026 23:30:00;0.000;0.000;0.000;916.388;1.833;2.401;5.338;0.712;6.600;0.000;0.000;0.000;1.000;
30.03.2026 23:45:00;0.000;0.000;0.000;941.310;1.837;2.414;5.200;0.453;6.600;0.000;0.000;0.000;1.000;
31.03.2026 00:00:00;0.000;0.000;0.000;949.341;1.841;2.425;5.201;0.477;6.600;0.000;0.000;0.000;1.000;
31.03.2026 00:15:00;0.000;0.000;0.000;736.290;1.855;2.416;5.411;0.466;0.200;0.000;0.000;0.000;1.000;
31.03.2026 00:30:00;0.000;0.000;0.000;696.094;1.872;2.429;5.407;0.453;0.400;0.000;0.000;0.000;1.000;
31.03.2026 00:45:00;0.000;0.000;0.000;680.081;1.888;2.457;5.190;0.555;0.600;0.000;0.000;0.000;1.000;
31.03.2026 01:00:00;0.000;0.000;0.000;690.834;1.905;2.484;5.027;0.558;0.600;0.000;0.000;0.000;1.000;
31.03.2026 01:15:00;0.000;0.000;0.000;705.719;1.922;2.502;4.939;0.797;0.600;0.000;0.000;0.000;1.000;
31.03.2026 01:30:00;0.000;0.000;0.000;698.731;1.937;2.509;4.895;0.473;0.800;0.000;0.000;0.000;1.000;
31.03.2026 01:45:00;0.000;0.000;0.000;676.803;1.954;2.515;4.845;0.516;0.800;0.000;0.000;0.000;1.000;
31.03.2026 02:00:00;0.000;0.000;0.000;652.323;1.970;2.525;4.863;0.682;0.800;0.000;0.000;0.000;1.000;
31.03.2026 02:15:00;0.000;0.000;0.000;632.548;1.986;2.541;4.870;0.731;0.800;0.000;0.000;0.000;1.000;
31.03.2026 02:30:00;0.000;0.000;0.000;619.059;2.003;2.559;4.921;0.600;0.800;0.000;0.000;0.000;1.000;
31.03.2026 02:45:00;0.000;0.000;0.000;623.262;2.021;2.574;4.833;0.811;0.800;0.000;0.000;0.000;1.000;
31.03.2026 03:00:00;0.000;0.000;0.000;621.754;2.037;2.592;4.781;0.797;0.800;0.000;0.000;0.000;1.000;
31.03.2026 03:15:00;0.000;0.000;0.000;620.936;2.053;2.609;4.626;0.707;1.000;0.000;0.000;0.000;1.000;
31.03.2026 03:30:00;0.000;0.000;0.000;620.614;2.070;2.618;4.912;0.536;1.200;0.000;0.000;0.000;1.000;
31.03.2026 03:45:00;0.000;0.000;0.000;622.074;2.087;2.628;4.864;0.691;1.200;0.000;0.000;0.000;1.000;
31.03.2026 04:00:00;0.000;0.000;0.000;630.710;2.104;2.644;4.543;0.515;1.200;0.000;0.000;0.000;1.000;
31.03.2026 04:15:00;0.000;0.000;0.000;634.508;2.120;2.664;4.297;0.736;1.200;0.000;0.000;0.000;1.000;
31.03.2026 04:30:00;0.000;0.000;0.000;667.969;2.137;2.682;4.520;0.810;1.200;0.000;0.000;0.000;1.000;
31.03.2026 04:45:00;0.000;0.000;0.000;655.447;2.152;2.692;4.627;0.558;1.200;0.000;0.000;0.000;1.000;
31.03.2026 05:00:00;0.000;0.000;0.000;643.283;2.168;2.699;4.635;0.670;1.400;0.000;0.000;0.000;1.000;
31.03.2026 05:15:00;0.000;0.000;0.000;882.291;2.182;2.717;4.238;0.852;1.400;0.000;0.000;0.000;1.000;
31.03.2026 05:30:00;0.000;0.000;0.000;1185.659;2.172;2.769;4.209;0.860;1.400;0.000;0.000;0.000;1.000;
31.03.2026 05:45:00;0.000;0.000;0.000;1285.770;2.158;2.780;4.363;0.834;1.600;0.000;0.000;0.000;1.000;
31.03.2026 06:00:00;0.000;0.000;0.000;1316.937;2.141;2.764;4.488;0.510;1.600;0.000;1.000;0.000;0.000;
31.03.2026 06:15:00;0.000;0.000;0.000;1296.833;2.126;2.714;4.495;0.630;1.600;0.000;1.000;0.000;0.000;
31.03.2026 06:30:00;0.000;0.000;0.000;1234.263;2.114;2.664;4.475;0.555;1.600;0.000;1.000;0.000;0.000;
31.03.2026 06:45:00;0.000;0.000;0.000;1423.311;2.092;2.657;4.503;0.767;1.600;0.000;1.000;0.000;0.000;
31.03.2026 07:00:00;0.000;0.000;0.000;1462.451;2.069;2.656;4.439;1.518;1.600;0.000;1.000;0.000;0.000;
31.03.2026 07:15:00;0.000;0.000;0.000;1606.327;2.036;2.662;4.224;3.225;1.600;0.000;1.000;0.000;0.000;
31.03.2026 07:30:00;0.000;0.000;0.000;1361.542;2.012;2.621;4.234;8.778;1.600;0.000;1.000;0.000;0.000;
31.03.2026 07:45:00;0.000;0.000;0.000;1358.993;1.991;2.588;4.499;35.101;1.600;0.000;1.000;0.000;0.000;
31.03.2026 08:00:00;0.000;0.000;0.000;1244.550;1.978;2.557;4.576;32.991;1.600;0.000;1.000;0.000;0.000;
31.03.2026 08:15:00;0.000;0.000;0.000;1286.344;1.956;2.564;4.566;41.369;1.600;0.000;1.000;0.000;0.000;
31.03.2026 08:30:00;0.000;0.000;0.000;1446.110;1.935;2.573;4.497;46.445;1.600;0.000;1.000;0.000;0.000;
31.03.2026 08:45:00;0.000;0.000;0.000;1379.868;1.914;2.560;4.575;56.514;1.600;0.000;1.000;0.000;0.000;
31.03.2026 09:00:00;0.000;0.000;0.000;1461.330;1.896;2.531;4.590;32.313;1.800;0.000;1.000;0.000;0.000;
31.03.2026 09:15:00;0.000;0.000;0.000;1604.534;1.871;2.518;4.564;48.514;1.800;0.000;1.000;0.000;0.000;
31.03.2026 09:30:00;0.000;0.000;0.000;1614.052;1.844;2.500;4.492;65.384;1.800;0.000;1.000;0.000;0.000;
31.03.2026 09:45:00;0.000;0.000;0.000;1488.507;1.815;2.478;4.483;48.210;2.000;0.000;1.000;0.000;0.000;
31.03.2026 10:00:00;0.000;0.000;0.000;1421.974;1.794;2.443;4.609;157.208;2.000;0.000;1.000;0.000;0.000;
31.03.2026 10:15:00;0.000;0.000;0.000;1432.923;1.776;2.425;5.085;153.574;2.200;0.000;1.000;0.000;0.000;
31.03.2026 10:30:00;0.000;0.000;0.000;1343.458;1.755;2.419;5.316;195.603;2.400;0.000;1.000;0.000;0.000;
31.03.2026 10:45:00;0.000;0.000;0.000;1161.264;1.740;2.403;6.078;484.239;2.600;0.000;1.000;0.000;0.000;
31.03.2026 11:00:00;0.000;0.000;0.000;1189.844;1.734;2.385;6.710;285.787;3.000;0.000;1.000;0.000;0.000;
31.03.2026 11:15:00;0.000;0.000;0.000;1359.474;1.723;2.385;6.715;86.936;3.400;0.000;1.000;0.000;0.000;
31.03.2026 11:30:00;0.000;0.000;0.000;1501.011;1.698;2.402;5.806;106.492;3.600;0.000;1.000;0.000;0.000;
31.03.2026 11:45:00;0.000;0.000;0.000;1379.329;1.672;2.402;5.795;542.501;3.800;0.000;1.000;0.000;0.000;
31.03.2026 12:00:00;0.000;0.000;0.000;1354.425;1.661;2.376;8.923;805.379;4.400;0.000;1.000;0.000;0.000;
31.03.2026 12:15:00;0.000;0.000;0.000;560.612;1.667;2.334;11.860;611.680;5.000;0.000;1.000;0.000;0.000;
31.03.2026 12:30:00;0.000;0.000;0.000;453.849;1.687;2.323;12.716;1448.889;5.200;0.000;1.000;0.000;0.000;
31.03.2026 12:45:00;0.000;0.000;0.000;851.143;1.700;2.363;11.594;260.022;5.200;0.000;1.000;0.000;0.000;
31.03.2026 13:00:00;0.000;0.000;0.000;890.963;1.704;2.413;8.710;173.992;5.400;0.000;1.000;0.000;0.000;
31.03.2026 13:15:00;0.000;0.000;0.000;923.853;1.708;2.435;7.466;213.310;5.600;0.000;1.000;0.000;0.000;
31.03.2026 13:30:00;0.000;0.000;0.000;998.091;1.699;2.458;7.712;383.722;5.600;0.000;1.000;0.000;0.000;
31.03.2026 13:45:00;0.000;0.000;0.000;845.825;1.705;2.449;8.192;299.510;5.600;0.000;1.000;0.000;0.000;
31.03.2026 14:00:00;0.000;0.000;0.000;1053.943;1.707;2.480;8.028;194.295;5.600;0.000;1.000;0.000;0.000;
31.03.2026 14:15:00;0.000;0.000;0.000;904.187;1.707;2.510;7.791;361.165;5.600;0.000;1.000;0.000;0.000;
31.03.2026 14:30:00;0.000;0.000;0.000;957.255;1.709;2.530;7.166;198.691;5.600;0.000;1.000;0.000;0.000;
31.03.2026 14:45:00;0.000;0.000;0.000;649.581;1.718;2.540;6.606;271.614;5.600;0.000;1.000;0.000;0.000;
31.03.2026 15:00:00;0.000;0.000;0.000;605.603;1.742;2.561;6.992;232.342;5.600;0.000;1.000;0.000;0.000;
31.03.2026 15:15:00;0.000;0.000;0.000;624.740;1.757;2.607;6.909;225.082;5.600;0.000;1.000;0.000;0.000;
31.03.2026 15:30:00;0.000;0.000;0.000;499.393;1.778;2.637;7.302;335.082;5.600;0.000;1.000;0.000;0.000;
31.03.2026 15:45:00;0.000;0.000;0.000;568.282;1.804;2.666;8.024;278.773;5.600;0.000;1.000;0.000;0.000;
31.03.2026 16:00:00;0.000;0.000;0.000;674.192;1.825;2.701;8.116;282.499;5.600;0.000;1.000;0.000;0.000;
31.03.2026 16:15:00;0.000;0.000;0.000;626.129;1.855;2.709;8.578;199.768;5.600;0.000;1.000;0.000;0.000;
31.03.2026 16:30:00;0.000;0.000;0.000;716.583;1.881;2.718;7.837;269.163;5.600;0.000;1.000;0.000;0.000;
31.03.2026 16:45:00;0.000;0.000;0.000;813.761;1.910;2.713;7.978;192.735;5.600;0.000;0.000;1.000;0.000;
31.03.2026 17:00:00;0.000;0.000;0.000;1219.836;1.918;2.737;7.905;251.159;5.600;0.000;0.000;1.000;0.000;
31.03.2026 17:15:00;0.000;0.000;0.000;1594.321;1.905;2.758;8.099;205.508;5.600;0.000;0.000;0.000;1.000;
31.03.2026 17:30:00;0.000;0.000;0.000;1666.708;1.886;2.745;8.103;144.091;5.600;0.000;0.000;0.000;1.000;
31.03.2026 17:45:00;0.000;0.000;0.000;1688.494;1.866;2.699;6.993;83.935;5.600;0.000;0.000;0.000;1.000;
31.03.2026 18:00:00;0.000;0.000;0.000;1560.981;1.850;2.631;6.664;155.823;5.600;0.000;0.000;0.000;1.000;
31.03.2026 18:15:00;0.000;0.000;0.000;1349.650;1.841;2.569;6.388;120.567;5.600;0.000;0.000;0.000;1.000;
31.03.2026 18:30:00;0.000;0.000;0.000;1189.885;1.840;2.536;6.569;175.209;5.600;0.000;1.000;0.000;0.000;
31.03.2026 18:45:00;0.000;0.000;0.000;1290.764;1.838;2.536;6.300;66.194;5.600;0.000;1.000;0.000;0.000;
31.03.2026 19:00:00;0.000;0.000;0.000;1377.478;1.831;2.550;5.846;37.453;5.600;0.000;1.000;0.000;0.000;
31.03.2026 19:15:00;0.000;0.000;0.000;1353.836;1.821;2.552;5.764;35.077;5.600;0.000;1.000;0.000;0.000;
31.03.2026 19:30:00;0.000;0.000;0.000;1352.987;1.813;2.531;5.687;14.483;5.600;0.000;1.000;0.000;0.000;
31.03.2026 19:45:00;0.000;0.000;0.000;1355.041;1.802;2.497;5.697;6.866;5.600;0.000;1.000;0.000;0.000;
31.03.2026 20:00:00;0.000;0.000;0.000;1319.447;1.796;2.459;5.411;2.700;5.600;0.000;1.000;0.000;0.000;
31.03.2026 20:15:00;0.000;0.000;0.000;1318.184;1.789;2.434;5.171;0.827;5.600;0.000;1.000;0.000;0.000;
31.03.2026 20:30:00;0.000;0.000;0.000;1310.670;1.782;2.419;5.081;0.507;5.600;0.000;1.000;0.000;0.000;
31.03.2026 20:45:00;0.000;0.000;0.000;1287.247;1.777;2.406;4.967;0.610;5.600;0.000;1.000;0.000;0.000;
31.03.2026 21:00:00;0.000;0.000;0.000;1277.662;1.767;2.400;4.953;0.735;5.600;0.000;1.000;0.000;0.000;
31.03.2026 21:15:00;0.000;0.000;0.000;1340.553;1.762;2.377;5.134;0.798;5.600;0.000;0.000;1.000;0.000;
31.03.2026 21:30:00;0.000;0.000;0.000;1319.875;1.754;2.356;4.833;0.541;5.600;0.000;0.000;0.000;1.000;
31.03.2026 21:45:00;0.000;0.000;0.000;1268.318;1.748;2.326;4.795;0.738;5.600;0.000;0.000;0.000;1.000;
31.03.2026 22:00:00;0.000;0.000;0.000;1197.158;1.745;2.296;4.887;0.852;5.800;0.000;0.000;0.000;1.000;
31.03.2026 22:15:00;0.000;0.000;0.000;1017.866;1.749;2.283;4.806;0.621;5.800;0.000;0.000;0.000;1.000;
31.03.2026 22:30:00;0.000;0.000;0.000;950.164;1.754;2.301;4.541;0.883;5.800;0.000;0.000;0.000;1.000;
31.03.2026 22:45:00;0.000;0.000;0.000;935.147;1.759;2.334;4.593;0.655;5.800;0.000;0.000;0.000;1.000;
31.03.2026 23:00:00;0.000;0.000;0.000;947.850;1.764;2.371;4.330;0.566;5.800;0.000;0.000;0.000;1.000;
31.03.2026 23:15:00;0.000;0.000;0.000;981.461;1.768;2.397;4.444;0.595;5.800;0.000;0.000;0.000;1.000;
31.03.2026 23:30:00;0.000;0.000;0.000;1014.122;1.771;2.411;4.245;0.834;5.800;0.000;0.000;0.000;1.000;
31.03.2026 23:45:00;0.000;0.000;0.000;1020.057;1.774;2.416;4.307;0.548;5.800;0.000;0.000;0.000;1.000;
01.04.2026 00:00:00;0.000;0.000;0.000;1015.250;1.777;2.419;4.246;0.901;5.800;0.000;0.000;0.000;1.000;
01.04.2026 00:15:00;0.000;0.000;0.000;776.437;1.783;2.419;4.205;0.706;0.000;0.000;0.000;0.000;1.000;
01.04.2026 00:30:00;0.000;0.000;0.000;701.456;1.801;2.416;3.992;0.725;0.000;0.000;0.000;0.000;1.000;
01.04.2026 00:45:00;0.000;0.000;0.000;670.474;1.820;2.445;3.976;0.507;0.000;0.000;0.000;0.000;1.000;
01.04.2026 01:00:00;0.000;0.000;0.000;668.266;1.839;2.475;3.602;0.936;0.000;0.000;0.000;0.000;1.000;
01.04.2026 01:15:00;0.000;0.000;0.000;685.490;1.858;2.500;3.601;0.950;0.000;0.000;0.000;0.000;1.000;
01.04.2026 01:30:00;0.000;0.000;0.000;707.679;1.876;2.516;3.393;0.809;0.000;0.000;0.000;0.000;1.000;
01.04.2026 01:45:00;0.000;0.000;0.000;711.447;1.894;2.525;3.221;0.650;0.000;0.000;0.000;0.000;1.000;
01.04.2026 02:00:00;0.000;0.000;0.000;715.127;1.912;2.534;3.167;0.677;0.000;0.000;0.000;0.000;1.000;
01.04.2026 02:15:00;0.000;0.000;0.000;706.488;1.930;2.544;3.071;0.706;0.000;0.000;0.000;0.000;1.000;
01.04.2026 02:30:00;0.000;0.000;0.000;691.122;1.947;2.556;2.798;0.534;0.000;0.000;0.000;0.000;1.000;
01.04.2026 02:45:00;0.000;0.000;0.000;679.360;1.965;2.572;2.703;0.831;0.000;0.000;0.000;0.000;1.000;
01.04.2026 03:00:00;0.000;0.000;0.000;671.283;1.983;2.588;2.771;0.952;0.000;0.000;0.000;0.000;1.000;
01.04.2026 03:15:00;0.000;0.000;0.000;672.126;2.001;2.604;2.777;0.827;0.000;0.000;0.000;0.000;1.000;
01.04.2026 03:30:00;0.000;0.000;0.000;671.433;2.020;2.619;2.674;0.790;0.000;0.000;0.000;0.000;1.000;
01.04.2026 03:45:00;0.000;0.000;0.000;665.925;2.037;2.632;2.555;0.697;0.000;0.000;0.000;0.000;1.000;
01.04.2026 04:00:00;0.000;0.000;0.000;665.145;2.055;2.645;2.508;0.814;0.000;0.000;0.000;0.000;1.000;
01.04.2026 04:15:00;0.000;0.000;0.000;661.720;2.074;2.656;2.694;0.766;0.000;0.000;0.000;0.000;1.000;
01.04.2026 04:30:00;0.000;0.000;0.000;649.083;2.091;2.671;2.627;0.643;0.000;0.000;0.000;0.000;1.000;
01.04.2026 04:45:00;0.000;0.000;0.000;648.165;2.109;2.685;2.783;0.673;0.000;0.000;0.000;0.000;1.000;
01.04.2026 05:00:00;0.000;0.000;0.000;660.390;2.129;2.704;2.881;0.670;0.000;0.000;0.000;0.000;1.000;
01.04.2026 05:15:00;0.000;0.000;0.000;933.747;2.143;2.727;3.021;0.907;0.000;0.000;0.000;0.000;1.000;
01.04.2026 05:30:00;0.000;0.000;0.000;1244.789;2.132;2.775;3.007;0.907;0.000;0.000;0.000;0.000;1.000;
01.04.2026 05:45:00;0.000;0.000;0.000;1327.780;2.117;2.785;2.835;0.929;0.000;0.000;0.000;0.000;1.000;
01.04.2026 06:00:00;0.000;0.000;0.000;1303.651;2.103;2.761;2.824;0.786;0.000;0.000;1.000;0.000;0.000;
01.04.2026 06:15:00;0.000;0.000;0.000;1530.255;2.085;2.730;3.093;0.789;0.000;0.000;1.000;0.000;0.000;
01.04.2026 06:30:00;0.000;0.000;0.000;1384.739;2.070;2.680;2.846;0.814;0.000;0.000;1.000;0.000;0.000;
01.04.2026 06:45:00;0.000;0.000;0.000;1476.962;2.054;2.651;2.917;0.790;0.000;0.000;1.000;0.000;0.000;
01.04.2026 07:00:00;0.000;0.000;0.000;1376.093;2.034;2.640;3.085;1.233;0.000;0.000;1.000;0.000;0.000;
01.04.2026 07:15:00;0.000;0.000;0.000;1245.681;2.021;2.622;3.369;5.664;0.000;0.000;1.000;0.000;0.000;
01.04.2026 07:30:00;0.000;0.000;0.000;1273.034;2.009;2.610;3.394;20.640;0.000;0.000;1.000;0.000;0.000;
01.04.2026 07:45:00;0.000;0.000;0.000;1308.124;1.995;2.603;3.325;27.111;0.000;0.000;1.000;0.000;0.000;
01.04.2026 08:00:00;0.000;0.000;0.000;1538.156;1.972;2.610;3.396;53.498;0.000;0.000;1.000;0.000;0.000;
01.04.2026 08:15:00;0.000;0.000;0.000;1488.734;1.946;2.594;3.610;119.640;0.000;0.000;1.000;0.000;0.000;
01.04.2026 08:30:00;0.000;0.000;0.000;1539.538;1.928;2.552;4.017;93.084;0.000;0.000;1.000;0.000;0.000;
01.04.2026 08:45:00;0.000;0.000;0.000;1448.452;1.901;2.538;4.405;112.911;0.000;0.000;1.000;0.000;0.000;
01.04.2026 09:00:00;0.000;0.000;0.000;1374.388;1.884;2.506;4.503;199.726;0.000;0.000;1.000;0.000;0.000;
01.04.2026 09:15:00;0.000;0.000;0.000;1459.111;1.858;2.502;5.118;181.078;0.000;0.000;1.000;0.000;0.000;
01.04.2026 09:30:00;0.000;0.000;0.000;1484.076;1.836;2.492;5.746;277.525;0.000;0.000;1.000;0.000;0.000;
01.04.2026 09:45:00;0.000;0.000;0.000;1353.003;1.813;2.478;6.770;338.620;0.000;0.000;1.000;0.000;0.000;
01.04.2026 10:00:00;0.000;0.000;0.000;1189.245;1.799;2.443;8.818;595.553;0.000;0.000;1.000;0.000;0.000;
01.04.2026 10:15:00;0.000;0.000;0.000;1168.105;1.794;2.420;11.493;658.569;0.000;0.000;1.000;0.000;0.000;
01.04.2026 10:30:00;0.000;0.000;0.000;1072.393;1.786;2.414;13.991;753.617;0.000;0.000;1.000;0.000;0.000;
01.04.2026 10:45:00;0.000;0.000;0.000;938.522;1.791;2.392;15.743;795.405;0.000;0.000;1.000;0.000;0.000;
01.04.2026 11:00:00;0.000;0.000;0.000;907.307;1.800;2.374;17.749;785.040;0.000;0.000;1.000;0.000;0.000;
01.04.2026 11:15:00;0.000;0.000;0.000;1006.192;1.804;2.374;18.473;776.307;0.000;0.000;1.000;0.000;0.000;
01.04.2026 11:30:00;0.000;0.000;0.000;987.603;1.809;2.386;19.437;790.084;0.000;0.000;1.000;0.000;0.000;
01.04.2026 11:45:00;0.000;0.000;0.000;1083.397;1.807;2.397;18.720;923.256;0.000;0.000;1.000;0.000;0.000;
01.04.2026 12:00:00;0.000;0.000;0.000;863.808;1.805;2.398;19.015;531.269;0.000;0.000;1.000;0.000;0.000;
01.04.2026 12:15:00;0.000;0.000;0.000;1162.262;1.800;2.403;17.682;442.375;0.000;0.000;1.000;0.000;0.000;
01.04.2026 12:30:00;0.000;0.000;0.000;970.717;1.804;2.386;14.803;528.246;0.000;0.000;1.000;0.000;0.000;
01.04.2026 12:45:00;0.000;0.000;0.000;724.812;1.820;2.362;14.481;593.292;0.000;0.000;1.000;0.000;0.000;
01.04.2026 13:00:00;0.000;0.000;0.000;836.952;1.834;2.372;13.892;1097.153;0.000;0.000;1.000;0.000;0.000;
01.04.2026 13:15:00;0.000;0.000;0.000;699.411;1.841;2.414;13.338;796.197;0.200;0.000;1.000;0.000;0.000;
01.04.2026 13:30:00;0.000;0.000;0.000;787.103;1.846;2.444;13.452;899.716;0.200;0.000;1.000;0.000;0.000;
01.04.2026 13:45:00;0.000;0.000;0.000;533.656;1.871;2.439;15.125;1183.271;0.200;0.000;1.000;0.000;0.000;
01.04.2026 14:00:00;0.000;0.000;0.000;316.844;1.904;2.453;17.025;1132.781;0.200;0.000;1.000;0.000;0.000;
01.04.2026 14:15:00;0.000;0.000;0.000;563.481;1.927;2.516;17.364;1139.511;0.200;0.000;1.000;0.000;0.000;
01.04.2026 14:30:00;0.000;0.000;0.000;774.569;1.946;2.584;18.107;1447.934;0.200;0.000;1.000;0.000;0.000;
01.04.2026 14:45:00;0.000;0.000;0.000;350.683;1.973;2.611;17.869;1383.414;0.200;0.000;1.000;0.000;0.000;
01.04.2026 15:00:00;0.000;0.000;0.000;341.467;2.005;2.626;18.667;838.017;0.200;0.000;1.000;0.000;0.000;
01.04.2026 15:15:00;0.000;0.000;0.000;575.162;2.033;2.662;17.078;338.298;0.200;0.000;1.000;0.000;0.000;
01.04.2026 15:30:00;0.000;0.000;0.000;790.238;2.054;2.711;15.097;252.376;0.200;0.000;1.000;0.000;0.000;
01.04.2026 15:45:00;0.000;0.000;0.000;969.731;2.057;2.770;13.418;216.305;0.200;0.000;1.000;0.000;0.000;
01.04.2026 16:00:00;0.000;0.000;0.000;919.327;2.057;2.799;12.907;330.496;0.200;0.000;1.000;0.000;0.000;
01.04.2026 16:15:00;0.000;0.000;0.000;857.268;2.064;2.777;12.646;242.218;0.200;0.000;1.000;0.000;0.000;
01.04.2026 16:30:00;0.000;0.000;0.000;967.193;2.067;2.770;11.609;169.565;0.200;0.000;1.000;0.000;0.000;
01.04.2026 16:45:00;0.000;0.000;0.000;1081.266;2.063;2.769;11.225;164.036;0.200;0.000;0.000;1.000;0.000;
01.04.2026 17:00:00;0.000;0.000;0.000;1244.033;2.058;2.773;11.206;229.504;0.200;0.000;0.000;1.000;0.000;
01.04.2026 17:15:00;0.000;0.000;0.000;1413.652;2.041;2.790;11.072;223.916;0.200;0.000;0.000;1.000;0.000;
01.04.2026 17:30:00;0.000;0.000;0.000;1458.512;2.017;2.799;11.001;174.550;0.200;0.000;0.000;0.000;1.000;
01.04.2026 17:45:00;0.000;0.000;0.000;1391.793;1.996;2.783;11.290;151.497;0.200;0.000;0.000;0.000;1.000;
01.04.2026 18:00:00;0.000;0.000;0.000;1280.046;1.982;2.756;11.214;144.072;0.200;0.000;0.000;0.000;1.000;
01.04.2026 18:15:00;0.000;0.000;0.000;1207.883;1.973;2.726;11.174;153.311;0.200;0.000;0.000;1.000;0.000;
01.04.2026 18:30:00;0.000;0.000;0.000;1186.509;1.965;2.704;11.104;122.357;0.200;0.000;0.000;1.000;0.000;
01.04.2026 18:45:00;0.000;0.000;0.000;1265.001;1.955;2.691;10.697;88.113;0.200;0.000;0.000;1.000;0.000;
01.04.2026 19:00:00;0.000;0.000;0.000;1229.536;1.944;2.669;10.436;64.279;0.200;0.000;0.000;1.000;0.000;
01.04.2026 19:15:00;0.000;0.000;0.000;1381.077;1.933;2.639;10.185;37.351;0.200;0.000;0.000;1.000;0.000;
01.04.2026 19:30:00;0.000;0.000;0.000;1306.864;1.918;2.608;9.851;22.500;0.200;0.000;0.000;1.000;0.000;
01.04.2026 19:45:00;0.000;0.000;0.000;1774.295;1.879;2.610;9.299;12.805;0.200;0.000;0.000;1.000;0.000;
01.04.2026 20:00:00;0.000;0.000;0.000;1609.078;1.844;2.566;8.994;3.825;0.200;0.000;0.000;0.000;1.000;
01.04.2026 20:15:00;0.000;0.000;0.000;1375.511;1.824;2.491;8.442;0.452;0.200;0.000;0.000;0.000;1.000;
01.04.2026 20:30:00;0.000;0.000;0.000;1287.198;1.814;2.437;8.112;0.449;0.200;0.000;0.000;1.000;0.000;
01.04.2026 20:45:00;0.000;0.000;0.000;1238.746;1.801;2.421;7.841;0.450;0.200;0.000;0.000;1.000;0.000;
01.04.2026 21:00:00;0.000;0.000;0.000;1627.704;1.778;2.439;7.783;0.450;0.200;0.000;0.000;0.000;1.000;
01.04.2026 21:15:00;0.000;0.000;0.000;1600.440;1.745;2.443;7.569;0.451;0.200;0.000;0.000;0.000;1.000;
01.04.2026 21:30:00;0.000;0.000;0.000;1504.148;1.720;2.394;7.476;0.450;0.200;0.000;0.000;0.000;1.000;
01.04.2026 21:45:00;0.000;0.000;0.000;1368.523;1.704;2.326;7.386;0.450;0.200;0.000;0.000;0.000;1.000;
01.04.2026 22:00:00;0.000;0.000;0.000;1265.395;1.692;2.272;7.298;0.450;0.200;0.000;0.000;0.000;1.000;
01.04.2026 22:15:00;0.000;0.000;0.000;830.890;1.702;2.229;7.277;0.480;0.200;0.000;0.000;0.000;1.000;
01.04.2026 22:30:00;0.000;0.000;0.000;778.884;1.714;2.236;6.889;0.497;0.200;0.000;0.000;0.000;1.000;
01.04.2026 22:45:00;0.000;0.000;0.000;801.253;1.724;2.283;6.687;0.483;0.200;0.000;0.000;0.000;1.000;
01.04.2026 23:00:00;0.000;0.000;0.000;850.470;1.731;2.328;6.248;0.451;0.200;0.000;0.000;0.000;1.000;
01.04.2026 23:15:00;0.000;0.000;0.000;902.144;1.736;2.349;6.003;0.534;0.200;0.000;0.000;0.000;1.000;
01.04.2026 23:30:00;0.000;0.000;0.000;927.750;1.742;2.344;5.784;0.524;0.200;0.000;0.000;0.000;1.000;
01.04.2026 23:45:00;0.000;0.000;0.000;926.382;1.748;2.330;5.524;0.533;0.200;0.000;0.000;0.000;1.000;
02.04.2026 00:00:00;0.000;0.000;0.000;901.679;1.755;2.317;5.406;0.549;0.200;0.000;0.000;0.000;1.000;
02.04.2026 00:15:00;0.000;0.000;0.000;873.973;1.762;2.315;5.171;0.521;0.000;0.000;0.000;0.000;1.000;
02.04.2026 00:30:00;0.000;0.000;0.000;863.229;1.769;2.321;4.971;0.478;0.000;0.000;0.000;0.000;1.000;
02.04.2026 00:45:00;0.000;0.000;0.000;863.888;1.777;2.332;4.889;0.696;0.000;0.000;0.000;0.000;1.000;
02.04.2026 01:00:00;0.000;0.000;0.000;872.000;1.784;2.339;4.712;0.671;0.000;0.000;0.000;0.000;1.000;
02.04.2026 01:15:00;0.000;0.000;0.000;881.471;1.791;2.341;4.569;0.649;0.000;0.000;0.000;0.000;1.000;
02.04.2026 01:30:00;0.000;0.000;0.000;887.132;1.798;2.340;4.201;0.564;0.000;0.000;0.000;0.000;1.000;
02.04.2026 01:45:00;0.000;0.000;0.000;885.936;1.805;2.337;4.068;0.652;0.000;0.000;0.000;0.000;1.000;
02.04.2026 02:00:00;0.000;0.000;0.000;879.367;1.811;2.338;3.993;0.743;0.000;0.000;0.000;0.000;1.000;
02.04.2026 02:15:00;0.000;0.000;0.000;874.457;1.818;2.341;4.181;0.589;0.000;0.000;0.000;0.000;1.000;
02.04.2026 02:30:00;0.000;0.000;0.000;873.870;1.826;2.344;4.261;0.775;0.000;0.000;0.000;0.000;1.000;
02.04.2026 02:45:00;0.000;0.000;0.000;872.513;1.832;2.348;4.015;0.610;0.000;0.000;0.000;0.000;1.000;
02.04.2026 03:00:00;0.000;0.000;0.000;870.082;1.839;2.352;3.716;0.521;0.000;0.000;0.000;0.000;1.000;
02.04.2026 03:15:00;0.000;0.000;0.000;870.514;1.846;2.353;3.464;0.593;0.000;0.000;0.000;0.000;1.000;
02.04.2026 03:30:00;0.000;0.000;0.000;874.973;1.854;2.355;3.616;0.912;0.000;0.000;0.000;0.000;1.000;
02.04.2026 03:45:00;0.000;0.000;0.000;876.766;1.860;2.356;3.604;0.787;0.000;0.000;0.000;0.000;1.000;
02.04.2026 04:00:00;0.000;0.000;0.000;875.929;1.867;2.356;3.515;0.584;0.000;0.000;0.000;0.000;1.000;
02.04.2026 04:15:00;0.000;0.000;0.000;869.297;1.874;2.356;3.428;0.897;0.000;0.000;0.000;0.000;1.000;
02.04.2026 04:30:00;0.000;0.000;0.000;863.282;1.881;2.360;3.307;0.577;0.000;0.000;0.000;0.000;1.000;
02.04.2026 04:45:00;0.000;0.000;0.000;861.278;1.888;2.363;3.335;0.763;0.000;0.000;0.000;0.000;1.000;
02.04.2026 05:00:00;0.000;0.000;0.000;862.198;1.895;2.367;3.297;0.703;0.000;0.000;0.000;0.000;1.000;
02.04.2026 05:15:00;0.000;0.000;0.000;968.010;1.901;2.373;3.460;0.945;0.000;0.000;0.000;0.000;1.000;
02.04.2026 05:30:00;0.000;0.000;0.000;1448.986;1.877;2.416;3.426;0.806;0.000;0.000;0.000;0.000;1.000;
02.04.2026 05:45:00;0.000;0.000;0.000;1564.848;1.848;2.422;3.838;0.920;0.000;0.000;0.000;0.000;1.000;
02.04.2026 06:00:00;0.000;0.000;0.000;1625.410;1.819;2.381;3.751;0.615;0.000;0.000;0.000;0.000;1.000;
02.04.2026 06:15:00;0.000;0.000;0.000;1627.295;1.790;2.316;3.700;0.502;0.000;0.000;0.000;0.000;1.000;
02.04.2026 06:30:00;0.000;0.000;0.000;1598.047;1.762;2.247;3.752;0.725;0.000;0.000;0.000;0.000;1.000;
02.04.2026 06:45:00;0.000;0.000;0.000;1554.490;1.735;2.193;3.407;0.626;0.000;0.000;0.000;0.000;1.000;
02.04.2026 07:00:00;0.000;0.000;0.000;1523.955;1.708;2.161;3.668;3.258;0.000;0.000;0.000;0.000;1.000;
02.04.2026 07:15:00;0.000;0.000;0.000;1515.078;1.681;2.141;3.460;7.561;0.000;0.000;0.000;0.000;1.000;
02.04.2026 07:30:00;0.000;0.000;0.000;1512.375;1.653;2.122;3.300;24.015;0.000;0.000;0.000;0.000;1.000;
02.04.2026 07:45:00;0.000;0.000;0.000;2397.136;1.606;2.132;3.266;42.443;0.000;0.000;0.000;1.000;0.000;
02.04.2026 08:00:00;0.000;0.000;0.000;2257.823;1.529;2.137;3.679;59.671;0.000;0.000;0.000;1.000;0.000;
02.04.2026 08:15:00;0.000;0.000;0.000;1758.302;1.482;2.041;3.931;73.247;0.000;0.000;0.000;0.000;1.000;
02.04.2026 08:30:00;0.000;0.000;0.000;1410.910;1.460;1.930;4.239;103.492;0.000;0.000;0.000;1.000;0.000;
02.04.2026 08:45:00;0.000;0.000;0.000;1173.542;1.440;1.878;4.511;116.016;0.000;0.000;0.000;1.000;0.000;
02.04.2026 09:00:00;0.000;0.000;0.000;1482.123;1.420;1.866;4.881;154.415;0.000;0.000;1.000;0.000;0.000;
02.04.2026 09:15:00;0.000;0.000;0.000;1454.359;1.392;1.882;5.374;203.402;0.000;0.000;1.000;0.000;0.000;
02.04.2026 09:30:00;0.000;0.000;0.000;1272.100;1.377;1.857;5.758;256.136;0.000;0.000;1.000;0.000;0.000;
02.04.2026 09:45:00;0.000;0.000;0.000;1252.938;1.364;1.824;6.930;338.488;0.000;0.000;1.000;0.000;0.000;
02.04.2026 10:00:00;0.000;0.000;0.000;908.987;1.361;1.768;9.085;785.931;0.000;0.000;1.000;0.000;0.000;
02.04.2026 10:15:00;0.000;0.000;0.000;1061.812;1.365;1.725;11.716;742.698;0.000;0.000;1.000;0.000;0.000;
02.04.2026 10:30:00;0.000;0.000;0.000;1571.383;1.346;1.734;15.104;910.369;0.000;0.000;1.000;0.000;0.000;
02.04.2026 10:45:00;0.000;0.000;0.000;1268.431;1.316;1.731;18.016;466.936;0.000;0.000;1.000;0.000;0.000;
02.04.2026 11:00:00;0.000;0.000;0.000;1295.392;1.308;1.661;17.951;811.968;0.000;0.000;1.000;0.000;0.000;
02.04.2026 11:15:00;0.000;0.000;0.000;1213.904;1.294;1.611;17.101;360.596;0.000;0.000;1.000;0.000;0.000;
02.04.2026 11:30:00;0.000;0.000;0.000;1157.857;1.289;1.580;13.299;1010.126;0.000;0.000;1.000;0.000;0.000;
02.04.2026 11:45:00;0.000;0.000;0.000;781.841;1.294;1.577;15.979;1137.781;0.000;0.000;1.000;0.000;0.000;
02.04.2026 12:00:00;0.000;0.000;0.000;463.101;1.315;1.588;18.356;1059.364;0.000;0.000;1.000;0.000;0.000;
02.04.2026 12:15:00;0.000;0.000;0.000;309.787;1.351;1.609;20.193;1120.299;0.000;0.000;1.000;0.000;0.000;
02.04.2026 12:30:00;0.000;0.000;0.000;289.761;1.387;1.652;19.600;1282.592;0.000;0.000;1.000;0.000;0.000;
02.04.2026 12:45:00;0.000;0.000;0.000;295.659;1.422;1.702;21.301;1384.541;0.000;0.000;1.000;0.000;0.000;
02.04.2026 13:00:00;0.000;0.000;0.000;193.204;1.459;1.740;21.725;1428.773;0.000;0.000;1.000;0.000;0.000;
02.04.2026 13:15:00;0.000;0.000;0.000;167.661;1.502;1.781;22.199;1448.889;0.000;0.000;1.000;0.000;0.000;
02.04.2026 13:30:00;0.000;0.000;0.000;155.432;1.545;1.837;22.402;1448.885;0.000;0.000;1.000;0.000;0.000;
02.04.2026 13:45:00;0.000;0.000;0.000;184.580;1.587;1.891;22.192;777.619;0.000;0.000;1.000;0.000;0.000;
02.04.2026 14:00:00;0.000;0.000;0.000;717.140;1.621;1.940;19.639;443.465;0.000;0.000;1.000;0.000;0.000;
02.04.2026 14:15:00;0.000;0.000;0.000;365.320;1.637;1.996;18.484;687.294;0.000;0.000;0.000;1.000;0.000;
02.04.2026 14:30:00;0.000;0.000;0.000;483.479;1.668;2.005;17.648;438.755;0.000;0.000;0.000;1.000;0.000;
02.04.2026 14:45:00;0.000;0.000;0.000;431.151;1.696;2.028;16.697;517.101;0.000;0.000;0.000;0.000;1.000;
02.04.2026 15:00:00;0.000;0.000;0.000;793.204;1.715;2.084;15.888;453.606;0.000;0.000;1.000;0.000;0.000;
02.04.2026 15:15:00;0.000;0.000;0.000;824.651;1.717;2.155;15.099;390.101;0.000;0.000;1.000;0.000;0.000;
02.04.2026 15:30:00;0.000;0.000;0.000;835.891;1.722;2.194;14.463;381.021;0.000;0.000;1.000;0.000;0.000;
02.04.2026 15:45:00;0.000;0.000;0.000;901.272;1.725;2.220;14.676;389.250;0.000;0.000;1.000;0.000;0.000;
02.04.2026 16:00:00;0.000;0.000;0.000;835.383;1.733;2.240;15.076;384.603;0.000;0.000;1.000;0.000;0.000;
02.04.2026 16:15:00;0.000;0.000;0.000;887.471;1.737;2.260;15.059;369.755;0.000;0.000;1.000;0.000;0.000;
02.04.2026 16:30:00;0.000;0.000;0.000;846.823;1.749;2.251;15.143;325.638;0.000;0.000;1.000;0.000;0.000;
02.04.2026 16:45:00;0.000;0.000;0.000;848.220;1.760;2.246;14.787;287.121;0.000;0.000;1.000;0.000;0.000;
02.04.2026 17:00:00;0.000;0.000;0.000;764.574;1.770;2.241;14.792;227.231;0.000;0.000;1.000;0.000;0.000;
02.04.2026 17:15:00;0.000;0.000;0.000;970.872;1.781;2.239;14.120;209.054;0.000;0.000;1.000;0.000;0.000;
02.04.2026 17:30:00;0.000;0.000;0.000;922.520;1.786;2.248;13.831;179.996;0.000;0.000;1.000;0.000;0.000;
02.04.2026 17:45:00;0.000;0.000;0.000;1036.898;1.790;2.249;13.554;131.461;0.000;0.000;1.000;0.000;0.000;
02.04.2026 18:00:00;0.000;0.000;0.000;948.188;1.791;2.241;13.065;209.823;0.000;0.000;1.000;0.000;0.000;
02.04.2026 18:15:00;0.000;0.000;0.000;908.708;1.796;2.232;12.772;146.913;0.000;0.000;1.000;0.000;0.000;
02.04.2026 18:30:00;0.000;0.000;0.000;932.805;1.799;2.231;12.750;119.015;0.000;0.000;1.000;0.000;0.000;
02.04.2026 18:45:00;0.000;0.000;0.000;1077.412;1.796;2.236;12.709;94.732;0.000;0.000;1.000;0.000;0.000;
02.04.2026 19:00:00;0.000;0.000;0.000;1103.754;1.787;2.248;12.403;88.863;0.000;0.000;1.000;0.000;0.000;
02.04.2026 19:15:00;0.000;0.000;0.000;1199.014;1.783;2.240;12.206;51.189;0.000;0.000;1.000;0.000;0.000;
02.04.2026 19:30:00;0.000;0.000;0.000;1183.813;1.772;2.239;11.177;28.012;0.000;0.000;1.000;0.000;0.000;
02.04.2026 19:45:00;0.000;0.000;0.000;1143.910;1.767;2.216;10.127;11.527;0.000;0.000;1.000;0.000;0.000;
02.04.2026 20:00:00;0.000;0.000;0.000;1065.518;1.761;2.212;9.590;4.387;0.000;0.000;1.000;0.000;0.000;
02.04.2026 20:15:00;0.000;0.000;0.000;1281.303;1.749;2.225;9.203;0.450;0.000;0.000;1.000;0.000;0.000;
02.04.2026 20:30:00;0.000;0.000;0.000;1181.201;1.737;2.227;8.956;0.450;0.000;0.000;1.000;0.000;0.000;
02.04.2026 20:45:00;0.000;0.000;0.000;1258.048;1.729;2.217;8.911;0.454;0.000;0.000;1.000;0.000;0.000;
02.04.2026 21:00:00;0.000;0.000;0.000;1213.428;1.719;2.215;8.925;0.450;0.000;0.000;1.000;0.000;0.000;
02.04.2026 21:15:00;0.000;0.000;0.000;1118.126;1.713;2.205;8.914;0.450;0.000;0.000;1.000;0.000;0.000;
02.04.2026 21:30:00;0.000;0.000;0.000;940.553;1.711;2.196;8.822;0.417;0.000;0.000;1.000;0.000;0.000;
02.04.2026 21:45:00;0.000;0.000;0.000;874.935;1.717;2.188;8.705;0.458;0.000;0.000;1.000;0.000;0.000;
02.04.2026 22:00:00;0.000;0.000;0.000;753.773;1.725;2.191;8.686;0.450;0.000;0.000;1.000;0.000;0.000;
02.04.2026 22:15:00;0.000;0.000;0.000;882.555;1.735;2.207;8.556;0.450;0.000;0.000;1.000;0.000;0.000;
02.04.2026 22:30:00;0.000;0.000;0.000;705.395;1.746;2.216;8.546;0.450;0.000;0.000;1.000;0.000;0.000;
02.04.2026 22:45:00;0.000;0.000;0.000;699.335;1.760;2.224;8.340;0.450;0.000;0.000;1.000;0.000;0.000;
02.04.2026 23:00:00;0.000;0.000;0.000;624.807;1.776;2.231;7.959;0.450;0.000;0.000;1.000;0.000;0.000;
02.04.2026 23:15:00;0.000;0.000;0.000;674.510;1.796;2.236;7.545;0.453;0.000;0.000;0.000;1.000;0.000;
02.04.2026 23:30:00;0.000;0.000;0.000;771.715;1.810;2.249;7.467;0.450;0.000;0.000;0.000;0.000;1.000;
02.04.2026 23:45:00;0.000;0.000;0.000;857.970;1.818;2.262;7.216;0.450;0.000;0.000;0.000;0.000;1.000;
03.04.2026 00:00:00;0.000;0.000;0.000;899.588;1.824;2.267;7.051;0.450;0.000;0.000;0.000;0.000;1.000;
03.04.2026 00:15:00;0.000;0.000;0.000;903.830;1.829;2.266;6.884;0.450;0.000;0.000;0.000;0.000;1.000;
03.04.2026 00:30:00;0.000;0.000;0.000;869.979;1.836;2.259;6.687;0.450;0.000;0.000;0.000;0.000;1.000;
03.04.2026 00:45:00;0.000;0.000;0.000;831.465;1.844;2.258;6.685;0.450;0.000;0.000;0.000;0.000;1.000;
03.04.2026 01:00:00;0.000;0.000;0.000;807.074;1.853;2.263;6.674;0.453;0.000;0.000;0.000;0.000;1.000;
03.04.2026 01:15:00;0.000;0.000;0.000;798.332;1.862;2.274;6.600;0.529;0.000;0.000;0.000;0.000;1.000;
03.04.2026 01:30:00;0.000;0.000;0.000;800.183;1.872;2.286;6.289;0.465;0.000;0.000;0.000;0.000;1.000;
03.04.2026 01:45:00;0.000;0.000;0.000;816.277;1.881;2.296;5.820;0.470;0.000;0.000;0.000;0.000;1.000;
03.04.2026 02:00:00;0.000;0.000;0.000;824.619;1.890;2.300;5.858;0.535;0.000;0.000;0.000;0.000;1.000;
03.04.2026 02:15:00;0.000;0.000;0.000;837.164;1.899;2.303;5.779;0.631;0.000;0.000;0.000;0.000;1.000;
03.04.2026 02:30:00;0.000;0.000;0.000;837.437;1.907;2.305;5.612;0.535;0.000;0.000;0.000;0.000;1.000;
03.04.2026 02:45:00;0.000;0.000;0.000;840.012;1.916;2.308;5.694;0.568;0.000;0.000;0.000;0.000;1.000;
03.04.2026 03:00:00;0.000;0.000;0.000;825.717;1.924;2.313;5.685;0.482;0.000;0.000;0.000;0.000;1.000;
03.04.2026 03:15:00;0.000;0.000;0.000;817.226;1.933;2.320;5.617;0.483;0.000;0.000;0.000;0.000;1.000;
03.04.2026 03:30:00;0.000;0.000;0.000;813.507;1.941;2.327;5.289;0.678;0.000;0.000;0.000;0.000;1.000;
03.04.2026 03:45:00;0.000;0.000;0.000;811.554;1.950;2.333;5.381;0.746;0.000;0.000;0.000;0.000;1.000;
03.04.2026 04:00:00;0.000;0.000;0.000;813.511;1.959;2.340;5.182;0.745;0.000;0.000;0.000;0.000;1.000;
03.04.2026 04:15:00;0.000;0.000;0.000;818.013;1.968;2.344;5.381;0.457;0.000;0.000;0.000;0.000;1.000;
03.04.2026 04:30:00;0.000;0.000;0.000;820.030;1.977;2.350;5.640;0.481;0.000;0.000;0.000;0.000;1.000;
03.04.2026 04:45:00;0.000;0.000;0.000;820.036;1.985;2.353;5.695;0.494;0.000;0.000;0.000;0.000;1.000;
03.04.2026 05:00:00;0.000;0.000;0.000;820.417;1.994;2.357;5.713;0.450;0.000;0.000;0.000;0.000;1.000;
03.04.2026 05:15:00;0.000;0.000;0.000;1294.451;1.997;2.374;5.918;0.448;0.000;0.000;0.000;0.000;1.000;
03.04.2026 05:30:00;0.000;0.000;0.000;1396.914;1.976;2.414;5.799;0.450;0.000;0.000;0.000;0.000;1.000;
03.04.2026 05:45:00;0.000;0.000;0.000;1628.953;1.945;2.425;5.667;0.450;0.000;0.000;0.000;0.000;1.000;
03.04.2026 06:00:00;0.000;0.000;0.000;1718.397;1.913;2.378;5.828;0.484;0.000;0.000;0.000;0.000;1.000;
03.04.2026 06:15:00;0.000;0.000;0.000;1749.746;1.880;2.296;5.985;0.414;0.000;0.000;0.000;0.000;1.000;
03.04.2026 06:30:00;0.000;0.000;0.000;1753.803;1.848;2.204;5.940;0.551;0.000;0.000;0.000;0.000;1.000;
03.04.2026 06:45:00;0.000;0.000;0.000;1453.727;1.817;2.122;5.649;0.520;0.000;0.000;0.000;1.000;0.000;
03.04.2026 07:00:00;0.000;0.000;0.000;1632.726;1.798;2.048;5.199;3.263;0.000;0.000;0.000;1.000;0.000;
03.04.2026 07:15:00;0.000;0.000;0.000;2030.374;1.751;2.051;5.050;9.106;0.000;0.000;0.000;0.000;1.000;
03.04.2026 07:30:00;0.000;0.000;0.000;2251.124;1.689;2.044;4.796;17.639;0.000;0.000;0.000;0.000;1.000;
03.04.2026 07:45:00;0.000;0.000;0.000;2263.276;1.622;1.993;4.633;24.796;0.000;0.000;0.000;0.000;1.000;
03.04.2026 08:00:00;0.000;0.000;0.000;2143.187;1.563;1.903;4.516;32.806;0.000;0.000;0.000;0.000;1.000;
03.04.2026 08:15:00;0.000;0.000;0.000;1964.666;1.512;1.802;4.761;39.111;0.000;0.000;0.000;0.000;1.000;
03.04.2026 08:30:00;0.000;0.000;0.000;1827.624;1.468;1.729;5.059;45.356;0.000;0.000;0.000;0.000;1.000;
03.04.2026 08:45:00;0.000;0.000;0.000;2011.776;1.413;1.706;4.875;51.168;0.000;0.000;0.000;0.000;1.000;
03.04.2026 09:00:00;0.000;0.000;0.000;2000.298;1.358;1.680;5.370;57.581;0.000;0.000;0.000;0.000;1.000;
03.04.2026 09:15:00;0.000;0.000;0.000;1986.035;1.303;1.634;5.712;369.043;0.000;0.000;0.000;0.000;1.000;
03.04.2026 09:30:00;0.000;0.000;0.000;1974.966;1.251;1.572;9.666;590.623;0.000;0.000;0.000;0.000;1.000;
03.04.2026 09:45:00;0.000;0.000;0.000;1960.567;1.199;1.506;13.318;676.362;0.000;0.000;0.000;0.000;1.000;
03.04.2026 10:00:00;0.000;0.000;0.000;1255.903;1.187;1.401;15.909;721.164;0.000;0.000;0.000;0.000;1.000;
03.04.2026 10:15:00;0.000;0.000;0.000;1187.406;1.180;1.339;17.820;696.679;0.000;0.000;0.000;0.000;1.000;
03.04.2026 10:30:00;0.000;0.000;0.000;1167.400;1.172;1.309;19.097;698.880;0.000;0.000;0.000;0.000;1.000;
03.04.2026 10:45:00;0.000;0.000;0.000;591.787;1.193;1.247;20.250;647.798;0.000;0.000;0.000;0.000;1.000;
03.04.2026 11:00:00;0.000;0.000;0.000;544.516;1.221;1.200;21.725;702.469;0.000;0.000;0.000;0.000;1.000;
03.04.2026 11:15:00;0.000;0.000;0.000;571.053;1.249;1.181;23.025;705.615;0.000;0.000;0.000;0.000;1.000;
03.04.2026 11:30:00;0.000;0.000;0.000;515.211;1.278;1.197;23.375;734.045;0.000;0.000;0.000;0.000;1.000;
03.04.2026 11:45:00;0.000;0.000;0.000;463.700;1.305;1.229;22.984;803.388;0.000;0.000;0.000;0.000;1.000;
03.04.2026 12:00:00;0.000;0.000;0.000;412.842;1.333;1.276;23.994;987.147;0.000;0.000;0.000;0.000;1.000;
03.04.2026 12:15:00;0.000;0.000;0.000;399.249;1.361;1.341;25.284;983.954;0.000;0.000;0.000;0.000;1.000;
03.04.2026 12:30:00;0.000;0.000;0.000;389.069;1.388;1.411;25.419;1152.074;0.000;0.000;0.000;0.000;1.000;
03.04.2026 12:45:00;0.000;0.000;0.000;401.237;1.416;1.479;25.150;1292.395;0.000;0.000;0.000;0.000;1.000;
03.04.2026 13:00:00;0.000;0.000;0.000;412.921;1.444;1.535;25.588;1287.907;0.000;0.000;0.000;0.000;1.000;
03.04.2026 13:15:00;0.000;0.000;0.000;425.526;1.473;1.586;25.222;1220.008;0.000;0.000;0.000;0.000;1.000;
03.04.2026 13:30:00;0.000;0.000;0.000;426.042;1.501;1.633;25.536;1047.346;0.000;0.000;0.000;0.000;1.000;
03.04.2026 13:45:00;0.000;0.000;0.000;420.062;1.529;1.681;25.579;1101.490;0.000;0.000;0.000;0.000;1.000;
03.04.2026 14:00:00;0.000;0.000;0.000;416.262;1.556;1.735;25.501;1241.820;0.000;0.000;0.000;0.000;1.000;
03.04.2026 14:15:00;0.000;0.000;0.000;419.868;1.584;1.793;25.313;1087.882;0.000;0.000;0.000;0.000;1.000;
03.04.2026 14:30:00;0.000;0.000;0.000;318.889;1.616;1.844;23.874;813.390;0.000;0.000;0.000;0.000;1.000;
03.04.2026 14:45:00;0.000;0.000;0.000;309.434;1.650;1.895;23.802;889.907;0.000;0.000;0.000;0.000;1.000;
03.04.2026 15:00:00;0.000;0.000;0.000;328.122;1.684;1.952;23.397;949.041;0.000;0.000;0.000;0.000;1.000;
03.04.2026 15:15:00;0.000;0.000;0.000;378.048;1.716;2.014;23.280;1043.470;0.000;0.000;0.000;0.000;1.000;
03.04.2026 15:30:00;0.000;0.000;0.000;431.713;1.745;2.077;22.424;1040.600;0.000;0.000;0.000;0.000;1.000;
03.04.2026 15:45:00;0.000;0.000;0.000;470.839;1.773;2.130;21.925;1016.673;0.000;0.000;0.000;0.000;1.000;
03.04.2026 16:00:00;0.000;0.000;0.000;532.330;1.799;2.182;21.291;785.207;0.000;0.000;0.000;0.000;1.000;
03.04.2026 16:15:00;0.000;0.000;0.000;923.269;1.810;2.228;20.569;708.489;0.000;0.000;1.000;0.000;0.000;
03.04.2026 16:30:00;0.000;0.000;0.000;1144.431;1.808;2.250;20.080;551.817;0.000;0.000;1.000;0.000;0.000;
03.04.2026 16:45:00;0.000;0.000;0.000;1379.265;1.798;2.251;19.622;500.928;0.000;0.000;1.000;0.000;0.000;
03.04.2026 17:00:00;0.000;0.000;0.000;1557.390;1.775;2.247;19.178;439.342;0.000;0.000;1.000;0.000;0.000;
03.04.2026 17:15:00;0.000;0.000;0.000;1687.251;1.751;2.224;18.914;444.033;0.000;0.000;1.000;0.000;0.000;
03.04.2026 17:30:00;0.000;0.000;0.000;1685.393;1.716;2.206;18.526;404.766;0.000;0.000;1.000;0.000;0.000;
03.04.2026 17:45:00;0.000;0.000;0.000;1859.268;1.677;2.195;17.909;325.841;0.000;0.000;1.000;0.000;0.000;
03.04.2026 18:00:00;0.000;0.000;0.000;1958.484;1.640;2.179;17.617;138.595;0.000;0.000;1.000;0.000;0.000;
03.04.2026 18:15:00;0.000;0.000;0.000;1509.984;1.608;2.167;17.041;349.082;0.000;0.000;0.000;1.000;0.000;
03.04.2026 18:30:00;0.000;0.000;0.000;973.723;1.607;2.123;16.196;310.074;0.000;0.000;0.000;1.000;0.000;
03.04.2026 18:45:00;0.000;0.000;0.000;859.105;1.626;2.098;15.464;271.052;0.000;0.000;0.000;1.000;0.000;
03.04.2026 19:00:00;0.000;0.000;0.000;969.829;1.637;2.133;14.726;247.080;0.000;0.000;0.000;1.000;0.000;
03.04.2026 19:15:00;0.000;0.000;0.000;1107.535;1.638;2.192;13.747;38.361;0.000;0.000;0.000;1.000;0.000;
03.04.2026 19:30:00;0.000;0.000;0.000;1172.995;1.636;2.231;13.012;15.974;0.000;0.000;0.000;1.000;0.000;
03.04.2026 19:45:00;0.000;0.000;0.000;1196.550;1.634;2.231;12.209;7.160;0.000;0.000;0.000;0.000;1.000;
03.04.2026 20:00:00;0.000;0.000;0.000;1184.826;1.634;2.209;11.595;2.480;0.000;0.000;0.000;0.000;1.000;
03.04.2026 20:15:00;0.000;0.000;0.000;1200.267;1.635;2.187;11.220;0.501;0.000;0.000;0.000;1.000;0.000;
03.04.2026 20:30:00;0.000;0.000;0.000;1139.024;1.634;2.182;11.295;0.450;0.000;0.000;0.000;1.000;0.000;
03.04.2026 20:45:00;0.000;0.000;0.000;1096.900;1.635;2.184;10.996;0.450;0.000;0.000;0.000;0.000;1.000;
03.04.2026 21:00:00;0.000;0.000;0.000;1079.722;1.636;2.194;10.754;0.448;0.000;0.000;0.000;0.000;1.000;
03.04.2026 21:15:00;0.000;0.000;0.000;1082.782;1.638;2.204;10.696;0.450;0.000;0.000;0.000;1.000;0.000;
03.04.2026 21:30:00;0.000;0.000;0.000;1105.120;1.640;2.215;10.633;0.450;0.000;0.000;0.000;0.000;1.000;
03.04.2026 21:45:00;0.000;0.000;0.000;1126.455;1.640;2.219;10.861;0.449;0.000;0.000;0.000;0.000;1.000;
03.04.2026 22:00:00;0.000;0.000;0.000;1136.160;1.641;2.216;10.802;0.450;0.000;0.000;0.000;0.000;1.000;
03.04.2026 22:15:00;0.000;0.000;0.000;845.942;1.655;2.191;10.953;0.450;0.000;0.000;0.000;0.000;1.000;
03.04.2026 22:30:00;0.000;0.000;0.000;780.260;1.672;2.186;10.726;0.450;0.000;0.000;0.000;0.000;1.000;
03.04.2026 22:45:00;0.000;0.000;0.000;748.271;1.690;2.201;10.771;0.450;0.000;0.000;0.000;0.000;1.000;
03.04.2026 23:00:00;0.000;0.000;0.000;742.302;1.708;2.225;10.617;0.500;0.000;0.000;0.000;0.000;1.000;
03.04.2026 23:15:00;0.000;0.000;0.000;764.840;1.726;2.247;10.710;0.450;0.000;0.000;0.000;0.000;1.000;
03.04.2026 23:30:00;0.000;0.000;0.000;802.305;1.742;2.270;10.520;0.450;0.000;0.000;0.000;0.000;1.000;
03.04.2026 23:45:00;0.000;0.000;0.000;820.361;1.760;2.260;10.701;0.450;0.000;0.000;0.000;0.000;1.000;
04.04.2026 00:00:00;0.000;0.000;0.000;812.778;1.777;2.246;10.730;0.450;0.000;0.000;0.000;0.000;1.000;
04.04.2026 00:15:00;0.000;0.000;0.000;783.133;1.793;2.242;10.796;0.450;0.000;0.000;0.000;0.000;1.000;
04.04.2026 00:30:00;0.000;0.000;0.000;764.175;1.811;2.249;10.370;0.450;0.000;0.000;0.000;0.000;1.000;
04.04.2026 00:45:00;0.000;0.000;0.000;757.082;1.828;2.262;10.161;0.450;0.000;0.000;0.000;0.000;1.000;
04.04.2026 01:00:00;0.000;0.000;0.000;753.335;1.845;2.277;10.248;0.450;0.000;0.000;0.000;0.000;1.000;
04.04.2026 01:15:00;0.000;0.000;0.000;766.927;1.862;2.288;10.024;0.450;0.000;0.000;0.000;0.000;1.000;
04.04.2026 01:30:00;0.000;0.000;0.000;772.691;1.879;2.291;10.101;0.462;0.000;0.000;0.000;0.000;1.000;
04.04.2026 01:45:00;0.000;0.000;0.000;773.459;1.896;2.292;9.902;0.450;0.000;0.000;0.000;0.000;1.000;
04.04.2026 02:00:00;0.000;0.000;0.000;773.941;1.914;2.290;9.889;0.453;0.000;0.000;0.000;0.000;1.000;
04.04.2026 02:15:00;0.000;0.000;0.000;761.466;1.931;2.292;9.862;0.450;0.000;0.000;0.000;0.000;1.000;
04.04.2026 02:30:00;0.000;0.000;0.000;756.437;1.947;2.300;9.798;0.450;0.000;0.000;0.000;0.000;1.000;
04.04.2026 02:45:00;0.000;0.000;0.000;749.015;1.964;2.309;9.633;0.450;0.000;0.000;0.000;0.000;1.000;
04.04.2026 03:00:00;0.000;0.000;0.000;745.167;1.981;2.317;9.768;0.446;0.000;0.000;0.000;0.000;1.000;
04.04.2026 03:15:00;0.000;0.000;0.000;742.798;1.998;2.325;9.996;0.450;0.000;0.000;0.000;0.000;1.000;
04.04.2026 03:30:00;0.000;0.000;0.000;746.960;2.016;2.332;9.948;0.450;0.000;0.000;0.000;0.000;1.000;
04.04.2026 03:45:00;0.000;0.000;0.000;745.423;2.033;2.333;10.076;0.448;0.000;0.000;0.000;0.000;1.000;
04.04.2026 04:00:00;0.000;0.000;0.000;743.731;2.050;2.336;10.087;0.450;0.000;0.000;0.000;0.000;1.000;
04.04.2026 04:15:00;0.000;0.000;0.000;738.696;2.067;2.337;9.867;0.450;0.000;0.000;0.000;0.000;1.000;
04.04.2026 04:30:00;0.000;0.000;0.000;732.456;2.084;2.344;9.825;0.450;0.000;0.000;0.000;0.000;1.000;
04.04.2026 04:45:00;0.000;0.000;0.000;728.543;2.101;2.352;9.597;0.450;0.000;0.000;0.000;0.000;1.000;
04.04.2026 05:00:00;0.000;0.000;0.000;723.793;2.118;2.359;9.600;0.450;0.000;0.000;0.000;0.000;1.000;
04.04.2026 05:15:00;0.000;0.000;0.000;1474.775;2.130;2.381;9.772;0.450;0.000;0.000;0.000;0.000;1.000;
04.04.2026 05:30:00;0.000;0.000;0.000;1633.413;2.098;2.455;9.796;0.450;0.000;0.000;0.000;0.000;1.000;
04.04.2026 05:45:00;0.000;0.000;0.000;1958.822;2.056;2.469;9.472;0.450;0.000;0.000;0.000;0.000;1.000;
04.04.2026 06:00:00;0.000;0.000;0.000;2064.365;2.011;2.403;9.644;0.450;0.000;0.000;0.000;0.000;1.000;
04.04.2026 06:15:00;0.000;0.000;0.000;2062.482;1.968;2.297;9.744;0.463;0.000;0.000;0.000;0.000;1.000;
04.04.2026 06:30:00;0.000;0.000;0.000;2012.902;1.926;2.188;9.511;0.450;0.000;0.000;0.000;0.000;1.000;
04.04.2026 06:45:00;0.000;0.000;0.000;1924.295;1.885;2.106;9.623;0.450;0.000;0.000;0.000;0.000;1.000;
04.04.2026 07:00:00;0.000;0.000;0.000;1877.879;1.846;2.056;9.706;1.013;0.000;0.000;0.000;0.000;1.000;
04.04.2026 07:15:00;0.000;0.000;0.000;1873.649;1.806;2.023;9.809;5.966;0.000;0.000;0.000;0.000;1.000;
04.04.2026 07:30:00;0.000;0.000;0.000;1557.654;1.771;1.982;9.812;13.725;0.000;0.000;1.000;0.000;0.000;
04.04.2026 07:45:00;0.000;0.000;0.000;1611.433;1.750;1.915;9.852;24.727;0.000;0.000;1.000;0.000;0.000;
04.04.2026 08:00:00;0.000;0.000;0.000;1696.354;1.724;1.872;9.849;42.506;0.000;0.000;1.000;0.000;0.000;
04.04.2026 08:15:00;0.000;0.000;0.000;1872.854;1.687;1.848;10.113;52.465;0.000;0.000;1.000;0.000;0.000;
04.04.2026 08:30:00;0.000;0.000;0.000;1829.167;1.649;1.796;10.059;66.321;0.000;0.000;1.000;0.000;0.000;
04.04.2026 08:45:00;0.000;0.000;0.000;1880.467;1.609;1.738;10.113;83.453;0.000;0.000;1.000;0.000;0.000;
04.04.2026 09:00:00;0.000;0.000;0.000;1958.962;1.567;1.677;10.496;167.862;0.000;0.000;1.000;0.000;0.000;
04.04.2026 09:15:00;0.000;0.000;0.000;1899.010;1.526;1.610;11.296;210.281;0.000;0.000;1.000;0.000;0.000;
04.04.2026 09:30:00;0.000;0.000;0.000;1745.850;1.482;1.560;12.120;216.920;0.000;0.000;1.000;0.000;0.000;
04.04.2026 09:45:00;0.000;0.000;0.000;1698.101;1.452;1.492;12.688;247.585;0.000;0.000;1.000;0.000;0.000;
04.04.2026 10:00:00;0.000;0.000;0.000;1652.567;1.422;1.446;13.255;278.642;0.000;0.000;1.000;0.000;0.000;
04.04.2026 10:15:00;0.000;0.000;0.000;1690.336;1.386;1.416;13.878;255.706;0.000;0.000;0.000;1.000;0.000;
04.04.2026 10:30:00;0.000;0.000;0.000;995.472;1.372;1.347;14.182;257.306;0.000;0.000;0.000;1.000;0.000;
04.04.2026 10:45:00;0.000;0.000;0.000;584.838;1.398;1.272;14.508;308.431;0.000;0.000;0.000;1.000;0.000;
04.04.2026 11:00:00;0.000;0.000;0.000;791.876;1.419;1.289;15.108;330.800;0.000;0.000;0.000;1.000;0.000;
04.04.2026 11:15:00;0.000;0.000;0.000;815.624;1.427;1.362;15.699;333.803;0.000;0.000;0.000;1.000;0.000;
04.04.2026 11:30:00;0.000;0.000;0.000;627.556;1.443;1.415;16.410;508.807;0.000;0.000;0.000;1.000;0.000;
04.04.2026 11:45:00;0.000;0.000;0.000;654.165;1.464;1.454;17.370;417.348;0.000;0.000;0.000;1.000;0.000;
04.04.2026 12:00:00;0.000;0.000;0.000;631.689;1.485;1.494;17.596;426.198;0.000;0.000;0.000;1.000;0.000;
04.04.2026 12:15:00;0.000;0.000;0.000;405.854;1.516;1.525;18.188;587.380;0.000;0.000;0.000;0.000;1.000;
04.04.2026 12:30:00;0.000;0.000;0.000;393.663;1.551;1.565;19.753;1302.013;0.000;0.000;0.000;0.000;1.000;
04.04.2026 12:45:00;0.000;0.000;0.000;466.364;1.584;1.617;23.883;1285.869;0.000;0.000;0.000;0.000;1.000;
04.04.2026 13:00:00;0.000;0.000;0.000;588.494;1.611;1.679;26.264;1343.220;0.000;0.000;0.000;0.000;1.000;
04.04.2026 13:15:00;0.000;0.000;0.000;329.160;1.646;1.710;27.293;1280.705;0.000;0.000;0.000;1.000;0.000;
04.04.2026 13:30:00;0.000;0.000;0.000;312.315;1.689;1.736;27.455;1141.250;0.000;0.000;0.000;1.000;0.000;
04.04.2026 13:45:00;0.000;0.000;0.000;300.569;1.731;1.781;27.786;1031.704;0.000;0.000;0.000;1.000;0.000;
04.04.2026 14:00:00;0.000;0.000;0.000;303.086;1.774;1.835;28.296;1008.419;0.000;0.000;0.000;0.000;1.000;
04.04.2026 14:15:00;0.000;0.000;0.000;316.978;1.817;1.885;28.068;1068.093;0.000;0.000;0.000;0.000;1.000;
04.04.2026 14:30:00;0.000;0.000;0.000;340.906;1.859;1.933;28.513;1116.964;0.000;0.000;0.000;0.000;1.000;
04.04.2026 14:45:00;0.000;0.000;0.000;360.102;1.902;1.975;28.487;1190.375;0.000;0.000;0.000;0.000;1.000;
04.04.2026 15:00:00;0.000;0.000;0.000;393.785;1.946;2.021;28.175;1163.701;0.000;0.000;0.000;0.000;1.000;
04.04.2026 15:15:00;0.000;0.000;0.000;399.617;1.989;2.051;27.607;1084.382;0.000;0.000;0.000;0.000;1.000;
04.04.2026 15:30:00;0.000;0.000;0.000;398.602;2.032;2.087;26.823;1086.062;0.000;0.000;0.000;0.000;1.000;
04.04.2026 15:45:00;0.000;0.000;0.000;402.474;2.075;2.129;25.900;862.000;0.000;0.000;0.000;0.000;1.000;
04.04.2026 16:00:00;0.000;0.000;0.000;413.218;2.119;2.177;24.699;781.736;0.000;0.000;0.000;0.000;1.000;
04.04.2026 16:15:00;0.000;0.000;0.000;673.646;2.154;2.247;24.509;697.845;0.000;0.000;1.000;0.000;0.000;
04.04.2026 16:30:00;0.000;0.000;0.000;826.593;2.175;2.327;23.868;524.635;0.000;0.000;1.000;0.000;0.000;
04.04.2026 16:45:00;0.000;0.000;0.000;1128.577;2.191;2.389;23.303;419.636;0.000;0.000;1.000;0.000;0.000;
04.04.2026 17:00:00;0.000;0.000;0.000;1117.736;2.203;2.425;22.730;406.530;0.000;0.000;1.000;0.000;0.000;
04.04.2026 17:15:00;0.000;0.000;0.000;1362.468;2.208;2.462;22.464;389.604;0.000;0.000;1.000;0.000;0.000;
04.04.2026 17:30:00;0.000;0.000;0.000;1589.473;2.202;2.508;22.149;347.847;0.000;0.000;1.000;0.000;0.000;
04.04.2026 17:45:00;0.000;0.000;0.000;1810.105;2.184;2.584;21.836;334.262;0.000;0.000;1.000;0.000;0.000;
04.04.2026 18:00:00;0.000;0.000;0.000;1829.025;2.171;2.609;21.486;369.141;0.000;0.000;1.000;0.000;0.000;
04.04.2026 18:15:00;0.000;0.000;0.000;1689.388;2.159;2.601;21.051;371.699;0.000;0.000;1.000;0.000;0.000;
04.04.2026 18:30:00;0.000;0.000;0.000;1516.978;2.160;2.573;19.926;350.978;0.000;0.000;1.000;0.000;0.000;
04.04.2026 18:45:00;0.000;0.000;0.000;1494.393;2.171;2.522;19.400;300.563;0.000;0.000;1.000;0.000;0.000;
04.04.2026 19:00:00;0.000;0.000;0.000;1323.637;2.184;2.499;18.705;224.861;0.000;0.000;1.000;0.000;0.000;
04.04.2026 19:15:00;0.000;0.000;0.000;1264.460;2.196;2.516;17.725;56.587;0.000;0.000;1.000;0.000;0.000;
04.04.2026 19:30:00;0.000;0.000;0.000;1146.628;2.214;2.499;16.978;29.009;0.000;0.000;1.000;0.000;0.000;
04.04.2026 19:45:00;0.000;0.000;0.000;1309.755;2.229;2.476;16.265;16.508;0.000;0.000;0.000;1.000;0.000;
04.04.2026 20:00:00;0.000;0.000;0.000;1891.277;2.212;2.516;15.697;6.657;0.000;0.000;0.000;1.000;0.000;
04.04.2026 20:15:00;0.000;0.000;0.000;2689.736;2.166;2.564;15.381;1.006;0.000;0.000;0.000;0.000;1.000;
04.04.2026 20:30:00;0.000;0.000;0.000;2728.555;2.094;2.625;14.933;0.450;0.000;0.000;0.000;0.000;1.000;
04.04.2026 20:45:00;0.000;0.000;0.000;2564.913;2.032;2.675;14.481;0.450;0.000;0.000;0.000;0.000;1.000;
04.04.2026 21:00:00;0.000;0.000;0.000;2338.671;1.983;2.661;14.172;0.448;0.000;0.000;0.000;0.000;1.000;
04.04.2026 21:15:00;0.000;0.000;0.000;2067.367;1.952;2.597;13.915;0.444;0.000;0.000;0.000;0.000;1.000;
04.04.2026 21:30:00;0.000;0.000;0.000;2073.041;1.931;2.508;13.810;0.441;0.000;0.000;0.000;0.000;1.000;
04.04.2026 21:45:00;0.000;0.000;0.000;2113.689;1.904;2.423;13.466;0.450;0.000;0.000;0.000;0.000;1.000;
04.04.2026 22:00:00;0.000;0.000;0.000;2152.664;1.875;2.346;13.543;0.448;0.000;0.000;0.000;0.000;1.000;
04.04.2026 22:15:00;0.000;0.000;0.000;2156.197;1.844;2.303;13.381;0.450;0.000;0.000;0.000;0.000;1.000;
04.04.2026 22:30:00;0.000;0.000;0.000;2156.132;1.809;2.296;13.201;0.450;0.000;0.000;0.000;0.000;1.000;
04.04.2026 22:45:00;0.000;0.000;0.000;2145.689;1.773;2.299;13.000;0.450;0.000;0.000;0.000;0.000;1.000;
04.04.2026 23:00:00;0.000;0.000;0.000;2138.619;1.737;2.310;12.740;0.450;0.000;0.000;0.000;0.000;1.000;
04.04.2026 23:15:00;0.000;0.000;0.000;2142.423;1.704;2.290;12.513;0.450;0.000;0.000;0.000;0.000;1.000;
04.04.2026 23:30:00;0.000;0.000;0.000;2113.155;1.671;2.255;12.429;0.457;0.000;0.000;0.000;0.000;1.000;
04.04.2026 23:45:00;0.000;0.000;0.000;2075.478;1.638;2.231;12.131;0.450;0.000;0.000;0.000;0.000;1.000;
05.04.2026 00:00:00;0.000;0.000;0.000;2052.589;1.606;2.222;12.157;0.450;0.000;0.000;0.000;0.000;1.000;
05.04.2026 00:15:00;0.000;0.000;0.000;2050.114;1.573;2.216;11.823;0.450;0.000;0.000;0.000;0.000;1.000;
05.04.2026 00:30:00;0.000;0.000;0.000;2048.392;1.540;2.208;11.598;0.447;0.000;0.000;0.000;0.000;1.000;
05.04.2026 00:45:00;0.000;0.000;0.000;2042.269;1.507;2.196;11.478;0.450;0.000;0.000;0.000;0.000;1.000;
05.04.2026 01:00:00;0.000;0.000;0.000;2049.200;1.474;2.180;11.254;0.450;0.000;0.000;0.000;0.000;1.000;
05.04.2026 01:15:00;0.000;0.000;0.000;2047.872;1.441;2.163;11.070;0.450;0.000;0.000;0.000;0.000;1.000;
05.04.2026 01:30:00;0.000;0.000;0.000;2042.865;1.408;2.142;10.782;0.450;0.000;0.000;0.000;0.000;1.000;
05.04.2026 01:45:00;0.000;0.000;0.000;2018.965;1.375;2.126;10.521;0.450;0.000;0.000;0.000;0.000;1.000;
05.04.2026 02:00:00;0.000;0.000;0.000;1999.275;1.341;2.114;10.567;0.409;0.000;0.000;0.000;0.000;1.000;
05.04.2026 02:15:00;0.000;0.000;0.000;1985.896;1.309;2.102;10.444;0.440;0.000;0.000;0.000;0.000;1.000;
05.04.2026 02:30:00;0.000;0.000;0.000;1985.869;1.276;2.092;10.306;0.450;0.000;0.000;0.000;0.000;1.000;
05.04.2026 02:45:00;0.000;0.000;0.000;1982.998;1.243;2.079;9.987;0.450;0.000;0.000;0.000;0.000;1.000;
05.04.2026 03:00:00;0.000;0.000;0.000;1983.534;1.210;2.066;9.943;0.467;0.000;0.000;0.000;0.000;1.000;
05.04.2026 03:15:00;0.000;0.000;0.000;1548.819;1.202;2.017;10.066;0.450;0.000;0.000;0.000;0.000;1.000;
05.04.2026 03:30:00;0.000;0.000;0.000;1495.372;1.197;1.997;9.922;0.445;0.000;0.000;0.000;0.000;1.000;
05.04.2026 03:45:00;0.000;0.000;0.000;1472.728;1.191;2.000;9.853;0.442;0.000;0.000;0.000;0.000;1.000;
05.04.2026 04:00:00;0.000;0.000;0.000;1478.657;1.186;2.008;9.777;0.450;0.000;0.000;0.000;0.000;1.000;
05.04.2026 04:15:00;0.000;0.000;0.000;1505.673;1.179;2.007;9.548;0.450;0.000;0.000;0.000;0.000;1.000;
05.04.2026 04:30:00;0.000;0.000;0.000;1521.744;1.173;1.991;9.591;0.450;0.000;0.000;0.000;0.000;1.000;
05.04.2026 04:45:00;0.000;0.000;0.000;1524.056;1.166;1.969;9.586;0.450;0.000;0.000;0.000;0.000;1.000;
05.04.2026 05:00:00;0.000;0.000;0.000;1515.686;1.160;1.943;9.392;0.450;0.000;0.000;0.000;0.000;1.000;
05.04.2026 05:15:00;0.000;0.000;0.000;1494.270;1.153;1.925;9.276;0.500;0.000;0.000;0.000;0.000;1.000;
05.04.2026 05:30:00;0.000;0.000;0.000;1479.965;1.147;1.913;9.133;0.450;0.000;0.000;0.000;0.000;1.000;
05.04.2026 05:45:00;0.000;0.000;0.000;1474.056;1.141;1.904;9.086;0.450;0.000;0.000;0.000;0.000;1.000;
05.04.2026 06:00:00;0.000;0.000;0.000;1474.965;1.135;1.895;9.064;0.450;0.000;0.000;0.000;0.000;1.000;
05.04.2026 06:15:00;0.000;0.000;0.000;1479.399;1.129;1.885;8.987;0.417;0.000;0.000;0.000;0.000;1.000;
05.04.2026 06:30:00;0.000;0.000;0.000;1483.779;1.123;1.869;8.852;0.450;0.000;0.000;0.000;0.000;1.000;
05.04.2026 06:45:00;0.000;0.000;0.000;1483.224;1.116;1.851;8.697;0.972;0.000;0.000;0.000;0.000;1.000;
05.04.2026 07:00:00;0.000;0.000;0.000;1474.508;1.110;1.831;8.391;4.387;0.000;0.000;0.000;0.000;1.000;
05.04.2026 07:15:00;0.000;0.000;0.000;1433.125;1.105;1.811;8.279;9.337;0.000;0.000;0.000;0.000;1.000;
05.04.2026 07:30:00;0.000;0.000;0.000;1425.413;1.101;1.800;8.367;14.738;0.000;0.000;0.000;0.000;1.000;
05.04.2026 07:45:00;0.000;0.000;0.000;1421.568;1.096;1.789;8.658;18.106;0.000;0.000;0.000;0.000;1.000;
05.04.2026 08:00:00;0.000;0.000;0.000;1012.947;1.098;1.887;8.476;16.273;0.000;0.000;0.000;1.000;0.000;
05.04.2026 08:15:00;0.000;0.000;0.000;1103.548;1.097;2.067;8.614;21.936;0.000;0.000;0.000;1.000;0.000;
05.04.2026 08:30:00;0.000;0.000;0.000;1149.627;1.090;2.259;8.877;29.358;0.000;0.000;0.000;0.000;1.000;
05.04.2026 08:45:00;0.000;0.000;0.000;1104.271;1.082;2.452;9.043;38.211;0.000;0.000;0.000;1.000;0.000;
05.04.2026 09:00:00;0.000;0.000;0.000;1025.871;1.079;2.632;9.289;40.571;0.000;0.000;0.000;1.000;0.000;
05.04.2026 09:15:00;0.000;0.000;0.000;755.756;1.094;2.762;9.600;426.307;0.000;0.000;0.000;1.000;0.000;
05.04.2026 09:30:00;0.000;0.000;0.000;677.045;1.119;2.854;14.522;624.091;0.000;0.000;0.000;1.000;0.000;
05.04.2026 09:45:00;0.000;0.000;0.000;758.138;1.148;2.902;18.736;699.776;0.000;0.000;0.000;1.000;0.000;
05.04.2026 10:00:00;0.000;0.000;0.000;631.477;1.178;2.897;22.063;709.480;0.000;0.000;0.000;1.000;0.000;
05.04.2026 10:15:00;0.000;0.000;0.000;548.190;1.217;2.869;24.135;746.634;0.000;0.000;0.000;1.000;0.000;
05.04.2026 10:30:00;0.000;0.000;0.000;621.204;1.254;2.850;25.213;724.923;0.000;0.000;0.000;1.000;0.000;
05.04.2026 10:45:00;0.000;0.000;0.000;573.498;1.285;2.834;26.193;687.962;0.000;0.000;0.000;1.000;0.000;
05.04.2026 11:00:00;0.000;0.000;0.000;579.374;1.320;2.810;27.375;621.577;0.000;0.000;0.000;1.000;0.000;
05.04.2026 11:15:00;0.000;0.000;0.000;476.281;1.360;2.780;28.303;606.135;0.000;0.000;0.000;1.000;0.000;
05.04.2026 11:30:00;0.000;0.000;0.000;481.831;1.403;2.751;28.401;686.690;0.000;0.000;0.000;0.000;1.000;
05.04.2026 11:45:00;0.000;0.000;0.000;481.295;1.445;2.748;29.681;1133.433;0.000;0.000;0.000;0.000;1.000;
05.04.2026 12:00:00;0.000;0.000;0.000;481.229;1.486;2.757;30.906;944.971;0.000;0.000;0.000;0.000;1.000;
05.04.2026 12:15:00;0.000;0.000;0.000;481.184;1.527;2.773;31.987;821.108;0.000;0.000;0.000;0.000;1.000;
05.04.2026 12:30:00;0.000;0.000;0.000;481.921;1.568;2.790;32.295;972.465;0.000;0.000;0.000;1.000;0.000;
05.04.2026 12:45:00;0.000;0.000;0.000;197.052;1.616;2.859;33.035;1302.604;0.000;0.000;0.000;1.000;0.000;
05.04.2026 13:00:00;0.000;0.000;0.000;197.066;1.664;2.892;33.621;1385.826;0.000;0.000;0.000;1.000;0.000;
05.04.2026 13:15:00;0.000;0.000;0.000;196.806;1.712;2.881;33.715;1259.265;0.000;0.000;0.000;0.000;0.000;
05.04.2026 13:30:00;0.000;0.000;0.000;196.990;1.760;2.852;33.677;1035.117;0.000;0.000;0.000;0.000;0.000;
05.04.2026 13:45:00;0.000;0.000;0.000;196.983;1.808;2.831;33.482;951.569;0.000;0.000;0.000;0.000;0.000;
05.04.2026 14:00:00;0.000;0.000;0.000;196.817;1.857;2.816;33.700;989.404;0.000;0.000;0.000;1.000;0.000;
05.04.2026 14:15:00;0.000;0.000;0.000;197.210;1.906;2.803;33.904;1091.767;0.000;0.000;0.000;1.000;0.000;
05.04.2026 14:30:00;0.000;0.000;0.000;196.955;1.955;2.797;33.637;994.915;0.000;0.000;0.000;1.000;0.000;
05.04.2026 14:45:00;0.000;0.000;0.000;299.518;2.004;2.780;33.685;996.054;0.000;0.000;0.000;1.000;0.000;
05.04.2026 15:00:00;0.000;0.000;0.000;299.455;2.054;2.750;32.604;184.040;0.000;0.000;0.000;0.000;0.000;
05.04.2026 15:15:00;0.000;0.000;0.000;299.439;2.104;2.757;30.090;415.772;0.000;0.000;0.000;0.000;0.000;
05.04.2026 15:30:00;0.000;0.000;0.000;402.594;2.156;2.772;28.557;470.227;0.000;0.000;1.000;0.000;0.000;
05.04.2026 15:45:00;0.000;0.000;0.000;587.996;2.189;2.805;27.990;450.305;0.000;0.000;1.000;0.000;0.000;
05.04.2026 16:00:00;0.000;0.000;0.000;606.615;2.221;2.797;28.311;405.030;0.000;0.000;1.000;0.000;0.000;
05.04.2026 16:15:00;0.000;0.000;0.000;546.538;2.248;2.778;27.717;1052.949;0.000;0.000;1.000;0.000;0.000;
05.04.2026 16:30:00;0.000;0.000;0.000;546.396;2.256;2.792;28.234;719.830;0.000;0.000;1.000;0.000;0.000;
05.04.2026 16:45:00;0.000;0.000;0.000;725.173;2.265;2.798;28.300;341.076;0.000;0.000;1.000;0.000;0.000;
05.04.2026 17:00:00;0.000;0.000;0.000;568.412;2.263;2.831;27.600;535.815;0.000;0.000;1.000;0.000;0.000;
05.04.2026 17:15:00;0.000;0.000;0.000;983.236;2.252;2.866;27.157;506.371;0.000;0.000;1.000;0.000;0.000;
05.04.2026 17:30:00;0.000;0.000;0.000;931.277;2.252;2.859;26.664;360.466;0.000;0.000;1.000;0.000;0.000;
05.04.2026 17:45:00;0.000;0.000;0.000;1197.654;2.247;2.889;26.240;245.312;0.000;0.000;1.000;0.000;0.000;
05.04.2026 18:00:00;0.000;0.000;0.000;1680.132;2.231;2.857;25.397;305.793;0.000;0.000;1.000;0.000;0.000;
05.04.2026 18:15:00;0.000;0.000;0.000;1700.359;2.222;2.775;24.470;125.872;0.000;0.000;1.000;0.000;0.000;
05.04.2026 18:30:00;0.000;0.000;0.000;1491.038;2.226;2.673;23.578;195.743;0.000;0.000;1.000;0.000;0.000;
05.04.2026 18:45:00;0.000;0.000;0.000;1432.994;2.234;2.654;22.997;137.268;0.000;0.000;1.000;0.000;0.000;
05.04.2026 19:00:00;0.000;0.000;0.000;1303.563;2.242;2.660;22.492;145.854;0.000;0.000;1.000;0.000;0.000;
05.04.2026 19:15:00;0.000;0.000;0.000;1511.534;2.244;2.666;21.331;48.286;0.000;0.000;1.000;0.000;0.000;
05.04.2026 19:30:00;0.000;0.000;0.000;1960.473;2.241;2.657;20.790;28.414;0.000;0.000;0.000;1.000;0.000;
05.04.2026 19:45:00;0.000;0.000;0.000;2082.339;2.218;2.686;20.150;10.920;0.000;0.000;0.000;0.000;1.000;
05.04.2026 20:00:00;0.000;0.000;0.000;2082.528;2.205;2.692;19.386;3.206;0.000;0.000;0.000;0.000;1.000;
05.04.2026 20:15:00;0.000;0.000;0.000;2082.336;2.195;2.703;18.906;0.450;0.000;0.000;0.000;0.000;1.000;
05.04.2026 20:30:00;0.000;0.000;0.000;2082.675;2.185;2.720;18.678;0.422;0.000;0.000;0.000;0.000;1.000;
05.04.2026 20:45:00;0.000;0.000;0.000;2082.323;2.176;2.737;18.217;0.450;0.000;0.000;0.000;0.000;1.000;
05.04.2026 21:00:00;0.000;0.000;0.000;2082.620;2.166;2.742;17.963;0.434;0.000;0.000;0.000;0.000;1.000;
05.04.2026 21:15:00;0.000;0.000;0.000;2082.297;2.156;2.747;17.834;0.439;0.000;0.000;0.000;0.000;1.000;
05.04.2026 21:30:00;0.000;0.000;0.000;2082.989;2.146;2.723;17.426;0.442;0.000;0.000;0.000;0.000;1.000;
05.04.2026 21:45:00;0.000;0.000;0.000;2083.093;2.137;2.687;17.129;0.410;0.000;0.000;0.000;0.000;1.000;
05.04.2026 22:00:00;0.000;0.000;0.000;2083.379;2.128;2.645;16.913;0.450;0.000;0.000;0.000;0.000;1.000;
05.04.2026 22:15:00;0.000;0.000;0.000;1593.542;2.130;2.590;16.795;0.448;0.000;0.000;1.000;0.000;0.000;
05.04.2026 22:30:00;0.000;0.000;0.000;1462.253;2.151;2.562;16.540;0.450;0.000;0.000;1.000;0.000;0.000;
05.04.2026 22:45:00;0.000;0.000;0.000;1529.259;2.171;2.568;16.484;0.460;0.000;0.000;1.000;0.000;0.000;
05.04.2026 23:00:00;0.000;0.000;0.000;1325.122;2.194;2.572;16.548;0.450;0.000;0.000;1.000;0.000;0.000;
05.04.2026 23:15:00;0.000;0.000;0.000;1255.608;2.219;2.598;16.513;0.450;0.000;0.000;1.000;0.000;0.000;
05.04.2026 23:30:00;0.000;0.000;0.000;876.012;2.247;2.602;16.017;0.455;0.000;0.000;1.000;0.000;0.000;
05.04.2026 23:45:00;0.000;0.000;0.000;845.710;2.266;2.599;16.051;0.450;0.000;0.000;1.000;0.000;0.000;
06.04.2026 00:00:00;0.000;0.000;0.000;804.770;2.273;2.585;16.032;0.450;0.000;0.000;1.000;0.000;0.000;
06.04.2026 00:15:00;0.000;0.000;0.000;899.128;2.271;2.598;16.006;0.450;0.000;0.000;1.000;0.000;0.000;
06.04.2026 00:30:00;0.000;0.000;0.000;832.887;2.274;2.607;15.725;0.450;0.000;0.000;1.000;0.000;0.000;
06.04.2026 00:45:00;0.000;0.000;0.000;838.866;2.272;2.643;15.785;0.450;0.000;0.000;1.000;0.000;0.000;
06.04.2026 01:00:00;0.000;0.000;0.000;884.789;2.273;2.689;15.781;0.450;0.000;0.000;1.000;0.000;0.000;
06.04.2026 01:15:00;0.000;0.000;0.000;966.270;2.275;2.703;15.400;0.450;0.000;0.000;1.000;0.000;0.000;
06.04.2026 01:30:00;0.000;0.000;0.000;1000.136;2.276;2.676;15.167;0.452;0.000;0.000;1.000;0.000;0.000;
06.04.2026 01:45:00;0.000;0.000;0.000;998.233;2.277;2.632;15.009;0.447;0.000;0.000;1.000;0.000;0.000;
06.04.2026 02:00:00;0.000;0.000;0.000;947.992;2.277;2.604;14.823;0.450;0.000;0.000;1.000;0.000;0.000;
06.04.2026 02:15:00;0.000;0.000;0.000;934.893;2.277;2.618;14.824;0.456;0.000;0.000;1.000;0.000;0.000;
06.04.2026 02:30:00;0.000;0.000;0.000;934.485;2.277;2.628;14.773;0.421;0.000;0.000;1.000;0.000;0.000;
06.04.2026 02:45:00;0.000;0.000;0.000;917.493;2.277;2.625;14.632;0.447;0.000;0.000;1.000;0.000;0.000;
06.04.2026 03:00:00;0.000;0.000;0.000;934.819;2.277;2.647;14.489;0.434;0.000;0.000;1.000;0.000;0.000;
06.04.2026 03:15:00;0.000;0.000;0.000;855.023;2.280;2.634;14.178;0.446;0.000;0.000;1.000;0.000;0.000;
06.04.2026 03:30:00;0.000;0.000;0.000;898.466;2.282;2.618;13.938;0.450;0.000;0.000;1.000;0.000;0.000;
06.04.2026 03:45:00;0.000;0.000;0.000;932.778;2.278;2.654;13.867;0.450;0.000;0.000;1.000;0.000;0.000;
06.04.2026 04:00:00;0.000;0.000;0.000;946.748;2.277;2.663;13.600;0.440;0.000;0.000;1.000;0.000;0.000;
06.04.2026 04:15:00;0.000;0.000;0.000;954.883;2.277;2.655;13.430;0.450;0.000;0.000;1.000;0.000;0.000;
06.04.2026 04:30:00;0.000;0.000;0.000;943.208;2.277;2.635;13.363;0.450;0.000;0.000;1.000;0.000;0.000;
06.04.2026 04:45:00;0.000;0.000;0.000;918.147;2.277;2.643;13.062;0.450;0.000;0.000;1.000;0.000;0.000;
06.04.2026 05:00:00;0.000;0.000;0.000;941.125;2.277;2.664;12.937;0.450;0.000;0.000;1.000;0.000;0.000;
06.04.2026 05:15:00;0.000;0.000;0.000;959.935;2.277;2.666;12.759;0.450;0.000;0.000;1.000;0.000;0.000;
06.04.2026 05:30:00;0.000;0.000;0.000;1022.719;2.274;2.664;12.713;0.450;0.000;0.000;1.000;0.000;0.000;
06.04.2026 05:45:00;0.000;0.000;0.000;1180.921;2.268;2.666;12.673;0.450;0.000;0.000;1.000;0.000;0.000;
06.04.2026 06:00:00;0.000;0.000;0.000;1311.161;2.263;2.670;12.471;0.450;0.000;0.000;1.000;0.000;0.000;
06.04.2026 06:15:00;0.000;0.000;0.000;1504.894;2.252;2.679;12.125;0.450;0.000;0.000;1.000;0.000;0.000;
06.04.2026 06:30:00;0.000;0.000;0.000;1543.430;2.251;2.663;12.183;0.402;0.000;0.000;1.000;0.000;0.000;
06.04.2026 06:45:00;0.000;0.000;0.000;1710.822;2.243;2.666;12.046;1.033;0.000;0.000;1.000;0.000;0.000;
06.04.2026 07:00:00;0.000;0.000;0.000;1583.102;2.240;2.659;12.090;4.387;0.000;0.000;1.000;0.000;0.000;
06.04.2026 07:15:00;0.000;0.000;0.000;1557.187;2.238;2.654;11.974;10.916;0.000;0.000;1.000;0.000;0.000;
06.04.2026 07:30:00;0.000;0.000;0.000;1554.515;2.239;2.647;11.854;16.045;0.000;0.000;1.000;0.000;0.000;
06.04.2026 07:45:00;0.000;0.000;0.000;1589.586;2.232;2.680;11.863;24.075;0.000;0.000;1.000;0.000;0.000;
06.04.2026 08:00:00;0.000;0.000;0.000;1664.552;2.229;2.671;11.714;35.514;0.000;0.000;1.000;0.000;0.000;
06.04.2026 08:15:00;0.000;0.000;0.000;1808.860;2.220;2.673;11.926;48.515;0.000;0.000;1.000;0.000;0.000;
06.04.2026 08:30:00;0.000;0.000;0.000;835.695;2.233;2.631;11.986;59.826;0.000;0.000;1.000;0.000;0.000;
06.04.2026 08:45:00;0.000;0.000;0.000;1389.524;2.246;2.621;12.245;69.806;0.000;0.000;1.000;0.000;0.000;
06.04.2026 09:00:00;0.000;0.000;0.000;1422.137;2.245;2.656;12.672;72.874;0.000;0.000;1.000;0.000;0.000;
06.04.2026 09:15:00;0.000;0.000;0.000;1327.160;2.243;2.688;13.019;453.995;0.000;0.000;1.000;0.000;0.000;
06.04.2026 09:30:00;0.000;0.000;0.000;1079.135;2.238;2.921;16.695;595.506;0.000;0.000;1.000;0.000;0.000;
06.04.2026 09:45:00;0.000;0.000;0.000;1016.802;2.236;2.987;20.000;705.576;0.000;0.000;1.000;0.000;0.000;
06.04.2026 10:00:00;0.000;0.000;0.000;884.843;2.239;2.952;22.540;753.749;0.000;0.000;1.000;0.000;0.000;
06.04.2026 10:15:00;0.000;0.000;0.000;855.299;2.243;2.918;24.143;705.593;0.000;0.000;1.000;0.000;0.000;
06.04.2026 10:30:00;0.000;0.000;0.000;858.731;2.244;2.920;25.369;702.666;0.000;0.000;1.000;0.000;0.000;
06.04.2026 10:45:00;0.000;0.000;0.000;741.196;2.248;2.924;26.619;702.107;0.000;0.000;1.000;0.000;0.000;
06.04.2026 11:00:00;0.000;0.000;0.000;451.746;2.255;2.942;27.326;737.741;0.000;0.000;1.000;0.000;0.000;
06.04.2026 11:15:00;0.000;0.000;0.000;576.993;2.248;3.030;27.972;781.735;0.000;0.000;1.000;0.000;0.000;
06.04.2026 11:30:00;0.000;0.000;0.000;513.876;2.245;3.048;29.020;832.976;0.000;0.000;1.000;0.000;0.000;
06.04.2026 11:45:00;0.000;0.000;0.000;609.177;2.245;3.051;29.884;910.329;0.000;0.000;1.000;0.000;0.000;
06.04.2026 12:00:00;0.000;0.000;0.000;534.760;2.243;3.060;30.939;1077.554;0.000;0.000;1.000;0.000;0.000;
06.04.2026 12:15:00;0.000;0.000;0.000;399.915;2.245;3.055;30.914;1063.527;0.000;0.000;1.000;0.000;0.000;
06.04.2026 12:30:00;0.000;0.000;0.000;377.296;2.252;3.046;31.496;1097.249;0.000;0.000;1.000;0.000;0.000;
06.04.2026 12:45:00;0.000;0.000;0.000;261.062;2.259;3.039;32.022;1204.258;0.000;0.000;1.000;0.000;0.000;
06.04.2026 13:00:00;0.000;0.000;0.000;207.976;2.266;3.028;32.613;1254.479;0.000;0.000;1.000;0.000;0.000;
06.04.2026 13:15:00;0.000;0.000;0.000;150.896;2.270;3.021;33.150;1146.673;0.000;0.000;1.000;0.000;0.000;
06.04.2026 13:30:00;0.000;0.000;0.000;163.106;2.272;3.025;32.793;977.846;0.000;0.000;1.000;0.000;0.000;
06.04.2026 13:45:00;0.000;0.000;0.000;217.692;2.274;3.032;32.624;811.641;0.000;0.000;1.000;0.000;0.000;
06.04.2026 14:00:00;0.000;0.000;0.000;81.727;2.276;3.044;32.465;888.522;0.000;0.000;1.000;0.000;0.000;
06.04.2026 14:15:00;0.000;0.000;0.000;198.595;2.276;3.062;31.130;974.000;0.000;0.000;1.000;0.000;0.000;
06.04.2026 14:30:00;0.000;0.000;0.000;231.601;2.275;3.073;30.427;1065.144;0.000;0.000;1.000;0.000;0.000;
06.04.2026 14:45:00;0.000;0.000;0.000;98.836;2.276;3.086;30.307;1104.864;0.000;0.000;1.000;0.000;0.000;
06.04.2026 15:00:00;0.000;0.000;0.000;149.693;2.274;3.097;29.210;1121.953;0.000;0.000;1.000;0.000;0.000;
06.04.2026 15:15:00;0.000;0.000;0.000;300.736;2.277;3.103;28.931;1050.614;0.000;0.000;1.000;0.000;0.000;
06.04.2026 15:30:00;0.000;0.000;0.000;202.644;2.274;3.112;28.333;1093.152;0.000;0.000;1.000;0.000;0.000;
06.04.2026 15:45:00;0.000;0.000;0.000;273.749;2.275;3.112;28.005;869.170;0.000;0.000;1.000;0.000;0.000;
06.04.2026 16:00:00;0.000;0.000;0.000;342.796;2.279;3.117;27.350;779.481;0.000;0.000;1.000;0.000;0.000;
06.04.2026 16:15:00;0.000;0.000;0.000;494.029;2.275;3.133;27.260;634.666;0.000;0.000;1.000;0.000;0.000;
06.04.2026 16:30:00;0.000;0.000;0.000;852.939;2.263;3.085;26.587;464.478;0.000;0.000;1.000;0.000;0.000;
06.04.2026 16:45:00;0.000;0.000;0.000;715.325;2.269;3.027;25.882;426.517;0.000;0.000;1.000;0.000;0.000;
06.04.2026 17:00:00;0.000;0.000;0.000;859.341;2.273;3.017;25.567;421.046;0.000;0.000;1.000;0.000;0.000;
06.04.2026 17:15:00;0.000;0.000;0.000;944.880;2.267;3.031;24.995;298.636;0.000;0.000;1.000;0.000;0.000;
06.04.2026 17:30:00;0.000;0.000;0.000;1036.638;2.272;2.937;24.424;255.579;0.000;0.000;1.000;0.000;0.000;
06.04.2026 17:45:00;0.000;0.000;0.000;1101.983;2.277;2.897;24.182;255.053;0.000;0.000;1.000;0.000;0.000;
06.04.2026 18:00:00;0.000;0.000;0.000;1049.177;2.278;2.887;23.920;306.418;0.000;0.000;1.000;0.000;0.000;
06.04.2026 18:15:00;0.000;0.000;0.000;1489.798;2.270;2.883;23.469;260.875;0.000;0.000;0.000;1.000;0.000;
06.04.2026 18:30:00;0.000;0.000;0.000;2145.277;2.250;2.855;22.800;221.268;0.000;0.000;0.000;1.000;0.000;
06.04.2026 18:45:00;0.000;0.000;0.000;2691.181;2.214;2.852;22.252;85.613;0.000;0.000;0.000;0.000;1.000;
06.04.2026 19:00:00;0.000;0.000;0.000;2769.960;2.177;2.876;21.600;92.116;0.000;0.000;0.000;0.000;1.000;
06.04.2026 19:15:00;0.000;0.000;0.000;2634.922;2.144;2.873;20.712;71.381;0.000;0.000;0.000;0.000;1.000;
06.04.2026 19:30:00;0.000;0.000;0.000;2427.912;2.123;2.834;19.758;61.538;0.000;0.000;0.000;0.000;1.000;
06.04.2026 19:45:00;0.000;0.000;0.000;2188.438;2.118;2.748;19.394;18.597;0.000;0.000;0.000;0.000;1.000;
06.04.2026 20:00:00;0.000;0.000;0.000;2109.104;2.125;2.645;18.820;6.006;0.000;0.000;0.000;0.000;1.000;
06.04.2026 20:15:00;0.000;0.000;0.000;2152.185;2.129;2.640;18.409;2.912;0.000;0.000;0.000;0.000;1.000;
06.04.2026 20:30:00;0.000;0.000;0.000;2314.752;2.129;2.667;17.823;0.446;0.000;0.000;0.000;0.000;1.000;
06.04.2026 20:45:00;0.000;0.000;0.000;2361.210;2.121;2.709;17.431;0.450;0.000;0.000;0.000;0.000;1.000;
06.04.2026 21:00:00;0.000;0.000;0.000;2362.447;2.113;2.761;17.140;0.405;0.000;0.000;0.000;0.000;1.000;
06.04.2026 21:15:00;0.000;0.000;0.000;2582.731;2.091;2.836;16.783;0.450;0.000;0.000;0.000;0.000;1.000;
06.04.2026 21:30:00;0.000;0.000;0.000;2589.321;2.069;2.866;16.421;0.455;0.000;0.000;0.000;0.000;1.000;
06.04.2026 21:45:00;0.000;0.000;0.000;2585.037;2.046;2.845;16.081;0.494;0.000;0.000;0.000;0.000;1.000;
06.04.2026 22:00:00;0.000;0.000;0.000;2571.823;2.024;2.824;15.909;0.452;0.000;0.000;0.000;0.000;1.000;
06.04.2026 22:15:00;0.000;0.000;0.000;2565.162;2.002;2.803;15.697;0.421;0.000;0.000;0.000;0.000;1.000;
06.04.2026 22:30:00;0.000;0.000;0.000;2554.914;1.981;2.779;15.400;0.450;0.000;0.000;0.000;0.000;1.000;
06.04.2026 22:45:00;0.000;0.000;0.000;2550.236;1.960;2.767;15.314;0.423;0.000;0.000;0.000;0.000;1.000;
06.04.2026 23:00:00;0.000;0.000;0.000;2550.551;1.939;2.777;15.297;0.450;0.000;0.000;0.000;0.000;1.000;
06.04.2026 23:15:00;0.000;0.000;0.000;2554.596;1.918;2.777;15.059;0.450;0.000;0.000;0.000;0.000;1.000;
06.04.2026 23:30:00;0.000;0.000;0.000;2549.755;1.896;2.778;14.820;0.450;0.000;0.000;0.000;0.000;1.000;
06.04.2026 23:45:00;0.000;0.000;0.000;2548.638;1.875;2.797;14.763;0.450;0.000;0.000;0.000;0.000;1.000;
07.04.2026 00:00:00;0.000;0.000;0.000;2549.108;1.854;2.797;14.703;0.450;0.000;0.000;0.000;0.000;1.000;
07.04.2026 00:15:00;0.000;0.000;0.000;2546.568;1.832;2.787;14.701;0.472;0.000;0.000;0.000;0.000;1.000;
07.04.2026 00:30:00;0.000;0.000;0.000;2546.868;1.811;2.783;14.491;0.450;0.000;0.000;0.000;0.000;1.000;
07.04.2026 00:45:00;0.000;0.000;0.000;2546.849;1.790;2.789;14.440;0.451;0.000;0.000;0.000;0.000;1.000;
07.04.2026 01:00:00;0.000;0.000;0.000;2551.180;1.769;2.795;14.212;0.450;0.000;0.000;0.000;0.000;1.000;
07.04.2026 01:15:00;0.000;0.000;0.000;2550.554;1.747;2.786;13.934;0.445;0.000;0.000;0.000;0.000;1.000;
07.04.2026 01:30:00;0.000;0.000;0.000;2557.923;1.726;2.779;14.080;0.450;0.000;0.000;0.000;0.000;1.000;
07.04.2026 01:45:00;0.000;0.000;0.000;2550.375;1.703;2.778;13.853;0.453;0.000;0.000;0.000;0.000;1.000;
07.04.2026 02:00:00;0.000;0.000;0.000;2538.973;1.682;2.795;13.584;0.450;0.000;0.000;0.000;0.000;1.000;
07.04.2026 02:15:00;0.000;0.000;0.000;2538.234;1.661;2.789;13.201;0.442;0.000;0.000;0.000;0.000;1.000;
07.04.2026 02:30:00;0.000;0.000;0.000;2532.483;1.639;2.782;13.098;0.462;0.000;0.000;0.000;0.000;1.000;
07.04.2026 02:45:00;0.000;0.000;0.000;2531.444;1.619;2.778;13.084;0.450;0.000;0.000;0.000;0.000;1.000;
07.04.2026 03:00:00;0.000;0.000;0.000;2533.480;1.598;2.779;13.008;0.450;0.000;0.000;0.000;0.000;1.000;
07.04.2026 03:15:00;0.000;0.000;0.000;2539.387;1.577;2.782;12.796;0.446;0.000;0.000;0.000;0.000;1.000;
07.04.2026 03:30:00;0.000;0.000;0.000;2542.282;1.555;2.799;12.479;0.450;0.000;0.000;0.000;0.000;1.000;
07.04.2026 03:45:00;0.000;0.000;0.000;2537.460;1.533;2.802;12.409;0.450;0.000;0.000;0.000;0.000;1.000;
07.04.2026 04:00:00;0.000;0.000;0.000;2531.636;1.511;2.795;12.442;0.450;0.000;0.000;0.000;0.000;1.000;
07.04.2026 04:15:00;0.000;0.000;0.000;2527.563;1.490;2.785;12.483;0.450;0.000;0.000;0.000;0.000;1.000;
07.04.2026 04:30:00;0.000;0.000;0.000;2526.906;1.469;2.777;12.438;0.450;0.000;0.000;0.000;0.000;1.000;
07.04.2026 04:45:00;0.000;0.000;0.000;2526.768;1.448;2.777;12.102;0.450;0.000;0.000;0.000;0.000;1.000;
07.04.2026 05:00:00;0.000;0.000;0.000;2527.798;1.427;2.778;12.170;0.450;0.000;0.000;0.000;0.000;1.000;
07.04.2026 05:15:00;0.000;0.000;0.000;2528.061;1.405;2.783;12.046;0.448;0.000;0.000;0.000;0.000;1.000;
07.04.2026 05:30:00;0.000;0.000;0.000;2526.883;1.384;2.786;11.819;0.459;0.000;0.000;0.000;0.000;1.000;
07.04.2026 05:45:00;0.000;0.000;0.000;2527.361;1.363;2.789;11.856;0.450;0.000;0.000;0.000;0.000;1.000;
07.04.2026 06:00:00;0.000;0.000;0.000;2519.418;1.340;2.791;11.768;0.414;0.000;0.000;0.000;0.000;1.000;
07.04.2026 06:15:00;0.000;0.000;0.000;2513.086;1.319;2.788;11.569;0.450;0.000;0.000;0.000;0.000;1.000;
07.04.2026 06:30:00;0.000;0.000;0.000;2513.380;1.298;2.785;11.559;0.450;0.000;0.000;0.000;0.000;1.000;
07.04.2026 06:45:00;0.000;0.000;0.000;2518.477;1.277;2.785;11.377;1.023;0.000;0.000;0.000;0.000;1.000;
07.04.2026 07:00:00;0.000;0.000;0.000;2517.402;1.255;2.786;11.278;4.887;0.000;0.000;0.000;0.000;1.000;
07.04.2026 07:15:00;0.000;0.000;0.000;2513.245;1.234;2.784;11.209;11.488;0.000;0.000;0.000;0.000;1.000;
07.04.2026 07:30:00;0.000;0.000;0.000;2514.732;1.213;2.783;11.057;17.203;0.000;0.000;0.000;0.000;1.000;
07.04.2026 07:45:00;0.000;0.000;0.000;2514.979;1.192;2.781;11.213;21.929;0.000;0.000;0.000;0.000;1.000;
07.04.2026 08:00:00;0.000;0.000;0.000;2514.555;1.170;2.781;11.192;25.219;0.000;0.000;0.000;0.000;1.000;
07.04.2026 08:15:00;0.000;0.000;0.000;2332.301;1.163;2.767;11.177;29.098;0.000;0.000;0.000;0.000;1.000;
07.04.2026 08:30:00;0.000;0.000;0.000;2330.189;1.156;2.747;11.248;31.837;0.000;0.000;0.000;0.000;1.000;
07.04.2026 08:45:00;0.000;0.000;0.000;2326.912;1.149;2.728;11.446;34.983;0.000;0.000;0.000;0.000;1.000;
07.04.2026 09:00:00;0.000;0.000;0.000;2324.362;1.142;2.707;11.485;37.607;0.000;0.000;0.000;0.000;1.000;
07.04.2026 09:15:00;0.000;0.000;0.000;2322.358;1.135;2.685;11.834;583.320;0.000;0.000;0.000;0.000;1.000;
07.04.2026 09:30:00;0.000;0.000;0.000;2322.750;1.129;2.661;16.785;656.963;0.000;0.000;0.000;0.000;1.000;
07.04.2026 09:45:00;0.000;0.000;0.000;2322.291;1.122;2.637;21.270;709.433;0.000;0.000;0.000;0.000;1.000;
07.04.2026 10:00:00;0.000;0.000;0.000;1794.854;1.119;2.607;23.979;749.931;0.000;0.000;0.000;1.000;0.000;
07.04.2026 10:15:00;0.000;0.000;0.000;1227.990;1.154;2.633;26.486;740.380;0.000;0.000;0.000;1.000;0.000;
07.04.2026 10:30:00;0.000;0.000;0.000;1206.082;1.214;2.611;27.813;802.035;0.000;0.000;0.000;1.000;0.000;
07.04.2026 10:45:00;0.000;0.000;0.000;983.639;1.281;2.595;29.331;874.155;0.000;0.000;0.000;1.000;0.000;
07.04.2026 11:00:00;0.000;0.000;0.000;950.469;1.349;2.676;30.245;879.035;0.000;0.000;0.000;1.000;0.000;
07.04.2026 11:15:00;0.000;0.000;0.000;1003.522;1.400;2.775;31.113;973.502;0.000;0.000;0.000;1.000;0.000;
07.04.2026 11:30:00;0.000;0.000;0.000;1005.703;1.449;2.643;31.201;1016.212;0.000;0.000;0.000;1.000;0.000;
07.04.2026 11:45:00;0.000;0.000;0.000;1072.315;1.500;2.786;32.248;1092.199;0.000;0.000;0.000;1.000;0.000;
07.04.2026 12:00:00;0.000;0.000;0.000;891.610;1.547;2.924;33.147;1252.010;0.000;0.000;0.000;1.000;0.000;
07.04.2026 12:15:00;0.000;0.000;0.000;575.053;1.606;2.958;33.999;1120.361;0.000;0.000;0.000;1.000;0.000;
07.04.2026 12:30:00;0.000;0.000;0.000;488.701;1.672;2.917;34.197;939.934;0.000;0.000;0.000;1.000;0.000;
07.04.2026 12:45:00;0.000;0.000;0.000;429.898;1.746;2.874;34.161;1240.992;0.000;0.000;0.000;1.000;0.000;
07.04.2026 13:00:00;0.000;0.000;0.000;429.819;1.823;2.845;34.050;1330.517;0.000;0.000;0.000;1.000;0.000;
07.04.2026 13:15:00;0.000;0.000;0.000;407.019;1.898;2.868;34.418;1236.243;0.000;0.000;0.000;1.000;0.000;
07.04.2026 13:30:00;0.000;0.000;0.000;399.306;1.968;2.898;34.719;993.992;0.000;0.000;0.000;1.000;0.000;
07.04.2026 13:45:00;0.000;0.000;0.000;386.362;2.036;2.910;34.286;962.672;0.000;0.000;0.000;1.000;0.000;
07.04.2026 14:00:00;0.000;0.000;0.000;491.371;2.101;2.920;34.028;1136.123;0.000;0.000;0.000;1.000;0.000;
07.04.2026 14:15:00;0.000;0.000;0.000;496.013;2.166;2.931;34.022;1076.283;0.000;0.000;0.000;1.000;0.000;
07.04.2026 14:30:00;0.000;0.000;0.000;453.186;2.225;2.947;33.081;1035.844;0.000;0.000;0.000;1.000;0.000;
07.04.2026 14:45:00;0.000;0.000;0.000;477.062;2.263;2.954;32.801;1026.273;0.000;0.000;0.000;1.000;0.000;
07.04.2026 15:00:00;0.000;0.000;0.000;486.746;2.279;2.955;32.291;1099.911;0.000;0.000;0.000;1.000;0.000;
07.04.2026 15:15:00;0.000;0.000;0.000;421.765;2.288;2.952;31.993;1191.899;0.000;0.000;0.000;1.000;0.000;
07.04.2026 15:30:00;0.000;0.000;0.000;441.162;2.291;2.957;31.410;1166.172;0.000;0.000;0.000;1.000;0.000;
07.04.2026 15:45:00;0.000;0.000;0.000;526.559;2.291;2.969;31.083;1018.120;0.000;0.000;0.000;1.000;0.000;
07.04.2026 16:00:00;0.000;0.000;0.000;1086.887;2.290;3.029;30.154;853.771;0.000;0.000;1.000;1.000;0.000;
07.04.2026 16:15:00;0.000;0.000;0.000;1276.484;2.276;2.992;29.160;775.255;0.000;0.000;1.000;0.000;0.000;
07.04.2026 16:30:00;0.000;0.000;0.000;1226.992;2.278;2.979;28.923;554.339;0.000;0.000;1.000;0.000;0.000;
07.04.2026 16:45:00;0.000;0.000;0.000;1305.728;2.276;2.991;28.316;448.300;0.000;0.000;1.000;0.000;0.000;
07.04.2026 17:00:00;0.000;0.000;0.000;1355.670;2.271;3.000;27.542;400.497;0.000;0.000;1.000;0.000;0.000;
07.04.2026 17:15:00;0.000;0.000;0.000;1392.076;2.271;2.992;27.105;337.122;0.000;0.000;1.000;0.000;0.000;
07.04.2026 17:30:00;0.000;0.000;0.000;1552.364;2.264;3.012;26.269;328.260;0.000;0.000;1.000;0.000;0.000;
07.04.2026 17:45:00;0.000;0.000;0.000;1931.636;2.251;3.026;25.652;292.407;0.000;0.000;0.000;1.000;0.000;
07.04.2026 18:00:00;0.000;0.000;0.000;2622.823;2.228;2.984;25.127;324.592;0.000;0.000;0.000;1.000;0.000;
07.04.2026 18:15:00;0.000;0.000;0.000;2908.854;2.200;2.940;24.716;337.303;0.000;0.000;0.000;0.000;1.000;
07.04.2026 18:30:00;0.000;0.000;0.000;2929.921;2.170;2.929;24.426;338.337;0.000;0.000;0.000;0.000;1.000;
07.04.2026 18:45:00;0.000;0.000;0.000;2803.261;2.145;2.906;23.953;278.515;0.000;0.000;0.000;0.000;1.000;
07.04.2026 19:00:00;0.000;0.000;0.000;2651.418;2.131;2.854;23.287;211.884;0.000;0.000;0.000;0.000;1.000;
07.04.2026 19:15:00;0.000;0.000;0.000;2560.808;2.128;2.796;22.887;98.887;0.000;0.000;0.000;0.000;1.000;
07.04.2026 19:30:00;0.000;0.000;0.000;2532.783;2.129;2.705;22.267;50.463;0.000;0.000;0.000;0.000;1.000;
07.04.2026 19:45:00;0.000;0.000;0.000;2526.510;2.131;2.653;21.451;14.232;0.000;0.000;0.000;0.000;1.000;
07.04.2026 20:00:00;0.000;0.000;0.000;2598.730;2.131;2.675;20.485;7.501;0.000;0.000;0.000;0.000;1.000;
07.04.2026 20:15:00;0.000;0.000;0.000;2635.330;2.127;2.714;19.719;2.338;0.000;0.000;0.000;0.000;1.000;
07.04.2026 20:30:00;0.000;0.000;0.000;2640.646;2.121;2.765;19.218;0.450;0.000;0.000;0.000;0.000;1.000;
07.04.2026 20:45:00;0.000;0.000;0.000;2641.345;2.115;2.802;18.776;0.439;0.000;0.000;0.000;0.000;1.000;
07.04.2026 21:00:00;0.000;0.000;0.000;2638.443;2.110;2.818;18.420;0.454;0.000;0.000;0.000;0.000;1.000;
07.04.2026 21:15:00;0.000;0.000;0.000;2874.897;2.090;2.861;17.939;0.461;0.000;0.000;0.000;0.000;1.000;
07.04.2026 21:30:00;0.000;0.000;0.000;2893.721;2.068;2.849;17.651;0.450;0.000;0.000;0.000;0.000;1.000;
07.04.2026 21:45:00;0.000;0.000;0.000;2895.773;2.045;2.834;17.394;0.450;0.000;0.000;0.000;0.000;1.000;
07.04.2026 22:00:00;0.000;0.000;0.000;2890.077;2.022;2.816;17.135;0.450;0.000;0.000;0.000;0.000;1.000;
07.04.2026 22:15:00;0.000;0.000;0.000;2875.934;1.999;2.800;17.021;0.459;0.000;0.000;0.000;0.000;1.000;
07.04.2026 22:30:00;0.000;0.000;0.000;2868.419;1.977;2.787;16.742;0.480;0.000;0.000;0.000;0.000;1.000;
07.04.2026 22:45:00;0.000;0.000;0.000;2869.848;1.956;2.768;16.429;0.450;0.000;0.000;0.000;0.000;1.000;
07.04.2026 23:00:00;0.000;0.000;0.000;2872.456;1.934;2.762;16.275;0.450;0.000;0.000;0.000;0.000;1.000;
07.04.2026 23:15:00;0.000;0.000;0.000;2875.341;1.912;2.765;16.053;0.450;0.000;0.000;0.000;0.000;1.000;
07.04.2026 23:30:00;0.000;0.000;0.000;2862.134;1.889;2.773;15.762;0.474;0.000;0.000;0.000;0.000;1.000;
07.04.2026 23:45:00;0.000;0.000;0.000;2859.453;1.867;2.786;15.806;0.450;0.000;0.000;0.000;0.000;1.000;
08.04.2026 00:00:00;0.000;0.000;0.000;2867.637;1.846;2.802;15.607;0.449;0.000;0.000;0.000;0.000;1.000;
08.04.2026 00:15:00;0.000;0.000;0.000;2875.349;1.824;2.799;15.436;0.450;0.000;0.000;0.000;0.000;1.000;
08.04.2026 00:30:00;0.000;0.000;0.000;2874.024;1.801;2.792;15.322;0.450;0.000;0.000;0.000;0.000;1.000;
08.04.2026 00:45:00;0.000;0.000;0.000;2863.382;1.779;2.785;15.279;0.446;0.000;0.000;0.000;0.000;1.000;
08.04.2026 01:00:00;0.000;0.000;0.000;2858.457;1.757;2.779;15.262;0.418;0.000;0.000;0.000;0.000;1.000;
08.04.2026 01:15:00;0.000;0.000;0.000;2859.602;1.736;2.779;15.051;0.448;0.000;0.000;0.000;0.000;1.000;
08.04.2026 01:30:00;0.000;0.000;0.000;2874.826;1.714;2.783;15.030;0.409;0.000;0.000;0.000;0.000;1.000;
08.04.2026 01:45:00;0.000;0.000;0.000;2880.092;1.692;2.790;14.830;0.450;0.000;0.000;0.000;0.000;1.000;
08.04.2026 02:00:00;0.000;0.000;0.000;2878.640;1.669;2.796;14.794;0.450;0.000;0.000;0.000;0.000;1.000;
08.04.2026 02:15:00;0.000;0.000;0.000;2876.507;1.647;2.797;14.484;0.450;0.000;0.000;0.000;0.000;1.000;
08.04.2026 02:30:00;0.000;0.000;0.000;2873.056;1.625;2.810;14.420;0.450;0.000;0.000;0.000;0.000;1.000;
08.04.2026 02:45:00;0.000;0.000;0.000;2869.168;1.603;2.799;14.369;0.441;0.000;0.000;0.000;0.000;1.000;
08.04.2026 03:00:00;0.000;0.000;0.000;2869.381;1.581;2.785;14.239;0.450;0.000;0.000;0.000;0.000;1.000;
08.04.2026 03:15:00;0.000;0.000;0.000;2868.784;1.559;2.777;14.112;0.450;0.000;0.000;0.000;0.000;1.000;
08.04.2026 03:30:00;0.000;0.000;0.000;2862.206;1.536;2.777;14.073;0.450;0.000;0.000;0.000;0.000;1.000;
08.04.2026 03:45:00;0.000;0.000;0.000;2859.051;1.514;2.779;14.098;0.450;0.000;0.000;0.000;0.000;1.000;
08.04.2026 04:00:00;0.000;0.000;0.000;2860.393;1.493;2.785;13.775;0.451;0.000;0.000;0.000;0.000;1.000;
08.04.2026 04:15:00;0.000;0.000;0.000;2860.031;1.471;2.789;13.626;0.445;0.000;0.000;0.000;0.000;1.000;
08.04.2026 04:30:00;0.000;0.000;0.000;2858.953;1.449;2.791;13.609;0.450;0.000;0.000;0.000;0.000;1.000;
08.04.2026 04:45:00;0.000;0.000;0.000;2854.367;1.426;2.792;13.318;0.420;0.000;0.000;0.000;0.000;1.000;
08.04.2026 05:00:00;0.000;0.000;0.000;2848.275;1.404;2.789;13.192;0.450;0.000;0.000;0.000;0.000;1.000;
08.04.2026 05:15:00;0.000;0.000;0.000;2846.100;1.382;2.786;13.340;0.450;0.000;0.000;0.000;0.000;1.000;
08.04.2026 05:30:00;0.000;0.000;0.000;2842.946;1.360;2.785;13.300;0.450;0.000;0.000;0.000;0.000;1.000;
08.04.2026 05:45:00;0.000;0.000;0.000;2835.831;1.337;2.786;12.964;0.467;0.000;0.000;0.000;0.000;1.000;
08.04.2026 06:00:00;0.000;0.000;0.000;2831.960;1.316;2.785;12.866;0.450;0.000;0.000;0.000;0.000;1.000;
08.04.2026 06:15:00;0.000;0.000;0.000;2831.421;1.294;2.786;12.823;0.449;0.000;0.000;0.000;0.000;1.000;
08.04.2026 06:30:00;0.000;0.000;0.000;2834.690;1.272;2.787;12.797;0.451;0.000;0.000;0.000;0.000;1.000;
08.04.2026 06:45:00;0.000;0.000;0.000;2826.847;1.249;2.790;12.790;1.899;0.000;0.000;0.000;0.000;1.000;
08.04.2026 07:00:00;0.000;0.000;0.000;2822.874;1.228;2.787;12.510;6.423;0.000;0.000;0.000;0.000;1.000;
08.04.2026 07:15:00;0.000;0.000;0.000;2824.711;1.206;2.786;12.309;11.829;0.000;0.000;0.000;0.000;1.000;
08.04.2026 07:30:00;0.000;0.000;0.000;2825.481;1.184;2.786;12.611;17.501;0.000;0.000;0.000;0.000;1.000;
08.04.2026 07:45:00;0.000;0.000;0.000;2825.707;1.162;2.787;12.516;21.761;0.000;0.000;0.000;0.000;1.000;
08.04.2026 08:00:00;0.000;0.000;0.000;2825.995;1.140;2.788;12.402;25.201;0.000;0.000;0.000;0.000;1.000;
08.04.2026 08:15:00;0.000;0.000;0.000;2699.345;1.128;2.769;12.400;29.025;0.000;0.000;0.000;0.000;1.000;
08.04.2026 08:30:00;0.000;0.000;0.000;2695.009;1.116;2.761;12.498;31.837;0.000;0.000;0.000;0.000;1.000;
08.04.2026 08:45:00;0.000;0.000;0.000;2695.068;1.104;2.763;12.696;34.593;0.000;0.000;0.000;0.000;1.000;
08.04.2026 09:00:00;0.000;0.000;0.000;2695.425;1.093;2.773;12.719;37.800;0.000;0.000;0.000;0.000;1.000;
08.04.2026 09:15:00;0.000;0.000;0.000;2690.405;1.080;2.784;13.196;575.005;0.000;0.000;0.000;0.000;1.000;
08.04.2026 09:30:00;0.000;0.000;0.000;2692.012;1.069;2.794;17.757;663.976;0.000;0.000;0.000;0.000;1.000;
08.04.2026 09:45:00;0.000;0.000;0.000;2688.454;1.057;2.799;21.418;753.805;0.000;0.000;0.000;0.000;1.000;
08.04.2026 10:00:00;0.000;0.000;0.000;2688.479;1.045;2.799;24.406;797.197;0.000;0.000;0.000;0.000;1.000;
08.04.2026 10:15:00;0.000;0.000;0.000;1741.916;1.047;2.918;26.196;758.073;0.000;0.000;0.000;1.000;0.000;
08.04.2026 10:30:00;0.000;0.000;0.000;920.609;1.100;2.884;28.451;768.236;0.000;0.000;0.000;1.000;0.000;
08.04.2026 10:45:00;0.000;0.000;0.000;860.357;1.182;2.845;29.716;702.385;0.000;0.000;0.000;1.000;0.000;
08.04.2026 11:00:00;0.000;0.000;0.000;886.632;1.267;2.822;30.891;625.831;0.000;0.000;0.000;1.000;0.000;
08.04.2026 11:15:00;0.000;0.000;0.000;973.881;1.351;2.811;31.058;698.824;0.000;0.000;0.000;1.000;0.000;
08.04.2026 11:30:00;0.000;0.000;0.000;869.719;1.433;2.799;32.191;1173.463;0.000;0.000;0.000;1.000;0.000;
08.04.2026 11:45:00;0.000;0.000;0.000;993.046;1.510;2.793;33.130;1446.636;0.000;0.000;0.000;1.000;0.000;
08.04.2026 12:00:00;0.000;0.000;0.000;928.243;1.582;2.798;33.570;1155.520;0.000;0.000;0.000;1.000;0.000;
08.04.2026 12:15:00;0.000;0.000;0.000;664.875;1.668;2.758;33.761;937.760;0.000;0.000;0.000;1.000;0.000;
08.04.2026 12:30:00;0.000;0.000;0.000;589.535;1.767;2.715;33.992;974.203;0.000;0.000;0.000;1.000;0.000;
08.04.2026 12:45:00;0.000;0.000;0.000;430.517;1.859;2.862;34.309;1256.731;0.000;0.000;0.000;1.000;0.000;
08.04.2026 13:00:00;0.000;0.000;0.000;396.025;1.945;2.919;34.739;1293.788;0.000;0.000;0.000;1.000;0.000;
08.04.2026 13:15:00;0.000;0.000;0.000;412.207;2.034;2.924;34.419;1161.181;0.000;0.000;0.000;1.000;0.000;
08.04.2026 13:30:00;0.000;0.000;0.000;516.214;2.120;2.922;33.903;1006.023;0.000;0.000;0.000;1.000;0.000;
08.04.2026 13:45:00;0.000;0.000;0.000;386.003;2.207;2.920;33.190;885.224;0.000;0.000;0.000;1.000;0.000;
08.04.2026 14:00:00;0.000;0.000;0.000;415.602;2.271;2.919;33.003;1202.425;0.000;0.000;0.000;1.000;0.000;
08.04.2026 14:15:00;0.000;0.000;0.000;496.264;2.297;2.924;32.302;930.624;0.000;0.000;0.000;1.000;0.000;
08.04.2026 14:30:00;0.000;0.000;0.000;486.421;2.307;2.928;31.713;808.441;0.000;0.000;0.000;1.000;0.000;
08.04.2026 14:45:00;0.000;0.000;0.000;375.637;2.310;2.926;30.815;831.400;0.000;0.000;0.000;1.000;0.000;
08.04.2026 15:00:00;0.000;0.000;0.000;391.436;2.313;2.925;30.970;978.924;0.000;0.000;0.000;1.000;0.000;
08.04.2026 15:15:00;0.000;0.000;0.000;483.658;2.314;3.035;30.985;1148.785;0.000;0.000;0.000;1.000;0.000;
08.04.2026 15:30:00;0.000;0.000;0.000;455.715;2.315;3.078;30.733;1150.601;0.000;0.000;0.000;1.000;0.000;
08.04.2026 15:45:00;0.000;0.000;0.000;478.145;2.315;3.096;30.090;849.144;0.000;0.000;0.000;1.000;0.000;
08.04.2026 16:00:00;0.000;0.000;0.000;408.627;2.315;3.105;29.272;828.242;0.000;0.000;0.000;1.000;0.000;
08.04.2026 16:15:00;0.000;0.000;0.000;730.171;2.316;3.119;28.660;717.437;0.000;0.000;0.000;1.000;0.000;
08.04.2026 16:30:00;0.000;0.000;0.000;1940.361;2.287;3.024;28.018;609.244;0.000;0.000;0.000;1.000;0.000;
08.04.2026 16:45:00;0.000;0.000;0.000;2842.795;2.230;3.000;27.467;459.673;0.000;0.000;0.000;0.000;1.000;
08.04.2026 17:00:00;0.000;0.000;0.000;2614.941;2.199;2.987;27.200;423.706;0.000;0.000;0.000;0.000;1.000;
08.04.2026 17:15:00;0.000;0.000;0.000;2842.583;2.161;2.984;26.766;395.216;0.000;0.000;0.000;0.000;1.000;
08.04.2026 17:30:00;0.000;0.000;0.000;2566.254;2.154;2.912;26.341;339.076;0.000;0.000;0.000;0.000;1.000;
08.04.2026 17:45:00;0.000;0.000;0.000;2656.220;2.168;2.877;26.076;288.606;0.000;0.000;0.000;0.000;1.000;
08.04.2026 18:00:00;0.000;0.000;0.000;2821.187;2.177;2.874;25.747;280.872;0.000;0.000;0.000;0.000;1.000;
08.04.2026 18:15:00;0.000;0.000;0.000;2960.046;2.176;2.886;25.260;289.225;0.000;0.000;0.000;0.000;1.000;
08.04.2026 18:30:00;0.000;0.000;0.000;3011.773;2.170;2.897;24.766;274.156;0.000;0.000;0.000;0.000;1.000;
08.04.2026 18:45:00;0.000;0.000;0.000;3010.349;2.167;2.890;24.236;255.662;0.000;0.000;0.000;0.000;1.000;
08.04.2026 19:00:00;0.000;0.000;0.000;3009.949;2.168;2.883;23.786;212.955;0.000;0.000;0.000;0.000;1.000;
08.04.2026 19:15:00;0.000;0.000;0.000;3008.760;2.170;2.877;22.827;114.750;0.000;0.000;0.000;0.000;1.000;
08.04.2026 19:30:00;0.000;0.000;0.000;3008.898;2.172;2.870;22.278;52.650;0.000;0.000;0.000;0.000;1.000;
08.04.2026 19:45:00;0.000;0.000;0.000;3008.706;2.172;2.858;21.374;16.161;0.000;0.000;0.000;0.000;1.000;
08.04.2026 20:00:00;0.000;0.000;0.000;3008.796;2.170;2.852;20.762;7.926;0.000;0.000;0.000;0.000;1.000;
08.04.2026 20:15:00;0.000;0.000;0.000;3008.326;2.164;2.847;19.771;2.433;0.000;0.000;0.000;0.000;1.000;
08.04.2026 20:30:00;0.000;0.000;0.000;3007.331;2.156;2.831;19.018;0.450;0.000;0.000;0.000;0.000;1.000;
08.04.2026 20:45:00;0.000;0.000;0.000;3007.174;2.147;2.826;18.510;0.450;0.000;0.000;0.000;0.000;1.000;
08.04.2026 21:00:00;0.000;0.000;0.000;3007.451;2.137;2.821;18.353;0.450;0.000;0.000;0.000;0.000;1.000;
08.04.2026 21:15:00;0.000;0.000;0.000;3007.866;2.122;2.825;17.897;0.450;0.000;0.000;0.000;0.000;1.000;
08.04.2026 21:30:00;0.000;0.000;0.000;3007.267;2.106;2.837;17.436;0.450;0.000;0.000;0.000;0.000;1.000;
08.04.2026 21:45:00;0.000;0.000;0.000;3007.858;2.091;2.841;17.379;0.450;0.000;0.000;0.000;0.000;1.000;
08.04.2026 22:00:00;0.000;0.000;0.000;3007.345;2.074;2.857;17.281;0.452;0.000;0.000;0.000;0.000;1.000;
08.04.2026 22:15:00;0.000;0.000;0.000;3007.357;2.057;2.862;16.778;0.450;0.000;0.000;0.000;0.000;1.000;
08.04.2026 22:30:00;0.000;0.000;0.000;3007.800;2.038;2.866;16.435;0.448;0.000;0.000;0.000;0.000;1.000;
08.04.2026 22:45:00;0.000;0.000;0.000;3008.108;2.021;2.876;16.382;0.450;0.000;0.000;0.000;0.000;1.000;
08.04.2026 23:00:00;0.000;0.000;0.000;3007.070;2.001;2.874;16.002;0.462;0.000;0.000;0.000;0.000;1.000;
08.04.2026 23:15:00;0.000;0.000;0.000;3007.270;1.981;2.879;16.000;0.449;0.000;0.000;0.000;0.000;1.000;
08.04.2026 23:30:00;0.000;0.000;0.000;3008.049;1.961;2.875;15.931;0.448;0.000;0.000;0.000;0.000;1.000;
08.04.2026 23:45:00;0.000;0.000;0.000;3008.043;1.940;2.882;15.635;0.451;0.000;0.000;0.000;0.000;1.000;
09.04.2026 00:00:00;0.000;0.000;0.000;3007.392;1.918;2.878;15.615;0.450;0.000;0.000;0.000;0.000;1.000;
09.04.2026 00:15:00;0.000;0.000;0.000;3007.759;1.894;2.884;15.600;0.450;0.000;0.000;0.000;0.000;1.000;
09.04.2026 00:30:00;0.000;0.000;0.000;3006.790;1.871;2.887;15.498;0.487;0.000;0.000;0.000;0.000;1.000;
09.04.2026 00:45:00;0.000;0.000;0.000;3007.275;1.847;2.887;15.406;0.450;0.000;0.000;0.000;0.000;1.000;
09.04.2026 01:00:00;0.000;0.000;0.000;3007.649;1.823;2.894;15.403;0.450;0.000;0.000;0.000;0.000;1.000;
09.04.2026 01:15:00;0.000;0.000;0.000;3007.679;1.798;2.892;15.100;0.459;0.000;0.000;0.000;0.000;1.000;
09.04.2026 01:30:00;0.000;0.000;0.000;3007.376;1.771;2.897;15.049;0.417;0.000;0.000;0.000;0.000;1.000;
09.04.2026 01:45:00;0.000;0.000;0.000;3006.818;1.743;2.893;14.967;0.450;0.000;0.000;0.000;0.000;1.000;
09.04.2026 02:00:00;0.000;0.000;0.000;3008.364;1.715;2.897;14.585;0.450;0.000;0.000;0.000;0.000;1.000;
09.04.2026 02:15:00;0.000;0.000;0.000;3005.776;1.686;2.892;14.520;0.450;0.000;0.000;0.000;0.000;1.000;
09.04.2026 02:30:00;0.000;0.000;0.000;3006.812;1.656;2.889;14.464;0.451;0.000;0.000;0.000;0.000;1.000;
09.04.2026 02:45:00;0.000;0.000;0.000;3006.067;1.624;2.896;14.213;0.475;0.000;0.000;0.000;0.000;1.000;
09.04.2026 03:00:00;0.000;0.000;0.000;3006.334;1.592;2.891;14.301;0.483;0.000;0.000;0.000;0.000;1.000;
09.04.2026 03:15:00;0.000;0.000;0.000;3006.679;1.559;2.898;14.124;0.450;0.000;0.000;0.000;0.000;1.000;
09.04.2026 03:30:00;0.000;0.000;0.000;2937.487;1.527;2.888;13.804;0.447;0.000;0.000;0.000;0.000;1.000;
09.04.2026 03:45:00;0.000;0.000;0.000;2833.847;1.503;2.866;13.842;0.292;0.000;0.000;0.000;0.000;1.000;
09.04.2026 04:00:00;0.000;0.000;0.000;2791.423;1.485;2.847;13.807;0.450;0.000;0.000;0.000;0.000;1.000;
09.04.2026 04:15:00;0.000;0.000;0.000;2787.380;1.468;2.836;13.664;0.450;0.000;0.000;0.000;0.000;1.000;
09.04.2026 04:30:00;0.000;0.000;0.000;2814.332;1.450;2.826;13.526;0.484;0.000;0.000;0.000;0.000;1.000;
09.04.2026 04:45:00;0.000;0.000;0.000;2831.638;1.429;2.822;13.312;0.442;0.000;0.000;0.000;0.000;1.000;
09.04.2026 05:00:00;0.000;0.000;0.000;2845.938;1.407;2.831;13.006;0.449;0.000;0.000;0.000;0.000;1.000;
09.04.2026 05:15:00;0.000;0.000;0.000;2856.114;1.384;2.829;13.000;0.501;0.000;0.000;0.000;0.000;1.000;
09.04.2026 05:30:00;0.000;0.000;0.000;2856.093;1.361;2.829;12.965;0.428;0.000;0.000;0.000;0.000;1.000;
09.04.2026 05:45:00;0.000;0.000;0.000;2839.899;1.337;2.832;12.830;0.484;0.000;0.000;0.000;0.000;1.000;
09.04.2026 06:00:00;0.000;0.000;0.000;2828.050;1.315;2.822;12.708;0.441;0.000;0.000;0.000;0.000;1.000;
09.04.2026 06:15:00;0.000;0.000;0.000;2823.489;1.294;2.808;12.531;0.453;0.000;0.000;0.000;0.000;1.000;
09.04.2026 06:30:00;0.000;0.000;0.000;2824.327;1.272;2.791;12.472;0.450;0.000;0.000;0.000;0.000;1.000;
09.04.2026 06:45:00;0.000;0.000;0.000;2812.456;1.249;2.773;12.360;2.072;0.000;0.000;0.000;0.000;1.000;
09.04.2026 07:00:00;0.000;0.000;0.000;2810.399;1.228;2.762;12.207;6.033;0.000;0.000;0.000;0.000;1.000;
09.04.2026 07:15:00;0.000;0.000;0.000;3003.188;1.230;2.761;12.178;12.956;0.000;0.000;0.000;0.000;1.000;
09.04.2026 07:30:00;0.000;0.000;0.000;3004.634;1.236;2.789;12.198;18.675;0.000;0.000;0.000;0.000;1.000;
09.04.2026 07:45:00;0.000;0.000;0.000;3004.654;1.241;2.812;12.365;24.690;0.000;0.000;0.000;0.000;1.000;
09.04.2026 08:00:00;0.000;0.000;0.000;3005.513;1.244;2.830;12.456;28.463;0.000;0.000;0.000;0.000;1.000;
09.04.2026 08:15:00;0.000;0.000;0.000;3004.538;1.248;2.826;12.508;32.398;0.000;0.000;0.000;0.000;1.000;
09.04.2026 08:30:00;0.000;0.000;0.000;3005.127;1.251;2.785;12.564;36.787;0.000;0.000;0.000;0.000;1.000;
09.04.2026 08:45:00;0.000;0.000;0.000;3004.294;1.254;2.722;12.807;41.737;0.000;0.000;0.000;0.000;1.000;
09.04.2026 09:00:00;0.000;0.000;0.000;3004.987;1.256;2.672;12.955;47.801;0.000;0.000;0.000;0.000;1.000;
09.04.2026 09:15:00;0.000;0.000;0.000;3004.358;1.259;2.666;13.394;526.020;0.000;0.000;0.000;0.000;1.000;
09.04.2026 09:30:00;0.000;0.000;0.000;2350.787;1.266;2.787;17.761;660.939;0.000;0.000;1.000;0.000;0.000;
09.04.2026 09:45:00;0.000;0.000;0.000;2276.493;1.284;2.958;21.291;725.122;0.000;0.000;1.000;0.000;0.000;
09.04.2026 10:00:00;0.000;0.000;0.000;2210.557;1.306;2.971;23.311;791.662;0.000;0.000;1.000;0.000;0.000;
09.04.2026 10:15:00;0.000;0.000;0.000;2316.456;1.332;2.971;25.104;736.138;0.000;0.000;1.000;0.000;0.000;
09.04.2026 10:30:00;0.000;0.000;0.000;2132.584;1.367;2.956;26.675;736.823;0.000;0.000;1.000;0.000;0.000;
09.04.2026 10:45:00;0.000;0.000;0.000;2090.537;1.395;2.957;27.324;887.797;0.000;0.000;1.000;0.000;0.000;
09.04.2026 11:00:00;0.000;0.000;0.000;2070.212;1.435;2.939;28.524;1071.261;0.000;0.000;1.000;0.000;0.000;
09.04.2026 11:15:00;0.000;0.000;0.000;2148.388;1.465;2.947;29.962;937.091;0.000;0.000;1.000;0.000;0.000;
09.04.2026 11:30:00;0.000;0.000;0.000;1962.340;1.503;2.934;30.652;802.580;0.000;0.000;1.000;0.000;0.000;
09.04.2026 11:45:00;0.000;0.000;0.000;694.115;1.590;2.830;31.479;839.590;0.000;0.000;1.000;0.000;0.000;
09.04.2026 12:00:00;0.000;0.000;0.000;361.339;1.722;2.794;32.799;915.299;0.000;0.000;1.000;0.000;0.000;
09.04.2026 12:15:00;0.000;0.000;0.000;276.951;1.854;2.844;33.386;1023.627;0.000;0.000;1.000;0.000;0.000;
09.04.2026 12:30:00;0.000;0.000;0.000;278.881;1.987;2.863;33.425;1077.414;0.000;0.000;1.000;0.000;0.000;
09.04.2026 12:45:00;0.000;0.000;0.000;278.259;2.117;2.872;33.123;1174.362;0.000;0.000;1.000;0.000;0.000;
09.04.2026 13:00:00;0.000;0.000;0.000;278.285;2.244;2.876;33.690;1306.310;0.000;0.000;1.000;0.000;0.000;
09.04.2026 13:15:00;0.000;0.000;0.000;277.953;2.293;2.885;33.997;1243.911;0.000;0.000;1.000;0.000;0.000;
09.04.2026 13:30:00;0.000;0.000;0.000;278.035;2.298;2.882;33.998;961.008;0.000;0.000;1.000;0.000;0.000;
09.04.2026 13:45:00;0.000;0.000;0.000;278.342;2.295;2.880;34.376;997.188;0.000;0.000;1.000;0.000;0.000;
09.04.2026 14:00:00;0.000;0.000;0.000;277.403;2.294;2.880;34.345;1380.135;0.000;0.000;1.000;0.000;0.000;
09.04.2026 14:15:00;0.000;0.000;0.000;198.415;2.297;3.000;33.920;952.739;0.000;0.000;1.000;0.000;0.000;
09.04.2026 14:30:00;0.000;0.000;0.000;276.556;2.295;3.093;33.299;1053.214;0.000;0.000;1.000;0.000;0.000;
09.04.2026 14:45:00;0.000;0.000;0.000;277.398;2.295;3.114;32.237;1036.046;0.000;0.000;1.000;0.000;0.000;
09.04.2026 15:00:00;0.000;0.000;0.000;354.689;2.293;3.131;31.979;1092.406;0.000;0.000;1.000;0.000;0.000;
09.04.2026 15:15:00;0.000;0.000;0.000;277.738;2.296;3.127;31.355;1191.980;0.000;0.000;1.000;0.000;0.000;
09.04.2026 15:30:00;0.000;0.000;0.000;276.891;2.300;3.129;30.815;1166.420;0.000;0.000;1.000;0.000;0.000;
09.04.2026 15:45:00;0.000;0.000;0.000;276.940;2.301;3.131;30.019;929.022;0.000;0.000;1.000;0.000;0.000;
09.04.2026 16:00:00;0.000;0.000;0.000;276.913;2.303;3.134;29.148;889.943;0.000;0.000;1.000;0.000;0.000;
09.04.2026 16:15:00;0.000;0.000;0.000;406.867;2.300;3.147;29.016;888.987;0.000;0.000;1.000;0.000;0.000;
09.04.2026 16:30:00;0.000;0.000;0.000;351.878;2.303;3.147;28.320;665.950;0.000;0.000;1.000;0.000;0.000;
09.04.2026 16:45:00;0.000;0.000;0.000;546.335;2.303;3.152;27.851;116.896;0.000;0.000;1.000;0.000;0.000;
09.04.2026 17:00:00;0.000;0.000;0.000;807.206;2.287;3.174;26.735;132.754;0.000;0.000;1.000;0.000;0.000;
09.04.2026 17:15:00;0.000;0.000;0.000;496.803;2.291;3.163;26.147;459.016;0.000;0.000;1.000;0.000;0.000;
09.04.2026 17:30:00;0.000;0.000;0.000;914.016;2.289;3.171;25.558;113.625;0.000;0.000;1.000;0.000;0.000;
09.04.2026 17:45:00;0.000;0.000;0.000;1439.412;2.273;3.183;24.801;110.923;0.000;0.000;1.000;0.000;0.000;
09.04.2026 18:00:00;0.000;0.000;0.000;2473.376;2.224;3.171;24.706;355.355;0.000;0.000;1.000;0.000;0.000;
09.04.2026 18:15:00;0.000;0.000;0.000;2479.427;2.201;3.109;24.379;433.548;0.000;0.000;1.000;0.000;0.000;
09.04.2026 18:30:00;0.000;0.000;0.000;2681.305;2.202;3.034;24.383;79.663;0.000;0.000;1.000;0.000;0.000;
09.04.2026 18:45:00;0.000;0.000;0.000;2795.294;2.195;2.997;23.893;62.816;0.000;0.000;1.000;0.000;0.000;
09.04.2026 19:00:00;0.000;0.000;0.000;2765.078;2.189;2.972;22.863;58.947;0.000;0.000;1.000;0.000;0.000;
09.04.2026 19:15:00;0.000;0.000;0.000;2605.010;2.190;2.946;22.129;114.777;0.000;0.000;1.000;0.000;0.000;
09.04.2026 19:30:00;0.000;0.000;0.000;2596.285;2.195;2.928;21.975;59.786;0.000;0.000;1.000;0.000;0.000;
09.04.2026 19:45:00;0.000;0.000;0.000;2646.325;2.201;2.922;21.432;21.067;0.000;0.000;1.000;0.000;0.000;
09.04.2026 20:00:00;0.000;0.000;0.000;2660.529;2.204;2.913;20.814;7.508;0.000;0.000;1.000;0.000;0.000;
09.04.2026 20:15:00;0.000;0.000;0.000;2773.618;2.199;2.928;20.212;1.063;0.000;0.000;1.000;0.000;0.000;
09.04.2026 20:30:00;0.000;0.000;0.000;2667.549;2.195;2.926;19.969;0.491;0.000;0.000;1.000;0.000;0.000;
09.04.2026 20:45:00;0.000;0.000;0.000;2712.002;2.192;2.925;19.657;0.451;0.000;0.000;1.000;0.000;0.000;
09.04.2026 21:00:00;0.000;0.000;0.000;2677.809;2.184;2.926;19.659;0.452;0.000;0.000;1.000;0.000;0.000;
09.04.2026 21:15:00;0.000;0.000;0.000;2703.158;2.182;2.928;19.055;0.490;0.000;0.000;1.000;0.000;0.000;
09.04.2026 21:30:00;0.000;0.000;0.000;2659.618;2.172;2.929;19.101;0.593;0.000;0.000;1.000;0.000;0.000;
09.04.2026 21:45:00;0.000;0.000;0.000;2636.129;2.164;2.938;19.002;0.487;0.000;0.000;1.000;0.000;0.000;
09.04.2026 22:00:00;0.000;0.000;0.000;2641.381;2.156;2.935;18.857;0.482;0.000;0.000;1.000;0.000;0.000;
09.04.2026 22:15:00;0.000;0.000;0.000;2641.871;2.153;2.949;18.411;0.548;0.000;0.000;1.000;0.000;0.000;
09.04.2026 22:30:00;0.000;0.000;0.000;2758.436;2.160;2.947;18.102;0.530;0.000;0.000;0.000;1.000;0.000;
09.04.2026 22:45:00;0.000;0.000;0.000;3013.231;2.151;2.977;17.975;0.492;0.000;0.000;0.000;0.000;1.000;
09.04.2026 23:00:00;0.000;0.000;0.000;3013.259;2.147;2.992;17.843;0.526;0.000;0.000;0.000;0.000;1.000;
09.04.2026 23:15:00;0.000;0.000;0.000;3013.635;2.150;2.971;17.512;0.461;0.000;0.000;0.000;0.000;1.000;
09.04.2026 23:30:00;0.000;0.000;0.000;3012.768;2.159;2.958;17.188;0.582;0.000;0.000;0.000;0.000;1.000;
09.04.2026 23:45:00;0.000;0.000;0.000;3011.772;2.171;2.949;17.061;0.511;0.000;0.000;0.000;0.000;1.000;
10.04.2026 00:00:00;0.000;0.000;0.000;3011.384;2.184;2.935;17.076;0.507;0.000;0.000;0.000;0.000;1.000;
10.04.2026 00:15:00;0.000;0.000;0.000;3011.675;2.195;2.916;16.901;0.472;0.000;0.000;0.000;0.000;1.000;
10.04.2026 00:30:00;0.000;0.000;0.000;3011.986;2.205;2.900;16.798;0.460;0.000;0.000;0.000;0.000;1.000;
10.04.2026 00:45:00;0.000;0.000;0.000;3012.054;2.211;2.899;16.700;0.465;0.000;0.000;0.000;0.000;1.000;
10.04.2026 01:00:00;0.000;0.000;0.000;3011.429;2.215;2.883;16.436;0.557;0.000;0.000;0.000;0.000;1.000;
10.04.2026 01:15:00;0.000;0.000;0.000;3011.281;2.215;2.872;16.282;0.461;0.000;0.000;0.000;0.000;1.000;
10.04.2026 01:30:00;0.000;0.000;0.000;3011.580;2.216;2.868;16.151;0.517;0.000;0.000;0.000;0.000;1.000;
10.04.2026 01:45:00;0.000;0.000;0.000;3011.428;2.216;2.879;15.993;0.696;0.000;0.000;0.000;0.000;1.000;
10.04.2026 02:00:00;0.000;0.000;0.000;3011.341;2.215;2.881;15.740;0.471;0.000;0.000;0.000;0.000;1.000;
10.04.2026 02:15:00;0.000;0.000;0.000;3010.713;2.214;2.883;15.625;0.568;0.000;0.000;0.000;0.000;1.000;
10.04.2026 02:30:00;0.000;0.000;0.000;3010.349;2.213;2.884;15.577;0.559;0.000;0.000;0.000;0.000;1.000;
10.04.2026 02:45:00;0.000;0.000;0.000;3010.923;2.211;2.886;15.354;0.637;0.000;0.000;0.000;0.000;1.000;
10.04.2026 03:00:00;0.000;0.000;0.000;3010.273;2.209;2.886;15.375;0.489;0.000;0.000;0.000;0.000;1.000;
10.04.2026 03:15:00;0.000;0.000;0.000;3010.549;2.208;2.896;15.017;0.450;0.000;0.000;0.000;0.000;1.000;
10.04.2026 03:30:00;0.000;0.000;0.000;3010.717;2.206;2.887;14.818;0.499;0.000;0.000;0.000;0.000;1.000;
10.04.2026 03:45:00;0.000;0.000;0.000;3010.449;2.205;2.883;14.430;0.541;0.000;0.000;0.000;0.000;1.000;
10.04.2026 04:00:00;0.000;0.000;0.000;3010.547;2.204;2.882;14.472;0.507;0.000;0.000;0.000;0.000;1.000;
10.04.2026 04:15:00;0.000;0.000;0.000;3010.648;2.203;2.880;14.295;0.451;0.000;0.000;0.000;0.000;1.000;
10.04.2026 04:30:00;0.000;0.000;0.000;3009.981;2.202;2.878;13.932;0.496;0.000;0.000;0.000;0.000;1.000;
10.04.2026 04:45:00;0.000;0.000;0.000;3009.865;2.199;2.885;13.766;0.616;0.000;0.000;0.000;0.000;1.000;
10.04.2026 05:00:00;0.000;0.000;0.000;3009.898;2.198;2.879;13.625;0.601;0.000;0.000;0.000;0.000;1.000;
10.04.2026 05:15:00;0.000;0.000;0.000;3011.383;2.196;2.873;13.530;0.540;0.000;0.000;0.000;0.000;1.000;
10.04.2026 05:30:00;0.000;0.000;0.000;3009.742;2.195;2.868;13.582;0.510;0.000;0.000;0.000;0.000;1.000;
10.04.2026 05:45:00;0.000;0.000;0.000;3010.317;2.193;2.866;13.451;0.512;0.000;0.000;0.000;0.000;1.000;
10.04.2026 06:00:00;0.000;0.000;0.000;3010.540;2.190;2.863;13.364;0.496;0.000;0.000;0.000;0.000;1.000;
10.04.2026 06:15:00;0.000;0.000;0.000;3010.556;2.187;2.861;13.404;0.492;0.000;0.000;0.000;0.000;1.000;
10.04.2026 06:30:00;0.000;0.000;0.000;3009.300;2.184;2.858;13.276;0.518;0.000;0.000;0.000;0.000;1.000;
10.04.2026 06:45:00;0.000;0.000;0.000;3010.011;2.181;2.856;13.299;4.375;0.000;0.000;0.000;0.000;1.000;
10.04.2026 07:00:00;0.000;0.000;0.000;3010.330;2.177;2.853;13.512;9.337;0.000;0.000;0.000;0.000;1.000;
10.04.2026 07:15:00;0.000;0.000;0.000;3010.660;2.173;2.863;13.499;7.554;0.000;0.000;0.000;0.000;1.000;
10.04.2026 07:30:00;0.000;0.000;0.000;3010.594;2.168;2.855;13.567;9.284;0.000;0.000;0.000;0.000;1.000;
10.04.2026 07:45:00;0.000;0.000;0.000;3009.385;2.164;2.849;13.715;11.006;0.000;0.000;0.000;0.000;1.000;
10.04.2026 08:00:00;0.000;0.000;0.000;3009.577;2.159;2.845;13.757;14.752;0.000;0.000;0.000;0.000;1.000;
10.04.2026 08:15:00;0.000;0.000;0.000;2822.128;2.154;2.839;14.059;37.350;0.000;0.000;1.000;0.000;0.000;
10.04.2026 08:30:00;0.000;0.000;0.000;2782.680;2.187;2.785;14.276;63.515;0.000;0.000;1.000;0.000;0.000;
10.04.2026 08:45:00;0.000;0.000;0.000;2922.637;2.212;2.776;14.876;135.533;0.000;0.000;1.000;0.000;0.000;
10.04.2026 09:00:00;0.000;0.000;0.000;2907.372;2.228;2.776;15.678;179.512;0.000;0.000;1.000;0.000;0.000;
10.04.2026 09:15:00;0.000;0.000;0.000;3008.916;2.235;2.780;15.778;102.350;0.000;0.000;1.000;0.000;0.000;
10.04.2026 09:30:00;0.000;0.000;0.000;3008.796;2.235;2.786;15.425;118.014;0.000;0.000;1.000;0.000;0.000;
10.04.2026 09:45:00;0.000;0.000;0.000;3009.490;2.221;2.762;15.957;93.053;0.000;0.000;1.000;0.000;0.000;
10.04.2026 10:00:00;0.000;0.000;0.000;3009.270;2.208;2.727;15.919;94.423;0.000;0.000;1.000;0.000;0.000;
10.04.2026 10:15:00;0.000;0.000;0.000;1910.115;2.244;2.570;15.686;172.597;0.000;0.000;1.000;0.000;0.000;
10.04.2026 10:30:00;0.000;0.000;0.000;1857.209;2.267;2.510;16.368;256.581;0.000;0.000;1.000;0.000;0.000;
10.04.2026 10:45:00;0.000;0.000;0.000;1315.812;2.271;2.473;17.667;500.415;0.000;0.000;1.000;0.000;0.000;
10.04.2026 11:00:00;0.000;0.000;0.000;1521.030;2.284;2.379;22.201;917.540;0.000;0.000;1.000;0.000;0.000;
10.04.2026 11:15:00;0.000;0.000;0.000;1572.373;2.286;2.349;24.487;689.450;0.000;0.000;1.000;0.000;0.000;
10.04.2026 11:30:00;0.000;0.000;0.000;2068.304;2.279;2.477;25.121;223.716;0.000;0.000;1.000;0.000;0.000;
10.04.2026 11:45:00;0.000;0.000;0.000;2212.540;2.261;2.750;22.892;219.495;0.000;0.000;1.000;0.000;0.000;
10.04.2026 12:00:00;0.000;0.000;0.000;1954.897;2.254;2.968;22.127;325.207;0.000;0.000;1.000;0.000;0.000;
10.04.2026 12:15:00;0.000;0.000;0.000;1966.224;2.256;2.953;22.493;295.348;0.000;0.000;1.000;0.000;0.000;
10.04.2026 12:30:00;0.000;0.000;0.000;2028.408;2.255;2.916;21.434;197.444;0.000;0.000;1.000;0.000;0.000;
10.04.2026 12:45:00;0.000;0.000;0.000;1960.146;2.259;2.850;20.959;196.133;0.000;0.000;1.000;0.000;0.000;
10.04.2026 13:00:00;0.000;0.000;0.000;1878.601;2.261;2.829;20.000;156.097;0.000;0.000;1.000;0.000;0.000;
10.04.2026 13:15:00;0.000;0.000;0.000;2117.079;2.260;2.809;19.386;132.813;0.000;0.000;1.000;0.000;0.000;
10.04.2026 13:30:00;0.000;0.000;0.000;2056.200;2.255;2.818;18.549;163.541;0.000;0.000;1.000;0.000;0.000;
10.04.2026 13:45:00;0.000;0.000;0.000;2077.876;2.256;2.828;18.093;162.291;0.000;0.000;1.000;0.000;0.000;
10.04.2026 14:00:00;0.000;0.000;0.000;2042.517;2.250;2.832;17.925;104.208;0.000;0.000;1.000;0.000;0.000;
10.04.2026 14:15:00;0.000;0.000;0.000;1833.565;2.255;2.798;17.868;235.054;0.000;0.000;1.000;0.000;0.000;
10.04.2026 14:30:00;0.000;0.000;0.000;1966.610;2.244;3.034;18.184;74.137;0.000;0.000;1.000;0.000;0.000;
10.04.2026 14:45:00;0.000;0.000;0.000;2152.369;2.229;3.082;17.605;48.273;0.200;0.000;1.000;0.000;0.000;
10.04.2026 15:00:00;0.000;0.000;0.000;2012.026;2.226;2.966;16.376;80.879;0.400;0.000;1.000;0.000;0.000;
10.04.2026 15:15:00;0.000;0.000;0.000;1959.495;2.243;2.877;16.697;172.276;0.600;0.000;1.000;0.000;0.000;
10.04.2026 15:30:00;0.000;0.000;0.000;1954.718;2.256;2.820;16.976;116.491;0.600;0.000;1.000;0.000;0.000;
10.04.2026 15:45:00;0.000;0.000;0.000;1983.649;2.265;2.741;17.030;74.138;0.600;0.000;1.000;0.000;0.000;
10.04.2026 16:00:00;0.000;0.000;0.000;1989.881;2.265;2.724;17.029;71.088;0.600;0.000;1.000;0.000;0.000;
10.04.2026 16:15:00;0.000;0.000;0.000;2038.244;2.262;2.766;16.852;54.955;0.600;0.000;1.000;0.000;0.000;
10.04.2026 16:30:00;0.000;0.000;0.000;2943.147;2.235;2.881;16.802;84.134;0.600;0.000;1.000;0.000;0.000;
10.04.2026 16:45:00;0.000;0.000;0.000;3020.814;2.191;3.000;16.646;60.975;0.600;0.000;1.000;0.000;0.000;
10.04.2026 17:00:00;0.000;0.000;0.000;3019.057;2.156;3.014;16.388;162.365;0.600;0.000;1.000;0.000;0.000;
10.04.2026 17:15:00;0.000;0.000;0.000;3010.305;2.124;3.005;16.312;84.159;0.600;0.000;1.000;0.000;0.000;
10.04.2026 17:30:00;0.000;0.000;0.000;3010.736;2.109;2.982;16.000;116.504;0.600;0.000;1.000;0.000;0.000;
10.04.2026 17:45:00;0.000;0.000;0.000;3011.262;2.114;2.971;15.831;75.524;0.600;0.000;1.000;0.000;0.000;
10.04.2026 18:00:00;0.000;0.000;0.000;3010.892;2.134;2.951;15.785;87.844;0.800;0.000;1.000;0.000;0.000;
10.04.2026 18:15:00;0.000;0.000;0.000;3011.179;2.159;2.932;15.912;55.463;0.800;0.000;1.000;0.000;0.000;
10.04.2026 18:30:00;0.000;0.000;0.000;3010.941;2.186;2.902;15.642;46.125;0.800;0.000;1.000;0.000;0.000;
10.04.2026 18:45:00;0.000;0.000;0.000;3012.247;2.212;2.872;15.741;35.190;0.800;0.000;1.000;0.000;0.000;
10.04.2026 19:00:00;0.000;0.000;0.000;3011.518;2.229;2.841;15.577;49.737;0.800;0.000;1.000;0.000;0.000;
10.04.2026 19:15:00;0.000;0.000;0.000;3010.967;2.235;2.811;15.604;52.110;0.800;0.000;1.000;0.000;0.000;
10.04.2026 19:30:00;0.000;0.000;0.000;3010.563;2.223;2.771;15.399;47.700;0.800;0.000;1.000;0.000;0.000;
10.04.2026 19:45:00;0.000;0.000;0.000;3009.384;2.213;2.725;15.314;21.885;0.800;0.000;1.000;0.000;0.000;
10.04.2026 20:00:00;0.000;0.000;0.000;3010.219;2.204;2.692;15.054;8.562;0.800;0.000;1.000;0.000;0.000;
10.04.2026 20:15:00;0.000;0.000;0.000;3007.525;2.199;2.700;14.980;2.618;0.800;0.000;1.000;0.000;0.000;
10.04.2026 20:30:00;0.000;0.000;0.000;3009.212;2.192;2.767;14.642;0.460;0.800;0.000;1.000;0.000;0.000;
10.04.2026 20:45:00;0.000;0.000;0.000;3009.585;2.187;2.858;14.454;0.450;0.800;0.000;1.000;0.000;0.000;
10.04.2026 21:00:00;0.000;0.000;0.000;3010.491;2.181;2.873;14.152;0.450;0.800;0.000;1.000;0.000;0.000;
10.04.2026 21:15:00;0.000;0.000;0.000;3011.920;2.182;2.862;13.933;0.439;0.800;0.000;1.000;0.000;0.000;
10.04.2026 21:30:00;0.000;0.000;0.000;3011.187;2.182;2.860;13.817;0.451;0.800;0.000;1.000;0.000;0.000;
10.04.2026 21:45:00;0.000;0.000;0.000;3011.146;2.185;2.856;13.603;0.451;0.800;0.000;1.000;0.000;0.000;
10.04.2026 22:00:00;0.000;0.000;0.000;3011.523;2.188;2.852;13.357;0.451;0.800;0.000;1.000;0.000;0.000;
10.04.2026 22:15:00;0.000;0.000;0.000;3011.991;2.191;2.844;13.384;0.454;0.800;0.000;1.000;0.000;0.000;
10.04.2026 22:30:00;0.000;0.000;0.000;3011.736;2.194;2.834;13.148;0.468;0.800;0.000;1.000;0.000;0.000;
10.04.2026 22:45:00;0.000;0.000;0.000;3011.113;2.198;2.823;13.130;0.451;0.800;0.000;1.000;0.000;0.000;
10.04.2026 23:00:00;0.000;0.000;0.000;3011.673;2.200;2.809;12.896;0.473;0.800;0.000;1.000;0.000;0.000;
10.04.2026 23:15:00;0.000;0.000;0.000;3011.160;2.200;2.793;13.000;0.446;0.800;0.000;1.000;0.000;0.000;
10.04.2026 23:30:00;0.000;0.000;0.000;3011.194;2.198;2.776;12.804;0.456;0.800;0.000;1.000;0.000;0.000;
10.04.2026 23:45:00;0.000;0.000;0.000;3011.753;2.197;2.757;12.694;0.553;0.800;0.000;1.000;0.000;0.000;
11.04.2026 00:00:00;0.000;0.000;0.000;3011.019;2.194;2.743;12.691;0.450;0.800;0.000;1.000;0.000;0.000;
11.04.2026 00:15:00;0.000;0.000;0.000;3010.944;2.192;2.742;12.599;0.437;0.000;0.000;1.000;0.000;0.000;
11.04.2026 00:30:00;0.000;0.000;0.000;3009.570;2.191;2.750;12.534;0.455;0.000;0.000;1.000;0.000;0.000;
11.04.2026 00:45:00;0.000;0.000;0.000;3011.683;2.188;2.773;12.538;0.449;0.000;0.000;1.000;0.000;0.000;
11.04.2026 01:00:00;0.000;0.000;0.000;3011.305;2.187;2.796;12.334;0.526;0.000;0.000;1.000;0.000;0.000;
11.04.2026 01:15:00;0.000;0.000;0.000;3011.567;2.187;2.824;12.220;0.496;0.000;0.000;1.000;0.000;0.000;
11.04.2026 01:30:00;0.000;0.000;0.000;2971.467;2.187;2.822;12.108;0.450;0.000;0.000;1.000;0.000;0.000;
11.04.2026 01:45:00;0.000;0.000;0.000;3010.388;2.196;2.791;11.973;0.450;0.000;0.000;1.000;0.000;0.000;
11.04.2026 02:00:00;0.000;0.000;0.000;3011.048;2.196;2.788;11.894;0.476;0.000;0.000;1.000;0.000;0.000;
11.04.2026 02:15:00;0.000;0.000;0.000;3010.254;2.195;2.783;11.946;0.455;0.000;0.000;1.000;0.000;0.000;
11.04.2026 02:30:00;0.000;0.000;0.000;3011.028;2.195;2.775;11.834;0.507;0.000;0.000;1.000;0.000;0.000;
11.04.2026 02:45:00;0.000;0.000;0.000;2956.252;2.194;2.768;11.570;0.462;0.000;0.000;1.000;0.000;0.000;
11.04.2026 03:00:00;0.000;0.000;0.000;3010.702;2.193;2.767;11.592;0.466;0.000;0.000;1.000;0.000;0.000;
11.04.2026 03:15:00;0.000;0.000;0.000;3010.492;2.192;2.772;11.648;0.452;0.000;0.000;1.000;0.000;0.000;
11.04.2026 03:30:00;0.000;0.000;0.000;3010.334;2.191;2.783;11.519;0.449;0.000;0.000;1.000;0.000;0.000;
11.04.2026 03:45:00;0.000;0.000;0.000;3009.967;2.194;2.777;11.554;0.567;0.000;0.000;1.000;0.000;0.000;
11.04.2026 04:00:00;0.000;0.000;0.000;2902.967;2.192;2.791;11.532;0.477;0.000;0.000;1.000;0.000;0.000;
11.04.2026 04:15:00;0.000;0.000;0.000;2805.043;2.197;2.782;11.326;0.500;0.000;0.000;1.000;0.000;0.000;
11.04.2026 04:30:00;0.000;0.000;0.000;2893.560;2.197;2.784;11.064;0.553;0.000;0.000;1.000;0.000;0.000;
11.04.2026 04:45:00;0.000;0.000;0.000;2940.653;2.195;2.794;10.813;0.459;0.000;0.000;1.000;0.000;0.000;
11.04.2026 05:00:00;0.000;0.000;0.000;2964.088;2.195;2.795;11.014;0.485;0.000;0.000;1.000;0.000;0.000;
11.04.2026 05:15:00;0.000;0.000;0.000;3010.240;2.191;2.803;11.134;0.450;0.000;0.000;1.000;0.000;0.000;
11.04.2026 05:30:00;0.000;0.000;0.000;2864.293;2.193;2.792;11.183;0.497;0.000;0.000;1.000;0.000;0.000;
11.04.2026 05:45:00;0.000;0.000;0.000;2903.227;2.195;2.777;11.081;0.455;0.000;0.000;1.000;0.000;0.000;
11.04.2026 06:00:00;0.000;0.000;0.000;2818.718;2.205;2.754;11.038;0.477;0.000;0.000;1.000;0.000;0.000;
11.04.2026 06:15:00;0.000;0.000;0.000;2791.186;2.210;2.748;10.784;0.458;0.000;0.000;1.000;0.000;0.000;
11.04.2026 06:30:00;0.000;0.000;0.000;2761.808;2.216;2.742;10.739;0.450;0.000;0.000;1.000;0.000;0.000;
11.04.2026 06:45:00;0.000;0.000;0.000;2796.204;2.212;2.767;10.672;3.070;0.000;0.000;1.000;0.000;0.000;
11.04.2026 07:00:00;0.000;0.000;0.000;2671.660;2.208;2.788;10.470;6.830;0.000;0.000;1.000;0.000;0.000;
11.04.2026 07:15:00;0.000;0.000;0.000;2825.096;2.200;2.811;10.400;12.520;0.000;0.000;1.000;0.000;0.000;
11.04.2026 07:30:00;0.000;0.000;0.000;2643.306;2.199;2.811;10.481;21.937;0.000;0.000;1.000;0.000;0.000;
11.04.2026 07:45:00;0.000;0.000;0.000;2770.189;2.195;2.830;10.687;31.837;0.000;0.000;1.000;0.000;0.000;
11.04.2026 08:00:00;0.000;0.000;0.000;2772.797;2.192;2.831;10.698;43.018;0.000;0.000;1.000;0.000;0.000;
11.04.2026 08:15:00;0.000;0.000;0.000;2649.019;2.187;2.824;10.777;57.747;0.000;0.000;1.000;0.000;0.000;
11.04.2026 08:30:00;0.000;0.000;0.000;2532.769;2.193;2.779;11.037;76.653;0.000;0.000;1.000;0.000;0.000;
11.04.2026 08:45:00;0.000;0.000;0.000;2762.196;2.189;2.786;11.516;94.648;0.000;0.000;1.000;0.000;0.000;
11.04.2026 09:00:00;0.000;0.000;0.000;2793.698;2.178;2.813;11.882;107.810;0.000;0.000;1.000;0.000;0.000;
11.04.2026 09:15:00;0.000;0.000;0.000;2896.705;2.174;2.818;13.127;386.510;0.000;0.000;1.000;0.000;0.000;
11.04.2026 09:30:00;0.000;0.000;0.000;2837.906;2.168;2.828;17.083;643.833;0.000;0.000;1.000;0.000;0.000;
11.04.2026 09:45:00;0.000;0.000;0.000;2936.405;2.169;2.822;19.928;708.450;0.000;0.000;1.000;0.000;0.000;
11.04.2026 10:00:00;0.000;0.000;0.000;2872.014;2.171;2.811;22.229;769.963;0.000;0.000;1.000;0.000;0.000;
11.04.2026 10:15:00;0.000;0.000;0.000;2854.829;2.177;2.790;24.066;736.944;0.000;0.000;1.000;0.000;0.000;
11.04.2026 10:30:00;0.000;0.000;0.000;2790.471;2.190;2.750;25.826;732.908;0.000;0.000;1.000;0.000;0.000;
11.04.2026 10:45:00;0.000;0.000;0.000;1484.031;2.222;2.660;26.418;748.326;0.000;0.000;1.000;0.000;0.000;
11.04.2026 11:00:00;0.000;0.000;0.000;1592.631;2.280;2.473;28.300;752.630;0.000;0.000;1.000;0.000;0.000;
11.04.2026 11:15:00;0.000;0.000;0.000;1315.541;2.295;2.294;29.499;802.041;0.000;0.000;1.000;0.000;0.000;
11.04.2026 11:30:00;0.000;0.000;0.000;1414.519;2.294;2.091;30.561;773.408;0.000;0.000;1.000;0.000;0.000;
11.04.2026 11:45:00;0.000;0.000;0.000;1291.527;2.294;1.865;31.864;859.776;0.000;0.000;1.000;0.000;0.000;
11.04.2026 12:00:00;0.000;0.000;0.000;1264.575;2.295;1.757;32.773;1002.073;0.000;0.000;1.000;0.000;0.000;
11.04.2026 12:15:00;0.000;0.000;0.000;1150.499;2.295;1.871;32.905;1006.285;0.000;0.000;1.000;0.000;0.000;
11.04.2026 12:30:00;0.000;0.000;0.000;1156.825;2.299;1.961;33.646;949.377;0.000;0.000;1.000;0.000;0.000;
11.04.2026 12:45:00;0.000;0.000;0.000;1157.203;2.301;2.053;34.442;1253.262;0.000;0.000;1.000;0.000;0.000;
11.04.2026 13:00:00;0.000;0.000;0.000;1158.079;2.302;2.144;34.711;1296.898;0.000;0.000;1.000;0.000;0.000;
11.04.2026 13:15:00;0.000;0.000;0.000;1158.372;2.302;2.284;34.411;1059.371;0.000;0.000;1.000;0.000;0.000;
11.04.2026 13:30:00;0.000;0.000;0.000;1160.050;2.303;2.406;34.485;874.071;0.000;0.000;1.000;0.000;0.000;
11.04.2026 13:45:00;0.000;0.000;0.000;1160.954;2.303;2.526;34.736;879.007;0.000;0.000;1.000;0.000;0.000;
11.04.2026 14:00:00;0.000;0.000;0.000;1162.034;2.304;2.686;34.999;1260.640;0.000;0.000;1.000;0.000;0.000;
11.04.2026 14:15:00;0.000;0.000;0.000;1163.225;2.305;2.814;34.061;920.115;0.000;0.000;1.000;0.000;0.000;
11.04.2026 14:30:00;0.000;0.000;0.000;1082.756;2.309;2.902;33.078;997.062;0.000;0.000;1.000;0.000;0.000;
11.04.2026 14:45:00;0.000;0.000;0.000;1083.131;2.312;2.913;32.580;1093.954;0.000;0.000;1.000;0.000;0.000;
11.04.2026 15:00:00;0.000;0.000;0.000;1082.702;2.313;2.886;32.206;1091.706;0.000;0.000;1.000;0.000;0.000;
11.04.2026 15:15:00;0.000;0.000;0.000;1214.010;2.309;2.872;31.173;710.652;0.000;0.000;1.000;0.000;0.000;
11.04.2026 15:30:00;0.000;0.000;0.000;1522.405;2.299;2.883;29.453;419.034;0.000;0.000;1.000;0.000;0.000;
11.04.2026 15:45:00;0.000;0.000;0.000;1158.475;2.302;2.854;28.297;889.862;0.000;0.000;1.000;0.000;0.000;
11.04.2026 16:00:00;0.000;0.000;0.000;1568.574;2.304;2.836;28.016;467.805;0.000;0.000;1.000;0.000;0.000;
11.04.2026 16:15:00;0.000;0.000;0.000;1374.845;2.299;2.825;27.200;488.600;0.000;0.000;1.000;0.000;0.000;
11.04.2026 16:30:00;0.000;0.000;0.000;1525.796;2.304;2.791;26.926;400.180;0.000;0.000;1.000;0.000;0.000;
11.04.2026 16:45:00;0.000;0.000;0.000;2547.789;2.275;2.899;26.687;415.230;0.000;0.000;1.000;0.000;0.000;
11.04.2026 17:00:00;0.000;0.000;0.000;3023.651;2.218;3.034;26.140;223.084;0.000;0.000;1.000;0.000;0.000;
11.04.2026 17:15:00;0.000;0.000;0.000;3022.310;2.183;3.051;25.314;142.946;0.000;0.000;1.000;0.000;0.000;
11.04.2026 17:30:00;0.000;0.000;0.000;3022.094;2.152;3.034;24.742;100.501;0.000;0.000;1.000;0.000;0.000;
11.04.2026 17:45:00;0.000;0.000;0.000;3021.275;2.127;3.002;24.337;132.421;0.000;0.000;1.000;0.000;0.000;
11.04.2026 18:00:00;0.000;0.000;0.000;3020.074;2.119;2.966;23.882;120.518;0.000;0.000;1.000;0.000;0.000;
11.04.2026 18:15:00;0.000;0.000;0.000;3020.981;2.130;2.954;23.367;107.084;0.000;0.000;1.000;0.000;0.000;
11.04.2026 18:30:00;0.000;0.000;0.000;3019.857;2.153;2.935;22.882;57.049;0.000;0.000;1.000;0.000;0.000;
11.04.2026 18:45:00;0.000;0.000;0.000;3019.167;2.180;2.914;22.370;48.327;0.000;0.000;1.000;0.000;0.000;
11.04.2026 19:00:00;0.000;0.000;0.000;3019.096;2.205;2.884;21.700;52.089;0.000;0.000;1.000;0.000;0.000;
11.04.2026 19:15:00;0.000;0.000;0.000;3018.575;2.222;2.866;21.569;46.003;0.000;0.000;1.000;0.000;0.000;
11.04.2026 19:30:00;0.000;0.000;0.000;3018.077;2.227;2.831;21.419;27.955;0.000;0.000;1.000;0.000;0.000;
11.04.2026 19:45:00;0.000;0.000;0.000;3018.750;2.224;2.792;21.175;14.757;0.000;0.000;1.000;0.000;0.000;
11.04.2026 20:00:00;0.000;0.000;0.000;3019.115;2.219;2.748;20.614;6.873;0.000;0.000;1.000;0.000;0.000;
11.04.2026 20:15:00;0.000;0.000;0.000;2953.814;2.216;2.695;20.093;2.019;0.000;0.000;1.000;0.000;0.000;
11.04.2026 20:30:00;0.000;0.000;0.000;3016.225;2.210;2.713;20.170;0.490;0.000;0.000;0.000;1.000;0.000;
11.04.2026 20:45:00;0.000;0.000;0.000;3017.671;2.202;2.789;20.126;0.459;0.000;0.000;0.000;0.000;1.000;
11.04.2026 21:00:00;0.000;0.000;0.000;3018.689;2.196;2.860;19.722;0.458;0.000;0.000;0.000;0.000;1.000;
11.04.2026 21:15:00;0.000;0.000;0.000;3019.052;2.190;2.880;19.606;0.452;0.000;0.000;0.000;0.000;1.000;
11.04.2026 21:30:00;0.000;0.000;0.000;3019.248;2.184;2.886;19.327;0.468;0.000;0.000;0.000;0.000;1.000;
11.04.2026 21:45:00;0.000;0.000;0.000;3019.986;2.181;2.889;18.990;0.437;0.000;0.000;0.000;0.000;1.000;
11.04.2026 22:00:00;0.000;0.000;0.000;3020.044;2.181;2.888;18.534;0.541;0.000;0.000;0.000;0.000;1.000;
11.04.2026 22:15:00;0.000;0.000;0.000;3019.821;2.182;2.886;18.204;0.444;0.000;0.000;0.000;0.000;1.000;
11.04.2026 22:30:00;0.000;0.000;0.000;1746.736;2.204;2.899;17.917;0.468;0.000;0.000;1.000;0.000;0.000;
11.04.2026 22:45:00;0.000;0.000;0.000;2978.979;2.244;2.800;17.776;0.457;0.000;0.000;0.000;1.000;0.000;
11.04.2026 23:00:00;0.000;0.000;0.000;3012.380;2.217;2.847;17.544;0.450;0.000;0.000;0.000;0.000;1.000;
11.04.2026 23:15:00;0.000;0.000;0.000;3012.471;2.201;2.859;17.301;0.455;0.000;0.000;0.000;0.000;1.000;
11.04.2026 23:30:00;0.000;0.000;0.000;3011.992;2.188;2.861;17.231;0.453;0.000;0.000;0.000;0.000;1.000;
11.04.2026 23:45:00;0.000;0.000;0.000;3012.073;2.178;2.904;16.970;0.574;0.000;0.000;0.000;0.000;1.000;
12.04.2026 00:00:00;0.000;0.000;0.000;3012.208;2.171;2.922;16.835;0.502;0.000;0.000;0.000;0.000;1.000;
12.04.2026 00:15:00;0.000;0.000;0.000;3012.415;2.168;2.922;16.777;0.452;0.000;0.000;0.000;0.000;1.000;
12.04.2026 00:30:00;0.000;0.000;0.000;3011.796;2.170;2.916;16.698;0.507;0.000;0.000;0.000;0.000;1.000;
12.04.2026 00:45:00;0.000;0.000;0.000;3012.123;2.175;2.917;16.137;0.462;0.000;0.000;0.000;0.000;1.000;
12.04.2026 01:00:00;0.000;0.000;0.000;3011.822;2.184;2.904;16.338;0.450;0.000;0.000;0.000;0.000;1.000;
12.04.2026 01:15:00;0.000;0.000;0.000;3011.871;2.192;2.891;16.682;0.457;0.000;0.000;0.000;0.000;1.000;
12.04.2026 01:30:00;0.000;0.000;0.000;3011.970;2.199;2.878;16.426;0.460;0.000;0.000;0.000;0.000;1.000;
12.04.2026 01:45:00;0.000;0.000;0.000;3011.251;2.203;2.866;16.179;0.499;0.000;0.000;0.000;0.000;1.000;
12.04.2026 02:00:00;0.000;0.000;0.000;3011.073;2.205;2.856;16.078;0.456;0.000;0.000;0.000;0.000;1.000;
12.04.2026 02:15:00;0.000;0.000;0.000;3011.202;2.203;2.848;16.409;0.424;0.000;0.000;0.000;0.000;1.000;
12.04.2026 02:30:00;0.000;0.000;0.000;3010.774;2.200;2.842;16.465;0.591;0.000;0.000;0.000;0.000;1.000;
12.04.2026 02:45:00;0.000;0.000;0.000;3011.000;2.197;2.840;16.260;0.525;0.000;0.000;0.000;0.000;1.000;
12.04.2026 03:00:00;0.000;0.000;0.000;3011.338;2.194;2.846;16.380;0.450;0.000;0.000;0.000;0.000;1.000;
12.04.2026 03:15:00;0.000;0.000;0.000;3010.837;2.192;2.854;16.231;0.490;0.000;0.000;0.000;0.000;1.000;
12.04.2026 03:30:00;0.000;0.000;0.000;3010.908;2.188;2.860;16.330;0.457;0.000;0.000;0.000;0.000;1.000;
12.04.2026 03:45:00;0.000;0.000;0.000;3010.570;2.186;2.863;16.221;0.452;0.000;0.000;0.000;0.000;1.000;
12.04.2026 04:00:00;0.000;0.000;0.000;3011.316;2.185;2.872;16.166;0.555;0.000;0.000;0.000;0.000;1.000;
12.04.2026 04:15:00;0.000;0.000;0.000;3012.245;2.185;2.870;16.016;0.500;0.000;0.000;0.000;0.000;1.000;
12.04.2026 04:30:00;0.000;0.000;0.000;3012.435;2.187;2.864;15.807;0.451;0.000;0.000;0.000;0.000;1.000;
12.04.2026 04:45:00;0.000;0.000;0.000;3011.486;2.190;2.860;15.825;0.450;0.000;0.000;0.000;0.000;1.000;
12.04.2026 05:00:00;0.000;0.000;0.000;3011.007;2.191;2.854;15.829;0.451;0.000;0.000;0.000;0.000;1.000;
12.04.2026 05:15:00;0.000;0.000;0.000;3010.437;2.195;2.847;15.927;0.530;0.000;0.000;0.000;0.000;1.000;
12.04.2026 05:30:00;0.000;0.000;0.000;3010.844;2.197;2.841;15.671;0.462;0.000;0.000;0.000;0.000;1.000;
12.04.2026 05:45:00;0.000;0.000;0.000;3011.056;2.198;2.833;15.283;0.454;0.000;0.000;0.000;0.000;1.000;
12.04.2026 06:00:00;0.000;0.000;0.000;3010.649;2.198;2.827;14.987;0.454;0.200;0.000;0.000;0.000;1.000;
12.04.2026 06:15:00;0.000;0.000;0.000;3011.241;2.198;2.823;14.679;0.462;0.200;0.000;0.000;0.000;1.000;
12.04.2026 06:30:00;0.000;0.000;0.000;3010.166;2.197;2.820;14.292;0.483;0.400;0.000;0.000;0.000;1.000;
12.04.2026 06:45:00;0.000;0.000;0.000;3010.564;2.196;2.816;14.263;0.452;0.400;0.000;0.000;0.000;1.000;
12.04.2026 07:00:00;0.000;0.000;0.000;3010.102;2.195;2.814;14.171;1.873;0.400;0.000;0.000;0.000;1.000;
12.04.2026 07:15:00;0.000;0.000;0.000;3010.994;2.193;2.814;14.135;3.421;0.400;0.000;0.000;0.000;1.000;
12.04.2026 07:30:00;0.000;0.000;0.000;3010.267;2.192;2.816;14.160;6.624;0.400;0.000;0.000;0.000;1.000;
12.04.2026 07:45:00;0.000;0.000;0.000;3011.152;2.191;2.822;13.849;11.523;0.400;0.000;0.000;0.000;1.000;
12.04.2026 08:00:00;0.000;0.000;0.000;3010.672;2.189;2.828;13.836;24.655;0.400;0.000;0.000;0.000;1.000;
12.04.2026 08:15:00;0.000;0.000;0.000;3011.599;2.189;2.832;14.052;37.804;0.400;0.000;0.000;0.000;1.000;
12.04.2026 08:30:00;0.000;0.000;0.000;2786.046;2.203;2.811;14.199;28.006;0.400;0.000;1.000;0.000;0.000;
12.04.2026 08:45:00;0.000;0.000;0.000;3009.492;2.205;2.797;14.190;33.413;0.400;0.000;1.000;0.000;0.000;
12.04.2026 09:00:00;0.000;0.000;0.000;3010.626;2.200;2.798;14.135;46.632;0.400;0.000;1.000;0.000;0.000;
12.04.2026 09:15:00;0.000;0.000;0.000;3010.174;2.196;2.795;14.200;45.525;0.400;0.000;1.000;0.000;0.000;
12.04.2026 09:30:00;0.000;0.000;0.000;3010.713;2.192;2.789;14.404;45.563;0.400;0.000;1.000;0.000;0.000;
12.04.2026 09:45:00;0.000;0.000;0.000;3010.355;2.188;2.787;14.475;60.413;0.400;0.000;1.000;0.000;0.000;
12.04.2026 10:00:00;0.000;0.000;0.000;3010.709;2.184;2.796;14.498;86.571;0.400;0.000;1.000;0.000;0.000;
12.04.2026 10:15:00;0.000;0.000;0.000;2939.375;2.189;2.791;14.529;93.997;0.400;0.000;1.000;0.000;0.000;
12.04.2026 10:30:00;0.000;0.000;0.000;3011.152;2.189;2.799;14.783;122.170;0.400;0.000;1.000;0.000;0.000;
12.04.2026 10:45:00;0.000;0.000;0.000;3011.171;2.191;2.805;15.278;156.220;0.400;0.000;1.000;0.000;0.000;
12.04.2026 11:00:00;0.000;0.000;0.000;3010.391;2.191;2.808;15.632;160.126;0.400;0.000;1.000;0.000;0.000;
12.04.2026 11:15:00;0.000;0.000;0.000;3011.866;2.193;2.806;15.716;132.761;0.400;0.000;1.000;0.000;0.000;
12.04.2026 11:30:00;0.000;0.000;0.000;3010.539;2.195;2.799;15.647;160.215;0.400;0.000;1.000;0.000;0.000;
12.04.2026 11:45:00;0.000;0.000;0.000;3011.634;2.197;2.788;16.035;242.631;0.400;0.000;1.000;0.000;0.000;
12.04.2026 12:00:00;0.000;0.000;0.000;3010.539;2.198;2.777;16.809;271.717;0.400;0.000;1.000;0.000;0.000;
12.04.2026 12:15:00;0.000;0.000;0.000;3010.990;2.200;2.767;16.962;241.816;0.400;0.000;1.000;0.000;0.000;
12.04.2026 12:30:00;0.000;0.000;0.000;3011.279;2.199;2.757;17.099;299.916;0.400;0.000;1.000;0.000;0.000;
12.04.2026 12:45:00;0.000;0.000;0.000;2909.864;2.203;2.731;17.640;508.872;0.400;0.000;1.000;0.000;0.000;
12.04.2026 13:00:00;0.000;0.000;0.000;2950.720;2.204;2.722;18.880;545.969;0.400;0.000;1.000;0.000;0.000;
12.04.2026 13:15:00;0.000;0.000;0.000;3001.416;2.204;2.735;19.138;482.162;0.400;0.000;1.000;0.000;0.000;
12.04.2026 13:30:00;0.000;0.000;0.000;2977.398;2.197;2.782;18.784;391.053;0.400;0.000;1.000;0.000;0.000;
12.04.2026 13:45:00;0.000;0.000;0.000;2890.274;2.197;2.802;18.871;395.496;0.400;0.000;1.000;0.000;0.000;
12.04.2026 14:00:00;0.000;0.000;0.000;2680.597;2.205;2.793;19.194;537.407;0.400;0.000;1.000;0.000;0.000;
12.04.2026 14:15:00;0.000;0.000;0.000;2640.596;2.215;2.771;19.631;540.448;0.400;0.000;1.000;0.000;0.000;
12.04.2026 14:30:00;0.000;0.000;0.000;2706.505;2.220;2.762;20.029;471.406;0.400;0.000;1.000;0.000;0.000;
12.04.2026 14:45:00;0.000;0.000;0.000;2787.333;2.210;2.799;20.043;459.640;0.400;0.000;1.000;0.000;0.000;
12.04.2026 15:00:00;0.000;0.000;0.000;2731.133;2.205;2.813;20.118;546.843;0.400;0.000;1.000;0.000;0.000;
12.04.2026 15:15:00;0.000;0.000;0.000;2946.382;2.194;2.848;19.867;449.522;0.400;0.000;1.000;0.000;0.000;
12.04.2026 15:30:00;0.000;0.000;0.000;3004.088;2.181;2.890;19.700;387.891;0.400;0.000;1.000;0.000;0.000;
12.04.2026 15:45:00;0.000;0.000;0.000;3010.899;2.168;2.896;19.396;344.792;0.400;0.000;1.000;0.000;0.000;
12.04.2026 16:00:00;0.000;0.000;0.000;3011.675;2.160;2.898;18.704;312.703;0.400;0.000;1.000;0.000;0.000;
12.04.2026 16:15:00;0.000;0.000;0.000;3011.354;2.158;2.899;18.453;243.585;0.400;0.000;1.000;0.000;0.000;
12.04.2026 16:30:00;0.000;0.000;0.000;3011.171;2.163;2.897;17.907;141.587;0.400;0.000;1.000;0.000;0.000;
12.04.2026 16:45:00;0.000;0.000;0.000;3011.864;2.174;2.887;17.500;166.913;0.400;0.000;1.000;0.000;0.000;
12.04.2026 17:00:00;0.000;0.000;0.000;3011.206;2.189;2.877;17.019;135.275;0.400;0.000;1.000;0.000;0.000;
12.04.2026 17:15:00;0.000;0.000;0.000;3011.759;2.203;2.862;16.789;118.383;0.400;0.000;1.000;0.000;0.000;
12.04.2026 17:30:00;0.000;0.000;0.000;3012.113;2.211;2.847;16.784;100.338;0.400;0.000;1.000;0.000;0.000;
12.04.2026 17:45:00;0.000;0.000;0.000;3011.511;2.213;2.828;16.520;99.846;0.400;0.000;1.000;0.000;0.000;
12.04.2026 18:00:00;0.000;0.000;0.000;3011.997;2.211;2.808;16.393;102.328;0.400;0.000;1.000;0.000;0.000;
12.04.2026 18:15:00;0.000;0.000;0.000;3011.900;2.209;2.785;16.383;67.952;0.400;0.000;1.000;0.000;0.000;
12.04.2026 18:30:00;0.000;0.000;0.000;3011.074;2.204;2.766;16.373;57.904;0.400;0.000;1.000;0.000;0.000;
12.04.2026 18:45:00;0.000;0.000;0.000;3011.736;2.201;2.773;16.057;47.250;0.400;0.000;1.000;0.000;0.000;
12.04.2026 19:00:00;0.000;0.000;0.000;3010.406;2.198;2.797;15.612;49.896;0.400;0.000;1.000;0.000;0.000;
12.04.2026 19:15:00;0.000;0.000;0.000;3011.621;2.197;2.826;15.391;31.803;0.400;0.000;1.000;0.000;0.000;
12.04.2026 19:30:00;0.000;0.000;0.000;3011.735;2.194;2.851;15.327;12.497;0.400;0.000;1.000;0.000;0.000;
12.04.2026 19:45:00;0.000;0.000;0.000;3012.305;2.194;2.863;15.059;6.626;0.400;0.000;1.000;0.000;0.000;
12.04.2026 20:00:00;0.000;0.000;0.000;3011.998;2.193;2.871;14.682;3.168;0.400;0.000;1.000;0.000;0.000;
12.04.2026 20:15:00;0.000;0.000;0.000;3013.078;2.193;2.873;14.200;1.248;0.400;0.000;1.000;0.000;0.000;
12.04.2026 20:30:00;0.000;0.000;0.000;3011.602;2.193;2.875;14.114;0.512;0.400;0.000;1.000;0.000;0.000;
12.04.2026 20:45:00;0.000;0.000;0.000;3012.117;2.192;2.883;14.078;0.450;0.600;0.000;1.000;0.000;0.000;
12.04.2026 21:00:00;0.000;0.000;0.000;3011.453;2.193;2.884;14.069;0.450;0.600;0.000;1.000;0.000;0.000;
12.04.2026 21:15:00;0.000;0.000;0.000;3012.566;2.193;2.879;13.773;0.450;0.600;0.000;1.000;0.000;0.000;
12.04.2026 21:30:00;0.000;0.000;0.000;3012.667;2.193;2.877;13.289;0.452;0.600;0.000;1.000;0.000;0.000;
12.04.2026 21:45:00;0.000;0.000;0.000;3011.743;2.192;2.877;13.298;0.450;0.600;0.000;1.000;0.000;0.000;
12.04.2026 22:00:00;0.000;0.000;0.000;3012.350;2.193;2.878;13.318;0.472;0.600;0.000;1.000;0.000;0.000;
12.04.2026 22:15:00;0.000;0.000;0.000;3011.534;2.193;2.877;13.320;0.463;0.600;0.000;1.000;0.000;0.000;
12.04.2026 22:30:00;0.000;0.000;0.000;3012.904;2.192;2.878;13.153;0.459;0.600;0.000;1.000;0.000;0.000;
12.04.2026 22:45:00;0.000;0.000;0.000;3012.099;2.193;2.878;13.024;0.452;0.600;0.000;1.000;0.000;0.000;
12.04.2026 23:00:00;0.000;0.000;0.000;3011.422;2.193;2.878;13.088;0.437;0.600;0.000;1.000;0.000;0.000;
12.04.2026 23:15:00;0.000;0.000;0.000;3012.646;2.194;2.878;13.068;0.533;0.600;0.000;1.000;0.000;0.000;
12.04.2026 23:30:00;0.000;0.000;0.000;3011.806;2.193;2.878;12.977;0.560;0.600;0.000;1.000;0.000;0.000;
12.04.2026 23:45:00;0.000;0.000;0.000;3012.788;2.195;2.877;12.993;0.493;0.600;0.000;1.000;0.000;0.000;
13.04.2026 00:00:00;0.000;0.000;0.000;3012.201;2.195;2.877;12.716;0.456;0.600;0.000;1.000;0.000;0.000;
13.04.2026 00:15:00;0.000;0.000;0.000;2688.490;2.209;2.842;12.484;0.458;0.000;0.000;1.000;0.000;0.000;
13.04.2026 00:30:00;0.000;0.000;0.000;2907.038;2.216;2.823;12.290;0.461;0.000;0.000;1.000;0.000;0.000;
13.04.2026 00:45:00;0.000;0.000;0.000;2776.905;2.217;2.818;12.226;0.494;0.000;0.000;1.000;0.000;0.000;
13.04.2026 01:00:00;0.000;0.000;0.000;2690.781;2.220;2.792;12.377;0.490;0.000;0.000;1.000;0.000;0.000;
13.04.2026 01:15:00;0.000;0.000;0.000;2661.673;2.222;2.758;12.365;0.451;0.000;0.000;1.000;0.000;0.000;
13.04.2026 01:30:00;0.000;0.000;0.000;2648.450;2.221;2.748;12.277;0.452;0.000;0.000;1.000;0.000;0.000;
13.04.2026 01:45:00;0.000;0.000;0.000;2934.732;2.215;2.769;12.400;0.458;0.000;0.000;1.000;0.000;0.000;
13.04.2026 02:00:00;0.000;0.000;0.000;2788.684;2.202;2.845;12.489;0.417;0.000;0.000;1.000;0.000;0.000;
13.04.2026 02:15:00;0.000;0.000;0.000;2755.766;2.198;2.874;12.482;0.468;0.000;0.000;1.000;0.000;0.000;
13.04.2026 02:30:00;0.000;0.000;0.000;2638.268;2.196;2.886;12.474;0.461;0.000;0.000;1.000;0.000;0.000;
13.04.2026 02:45:00;0.000;0.000;0.000;2662.452;2.200;2.882;12.379;0.488;0.000;0.000;1.000;0.000;0.000;
13.04.2026 03:00:00;0.000;0.000;0.000;2810.218;2.195;2.894;12.112;0.500;0.000;0.000;1.000;0.000;0.000;
13.04.2026 03:15:00;0.000;0.000;0.000;2822.491;2.193;2.890;11.925;0.504;0.000;0.000;1.000;0.000;0.000;
13.04.2026 03:30:00;0.000;0.000;0.000;2805.390;2.190;2.887;11.767;0.463;0.000;0.000;1.000;0.000;0.000;
13.04.2026 03:45:00;0.000;0.000;0.000;3015.336;2.189;2.890;11.670;0.454;0.000;0.000;1.000;0.000;0.000;
13.04.2026 04:00:00;0.000;0.000;0.000;2729.240;2.180;2.896;11.807;0.557;0.000;0.000;1.000;0.000;0.000;
13.04.2026 04:15:00;0.000;0.000;0.000;2761.253;2.178;2.886;11.810;0.453;0.000;0.000;1.000;0.000;0.000;
13.04.2026 04:30:00;0.000;0.000;0.000;2675.380;2.181;2.879;11.800;0.540;0.000;0.000;1.000;0.000;0.000;
13.04.2026 04:45:00;0.000;0.000;0.000;2656.362;2.187;2.868;11.892;0.484;0.000;0.000;1.000;0.000;0.000;
13.04.2026 05:00:00;0.000;0.000;0.000;2651.014;2.193;2.863;11.879;0.560;0.000;0.000;1.000;0.000;0.000;
13.04.2026 05:15:00;0.000;0.000;0.000;2742.080;2.196;2.869;11.785;0.487;0.000;0.000;1.000;0.000;0.000;
13.04.2026 05:30:00;0.000;0.000;0.000;2774.849;2.197;2.874;11.752;0.458;0.200;0.000;1.000;0.000;0.000;
13.04.2026 05:45:00;0.000;0.000;0.000;2680.278;2.204;2.859;11.723;0.455;0.200;0.000;1.000;0.000;0.000;
13.04.2026 06:00:00;0.000;0.000;0.000;2775.840;2.206;2.860;11.711;0.540;0.200;0.000;1.000;0.000;0.000;
13.04.2026 06:15:00;0.000;0.000;0.000;2637.445;2.206;2.862;11.556;0.450;0.200;0.000;1.000;0.000;0.000;
13.04.2026 06:30:00;0.000;0.000;0.000;2713.002;2.207;2.859;11.794;0.518;0.200;0.000;1.000;0.000;0.000;
13.04.2026 06:45:00;0.000;0.000;0.000;2950.486;2.202;2.875;11.777;1.073;0.200;0.000;1.000;0.000;0.000;
13.04.2026 07:00:00;0.000;0.000;0.000;2934.427;2.191;2.907;11.736;2.559;0.200;0.000;1.000;0.000;0.000;
13.04.2026 07:15:00;0.000;0.000;0.000;2832.374;2.181;2.907;11.600;4.426;0.200;0.000;1.000;0.000;0.000;
13.04.2026 07:30:00;0.000;0.000;0.000;2906.409;2.177;2.898;11.550;10.385;0.200;0.000;1.000;0.000;0.000;
13.04.2026 07:45:00;0.000;0.000;0.000;2863.101;2.169;2.906;11.782;18.675;0.200;0.000;1.000;0.000;0.000;
13.04.2026 08:00:00;0.000;0.000;0.000;2789.856;2.174;2.884;11.836;32.400;0.200;0.000;1.000;0.000;0.000;
13.04.2026 08:15:00;0.000;0.000;0.000;2700.281;2.179;2.875;11.896;46.129;0.200;0.000;1.000;0.000;0.000;
13.04.2026 08:30:00;0.000;0.000;0.000;2766.061;2.183;2.878;11.968;60.505;0.200;0.000;1.000;0.000;0.000;
13.04.2026 08:45:00;0.000;0.000;0.000;2761.747;2.189;2.872;12.065;77.002;0.200;0.000;1.000;0.000;0.000;
13.04.2026 09:00:00;0.000;0.000;0.000;2869.403;2.188;2.883;12.159;76.735;0.200;0.000;1.000;0.000;0.000;
13.04.2026 09:15:00;0.000;0.000;0.000;2688.554;2.192;2.872;12.297;85.781;0.200;0.000;1.000;0.000;0.000;
13.04.2026 09:30:00;0.000;0.000;0.000;2717.070;2.198;2.860;12.432;110.039;0.200;0.000;1.000;0.000;0.000;
13.04.2026 09:45:00;0.000;0.000;0.000;2970.336;2.198;2.869;12.643;115.556;0.200;0.000;1.000;0.000;0.000;
13.04.2026 10:00:00;0.000;0.000;0.000;3013.274;2.186;2.893;12.995;126.523;0.200;0.000;1.000;0.000;0.000;
13.04.2026 10:15:00;0.000;0.000;0.000;3012.888;2.175;2.901;13.292;146.099;0.200;0.000;1.000;0.000;0.000;
13.04.2026 10:30:00;0.000;0.000;0.000;2992.293;2.174;2.901;13.535;177.814;0.200;0.000;1.000;0.000;0.000;
13.04.2026 10:45:00;0.000;0.000;0.000;3012.527;2.179;2.905;13.793;136.679;0.200;0.000;1.000;0.000;0.000;
13.04.2026 11:00:00;0.000;0.000;0.000;3013.181;2.186;2.905;13.818;190.310;0.200;0.000;1.000;0.000;0.000;
13.04.2026 11:15:00;0.000;0.000;0.000;3013.231;2.193;2.897;14.205;205.013;0.200;0.000;1.000;0.000;0.000;
13.04.2026 11:30:00;0.000;0.000;0.000;3012.645;2.200;2.879;14.350;200.903;0.200;0.000;1.000;0.000;0.000;
13.04.2026 11:45:00;0.000;0.000;0.000;3012.381;2.203;2.863;14.465;232.132;0.200;0.000;1.000;0.000;0.000;
13.04.2026 12:00:00;0.000;0.000;0.000;3012.695;2.204;2.852;14.817;234.975;0.200;0.000;1.000;0.000;0.000;
13.04.2026 12:15:00;0.000;0.000;0.000;3012.649;2.204;2.844;15.039;252.590;0.200;0.000;1.000;0.000;0.000;
13.04.2026 12:30:00;0.000;0.000;0.000;3013.102;2.202;2.838;15.309;255.506;0.200;0.000;1.000;0.000;0.000;
13.04.2026 12:45:00;0.000;0.000;0.000;3012.482;2.200;2.836;15.271;265.520;0.200;0.000;1.000;0.000;0.000;
13.04.2026 13:00:00;0.000;0.000;0.000;3012.902;2.198;2.844;15.067;248.724;0.200;0.000;1.000;0.000;0.000;
13.04.2026 13:15:00;0.000;0.000;0.000;3012.610;2.195;2.852;14.819;247.948;0.200;0.000;1.000;0.000;0.000;
13.04.2026 13:30:00;0.000;0.000;0.000;3012.497;2.194;2.857;14.833;246.921;0.200;0.000;1.000;0.000;0.000;
13.04.2026 13:45:00;0.000;0.000;0.000;3012.040;2.192;2.868;15.358;337.418;0.200;0.000;1.000;0.000;0.000;
13.04.2026 14:00:00;0.000;0.000;0.000;3012.140;2.190;2.870;15.866;394.977;0.200;0.000;1.000;0.000;0.000;
13.04.2026 14:15:00;0.000;0.000;0.000;3012.725;2.189;2.866;16.199;389.604;0.200;0.000;1.000;0.000;0.000;
13.04.2026 14:30:00;0.000;0.000;0.000;3011.563;2.190;2.864;16.448;297.904;0.200;0.000;1.000;0.000;0.000;
13.04.2026 14:45:00;0.000;0.000;0.000;3011.826;2.191;2.863;16.169;319.337;0.200;0.000;1.000;0.000;0.000;
13.04.2026 15:00:00;0.000;0.000;0.000;3011.548;2.193;2.862;16.056;195.670;0.200;0.000;1.000;0.000;0.000;
13.04.2026 15:15:00;0.000;0.000;0.000;3012.483;2.194;2.861;15.515;156.417;0.200;0.000;1.000;0.000;0.000;
13.04.2026 15:30:00;0.000;0.000;0.000;3011.649;2.198;2.859;14.914;122.250;0.200;0.000;1.000;0.000;0.000;
13.04.2026 15:45:00;0.000;0.000;0.000;3011.384;2.201;2.857;14.599;173.612;0.200;0.000;1.000;0.000;0.000;
13.04.2026 16:00:00;0.000;0.000;0.000;3012.175;2.203;2.854;14.588;121.285;0.200;0.000;1.000;0.000;0.000;
13.04.2026 16:15:00;0.000;0.000;0.000;3011.596;2.203;2.854;14.478;129.740;0.200;0.000;1.000;0.000;0.000;
13.04.2026 16:30:00;0.000;0.000;0.000;3012.536;2.203;2.854;14.185;86.699;0.200;0.000;1.000;0.000;0.000;
13.04.2026 16:45:00;0.000;0.000;0.000;3011.439;2.204;2.857;14.007;71.234;0.200;0.000;1.000;0.000;0.000;
13.04.2026 17:00:00;0.000;0.000;0.000;3011.760;2.203;2.861;13.793;73.337;0.200;0.000;1.000;0.000;0.000;
13.04.2026 17:15:00;0.000;0.000;0.000;3012.208;2.202;2.869;13.626;61.981;0.200;0.000;1.000;0.000;0.000;
13.04.2026 17:30:00;0.000;0.000;0.000;3012.101;2.200;2.877;13.489;50.519;0.200;0.000;1.000;0.000;0.000;
13.04.2026 17:45:00;0.000;0.000;0.000;3012.413;2.198;2.884;13.336;46.121;0.200;0.000;1.000;0.000;0.000;
13.04.2026 18:00:00;0.000;0.000;0.000;3012.190;2.197;2.890;13.258;59.970;0.400;0.000;1.000;0.000;0.000;
13.04.2026 18:15:00;0.000;0.000;0.000;3012.118;2.195;2.897;13.262;48.132;0.400;0.000;1.000;0.000;0.000;
13.04.2026 18:30:00;0.000;0.000;0.000;3011.721;2.195;2.902;13.042;42.397;0.600;0.000;1.000;0.000;0.000;
13.04.2026 18:45:00;0.000;0.000;0.000;3012.151;2.196;2.907;13.022;35.039;0.600;0.000;1.000;0.000;0.000;
13.04.2026 19:00:00;0.000;0.000;0.000;3011.823;2.196;2.907;12.974;26.881;0.600;0.000;1.000;0.000;0.000;
13.04.2026 19:15:00;0.000;0.000;0.000;3012.387;2.196;2.908;12.972;20.349;0.800;0.000;1.000;0.000;0.000;
13.04.2026 19:30:00;0.000;0.000;0.000;2974.403;2.198;2.905;12.707;11.507;0.800;0.000;1.000;0.000;0.000;
13.04.2026 19:45:00;0.000;0.000;0.000;2984.177;2.200;2.907;12.641;6.174;1.000;0.000;1.000;0.000;0.000;
13.04.2026 20:00:00;0.000;0.000;0.000;2986.646;2.201;2.907;12.436;1.725;1.200;0.000;1.000;0.000;0.000;
13.04.2026 20:15:00;0.000;0.000;0.000;2940.319;2.202;2.910;12.397;1.043;1.400;0.000;1.000;0.000;0.000;
13.04.2026 20:30:00;0.000;0.000;0.000;2911.516;2.207;2.899;12.330;0.450;1.400;0.000;1.000;0.000;0.000;
13.04.2026 20:45:00;0.000;0.000;0.000;2979.150;2.207;2.904;12.136;0.450;1.600;0.000;1.000;0.000;0.000;
13.04.2026 21:00:00;0.000;0.000;0.000;3010.079;2.200;2.918;12.103;0.451;1.800;0.000;1.000;0.000;0.000;
13.04.2026 21:15:00;0.000;0.000;0.000;2950.498;2.202;2.920;11.961;0.475;1.800;0.000;1.000;0.000;0.000;
13.04.2026 21:30:00;0.000;0.000;0.000;2946.823;2.196;2.924;11.789;0.450;2.000;0.000;1.000;0.000;0.000;
13.04.2026 21:45:00;0.000;0.000;0.000;2850.706;2.193;2.923;11.514;0.455;2.000;0.000;1.000;0.000;0.000;
13.04.2026 22:00:00;0.000;0.000;0.000;2830.212;2.193;2.919;11.474;0.476;2.000;0.000;1.000;0.000;0.000;
13.04.2026 22:15:00;0.000;0.000;0.000;2820.489;2.194;2.919;11.284;0.450;2.200;0.000;1.000;0.000;0.000;
13.04.2026 22:30:00;0.000;0.000;0.000;2968.186;2.190;2.937;10.920;0.454;2.200;0.000;1.000;0.000;0.000;
13.04.2026 22:45:00;0.000;0.000;0.000;3011.058;2.182;2.951;11.049;0.450;2.400;0.000;1.000;0.000;0.000;
13.04.2026 23:00:00;0.000;0.000;0.000;2966.769;2.176;2.954;11.047;0.450;2.400;0.000;1.000;0.000;0.000;
13.04.2026 23:15:00;0.000;0.000;0.000;2955.923;2.172;2.952;11.003;0.450;2.400;0.000;1.000;0.000;0.000;
13.04.2026 23:30:00;0.000;0.000;0.000;2887.595;2.172;2.955;10.837;0.456;2.600;0.000;1.000;0.000;0.000;
13.04.2026 23:45:00;0.000;0.000;0.000;2884.235;2.175;2.943;10.936;0.449;2.600;0.000;1.000;0.000;0.000;
14.04.2026 00:00:00;0.000;0.000;0.000;3002.468;2.180;2.938;11.071;0.462;2.600;0.000;1.000;0.000;0.000;
14.04.2026 00:15:00;0.000;0.000;0.000;2899.188;2.184;2.933;11.153;0.492;0.000;0.000;1.000;0.000;0.000;
14.04.2026 00:30:00;0.000;0.000;0.000;3011.332;2.192;2.928;10.805;0.450;0.200;0.000;1.000;0.000;0.000;
14.04.2026 00:45:00;0.000;0.000;0.000;3012.169;2.191;2.933;10.776;0.450;0.200;0.000;1.000;0.000;0.000;
14.04.2026 01:00:00;0.000;0.000;0.000;2877.285;2.192;2.927;10.709;0.452;0.400;0.000;1.000;0.000;0.000;
14.04.2026 01:15:00;0.000;0.000;0.000;2800.527;2.202;2.907;10.658;0.450;0.600;0.000;1.000;0.000;0.000;
14.04.2026 01:30:00;0.000;0.000;0.000;2822.486;2.209;2.899;10.460;0.484;0.600;0.000;1.000;0.000;0.000;
14.04.2026 01:45:00;0.000;0.000;0.000;3011.648;2.212;2.897;10.407;0.450;0.800;0.000;1.000;0.000;0.000;
14.04.2026 02:00:00;0.000;0.000;0.000;3012.551;2.202;2.919;10.370;0.477;0.800;0.000;1.000;0.000;0.000;
14.04.2026 02:15:00;0.000;0.000;0.000;2921.556;2.194;2.931;10.179;0.581;0.800;0.000;1.000;0.000;0.000;
14.04.2026 02:30:00;0.000;0.000;0.000;2857.511;2.193;2.924;10.115;0.488;0.800;0.000;1.000;0.000;0.000;
14.04.2026 02:45:00;0.000;0.000;0.000;2815.386;2.195;2.922;9.935;0.450;0.800;0.000;1.000;0.000;0.000;
14.04.2026 03:00:00;0.000;0.000;0.000;2910.579;2.193;2.928;9.937;0.458;1.000;0.000;1.000;0.000;0.000;
14.04.2026 03:15:00;0.000;0.000;0.000;3010.996;2.188;2.931;10.075;0.542;1.000;0.000;1.000;0.000;0.000;
14.04.2026 03:30:00;0.000;0.000;0.000;2930.206;2.184;2.926;9.954;0.450;1.000;0.000;1.000;0.000;0.000;
14.04.2026 03:45:00;0.000;0.000;0.000;3011.281;2.189;2.916;10.135;0.451;1.000;0.000;1.000;0.000;0.000;
14.04.2026 04:00:00;0.000;0.000;0.000;2948.357;2.186;2.919;10.178;0.471;1.000;0.000;1.000;0.000;0.000;
14.04.2026 04:15:00;0.000;0.000;0.000;2852.496;2.185;2.919;10.129;0.539;1.000;0.000;1.000;0.000;0.000;
14.04.2026 04:30:00;0.000;0.000;0.000;2783.941;2.191;2.907;10.107;0.451;1.000;0.000;1.000;0.000;0.000;
14.04.2026 04:45:00;0.000;0.000;0.000;2842.073;2.200;2.892;10.156;0.463;1.200;0.000;1.000;0.000;0.000;
14.04.2026 05:00:00;0.000;0.000;0.000;2835.496;2.205;2.884;10.179;0.455;1.200;0.000;1.000;0.000;0.000;
14.04.2026 05:15:00;0.000;0.000;0.000;2825.729;2.207;2.880;10.119;0.450;1.200;0.000;1.000;0.000;0.000;
14.04.2026 05:30:00;0.000;0.000;0.000;2971.502;2.203;2.885;10.359;0.451;1.200;0.000;1.000;0.000;0.000;
14.04.2026 05:45:00;0.000;0.000;0.000;2870.153;2.200;2.890;10.221;0.473;1.200;0.000;1.000;0.000;0.000;
14.04.2026 06:00:00;0.000;0.000;0.000;2944.339;2.192;2.897;10.221;0.459;1.200;0.000;1.000;0.000;0.000;
14.04.2026 06:15:00;0.000;0.000;0.000;2833.326;2.185;2.902;10.230;0.451;1.200;0.000;1.000;0.000;0.000;
14.04.2026 06:30:00;0.000;0.000;0.000;2804.177;2.191;2.881;10.199;0.461;1.200;0.000;1.000;0.000;0.000;
14.04.2026 06:45:00;0.000;0.000;0.000;3012.351;2.186;2.898;10.122;1.267;1.200;0.000;1.000;0.000;0.000;
14.04.2026 07:00:00;0.000;0.000;0.000;2981.228;2.179;2.908;10.151;4.362;1.200;0.000;1.000;0.000;0.000;
14.04.2026 07:15:00;0.000;0.000;0.000;2955.682;2.175;2.907;10.202;9.337;1.200;0.000;1.000;0.000;0.000;
14.04.2026 07:30:00;0.000;0.000;0.000;2974.811;2.181;2.905;10.254;14.175;1.200;0.000;1.000;0.000;0.000;
14.04.2026 07:45:00;0.000;0.000;0.000;3003.403;2.188;2.900;10.290;22.453;1.200;0.000;1.000;0.000;0.000;
14.04.2026 08:00:00;0.000;0.000;0.000;2913.480;2.200;2.885;10.375;28.539;1.200;0.000;1.000;0.000;0.000;
14.04.2026 08:15:00;0.000;0.000;0.000;2909.947;2.209;2.873;10.474;41.794;1.200;0.000;1.000;0.000;0.000;
14.04.2026 08:30:00;0.000;0.000;0.000;3011.079;2.206;2.865;10.500;71.272;1.200;0.000;1.000;0.000;0.000;
14.04.2026 08:45:00;0.000;0.000;0.000;2818.397;2.209;2.839;10.703;97.661;1.200;0.000;1.000;0.000;0.000;
14.04.2026 09:00:00;0.000;0.000;0.000;2946.973;2.207;2.831;11.277;127.746;1.200;0.000;1.000;0.000;0.000;
14.04.2026 09:15:00;0.000;0.000;0.000;2935.227;2.205;2.823;11.644;174.901;1.200;0.000;1.000;0.000;0.000;
14.04.2026 09:30:00;0.000;0.000;0.000;2878.133;2.205;2.821;12.230;242.621;1.200;0.000;1.000;0.000;0.000;
14.04.2026 09:45:00;0.000;0.000;0.000;2889.742;2.208;2.811;12.820;269.945;1.200;0.000;1.000;0.000;0.000;
14.04.2026 10:00:00;0.000;0.000;0.000;2894.879;2.206;2.817;13.433;326.974;1.200;0.000;1.000;0.000;0.000;
14.04.2026 10:15:00;0.000;0.000;0.000;2781.256;2.207;2.811;14.394;371.239;1.200;0.000;1.000;0.000;0.000;
14.04.2026 10:30:00;0.000;0.000;0.000;2802.497;2.206;2.807;14.716;383.198;1.200;0.000;1.000;0.000;0.000;
14.04.2026 10:45:00;0.000;0.000;0.000;2759.771;2.207;2.804;15.345;512.964;1.200;0.000;1.000;0.000;0.000;
14.04.2026 11:00:00;0.000;0.000;0.000;2911.994;2.200;2.825;15.719;436.718;1.200;0.000;1.000;0.000;0.000;
14.04.2026 11:15:00;0.000;0.000;0.000;2928.398;2.189;2.858;15.662;413.627;1.200;0.000;1.000;0.000;0.000;
14.04.2026 11:30:00;0.000;0.000;0.000;2900.507;2.178;2.874;15.571;439.235;1.200;0.000;1.000;0.000;0.000;
14.04.2026 11:45:00;0.000;0.000;0.000;3014.837;2.168;2.901;15.937;470.363;1.200;0.000;1.000;0.000;0.000;
14.04.2026 12:00:00;0.000;0.000;0.000;3015.376;2.158;2.905;16.182;508.221;1.200;0.000;1.000;0.000;0.000;
14.04.2026 12:15:00;0.000;0.000;0.000;3015.136;2.155;2.902;16.559;591.172;1.200;0.000;1.000;0.000;0.000;
14.04.2026 12:30:00;0.000;0.000;0.000;3013.079;2.158;2.895;17.520;606.413;1.200;0.000;1.000;0.000;0.000;
14.04.2026 12:45:00;0.000;0.000;0.000;3007.832;2.171;2.879;17.666;655.424;1.200;0.000;1.000;0.000;0.000;
14.04.2026 13:00:00;0.000;0.000;0.000;2891.695;2.190;2.855;18.815;726.551;1.200;0.000;1.000;0.000;0.000;
14.04.2026 13:15:00;0.000;0.000;0.000;2922.062;2.211;2.824;19.430;703.305;1.200;0.000;1.000;0.000;0.000;
14.04.2026 13:30:00;0.000;0.000;0.000;2616.537;2.226;2.766;19.815;716.399;1.200;0.000;1.000;0.000;0.000;
14.04.2026 13:45:00;0.000;0.000;0.000;2588.752;2.241;2.661;19.617;553.880;1.200;0.000;1.000;0.000;0.000;
14.04.2026 14:00:00;0.000;0.000;0.000;2956.940;2.229;2.654;18.582;466.667;1.200;0.000;1.000;0.000;0.000;
14.04.2026 14:15:00;0.000;0.000;0.000;3015.205;2.208;2.738;17.612;375.605;1.200;0.000;1.000;0.000;0.000;
14.04.2026 14:30:00;0.000;0.000;0.000;3015.209;2.190;2.827;17.293;365.421;1.200;0.000;1.000;0.000;0.000;
14.04.2026 14:45:00;0.000;0.000;0.000;3015.194;2.179;2.898;16.519;317.757;1.200;0.000;1.000;0.000;0.000;
14.04.2026 15:00:00;0.000;0.000;0.000;3015.396;2.170;2.909;15.903;273.987;1.200;0.000;1.000;0.000;0.000;
14.04.2026 15:15:00;0.000;0.000;0.000;3016.160;2.164;2.900;15.472;243.238;1.200;0.000;1.000;0.000;0.000;
14.04.2026 15:30:00;0.000;0.000;0.000;3015.713;2.164;2.891;15.167;242.424;1.200;0.000;1.000;0.000;0.000;
14.04.2026 15:45:00;0.000;0.000;0.000;3013.918;2.170;2.877;15.145;213.494;1.200;0.000;1.000;0.000;0.000;
14.04.2026 16:00:00;0.000;0.000;0.000;3013.390;2.180;2.863;15.258;223.078;1.200;0.000;1.000;0.000;0.000;
14.04.2026 16:15:00;0.000;0.000;0.000;3014.610;2.190;2.853;15.089;191.917;1.200;0.000;1.000;0.000;0.000;
14.04.2026 16:30:00;0.000;0.000;0.000;3014.443;2.199;2.837;15.129;170.869;1.200;0.000;1.000;0.000;0.000;
14.04.2026 16:45:00;0.000;0.000;0.000;3014.336;2.205;2.820;14.776;143.580;1.200;0.000;1.000;0.000;0.000;
14.04.2026 17:00:00;0.000;0.000;0.000;3013.966;2.207;2.797;14.546;128.901;1.200;0.000;1.000;0.000;0.000;
14.04.2026 17:15:00;0.000;0.000;0.000;3013.874;2.206;2.766;14.519;107.173;1.200;0.000;1.000;0.000;0.000;
14.04.2026 17:30:00;0.000;0.000;0.000;3014.405;2.204;2.737;14.483;105.440;1.200;0.000;1.000;0.000;0.000;
14.04.2026 17:45:00;0.000;0.000;0.000;3014.045;2.201;2.720;14.348;90.134;1.200;0.000;1.000;0.000;0.000;
14.04.2026 18:00:00;0.000;0.000;0.000;2978.598;2.200;2.728;14.179;82.759;1.200;0.000;1.000;0.000;0.000;
14.04.2026 18:15:00;0.000;0.000;0.000;3014.634;2.197;2.763;14.098;59.287;1.200;0.000;1.000;0.000;0.000;
14.04.2026 18:30:00;0.000;0.000;0.000;3015.022;2.193;2.802;13.621;52.230;1.200;0.000;1.000;0.000;0.000;
14.04.2026 18:45:00;0.000;0.000;0.000;3015.311;2.190;2.829;13.482;37.800;1.200;0.000;1.000;0.000;0.000;
14.04.2026 19:00:00;0.000;0.000;0.000;3015.385;2.187;2.836;13.329;29.588;1.200;0.000;1.000;0.000;0.000;
14.04.2026 19:15:00;0.000;0.000;0.000;3014.496;2.185;2.834;13.253;20.977;1.200;0.000;1.000;0.000;0.000;
14.04.2026 19:30:00;0.000;0.000;0.000;3014.860;2.185;2.829;12.914;14.742;1.200;0.000;1.000;0.000;0.000;
14.04.2026 19:45:00;0.000;0.000;0.000;3005.261;2.189;2.813;12.713;9.787;1.200;0.000;1.000;0.000;0.000;
14.04.2026 20:00:00;0.000;0.000;0.000;3012.178;2.191;2.802;12.486;6.242;1.200;0.000;1.000;0.000;0.000;
14.04.2026 20:15:00;0.000;0.000;0.000;3014.363;2.193;2.790;12.385;2.023;1.200;0.000;1.000;0.000;0.000;
14.04.2026 20:30:00;0.000;0.000;0.000;3013.214;2.196;2.771;12.088;0.463;1.200;0.000;1.000;0.000;0.000;
14.04.2026 20:45:00;0.000;0.000;0.000;3013.026;2.200;2.750;11.810;0.459;1.200;0.000;1.000;0.000;0.000;
14.04.2026 21:00:00;0.000;0.000;0.000;3014.451;2.200;2.745;11.839;0.553;1.200;0.000;1.000;0.000;0.000;
14.04.2026 21:15:00;0.000;0.000;0.000;3003.171;2.200;2.742;11.871;0.521;1.200;0.000;1.000;0.000;0.000;
14.04.2026 21:30:00;0.000;0.000;0.000;3000.830;2.197;2.758;11.801;0.491;1.200;0.000;1.000;0.000;0.000;
14.04.2026 21:45:00;0.000;0.000;0.000;2800.260;2.203;2.755;11.646;0.508;1.200;0.000;1.000;0.000;0.000;
14.04.2026 22:00:00;0.000;0.000;0.000;2942.854;2.202;2.776;11.766;0.452;1.200;0.000;1.000;0.000;0.000;
14.04.2026 22:15:00;0.000;0.000;0.000;2976.051;2.199;2.798;11.823;0.450;1.200;0.000;1.000;0.000;0.000;
14.04.2026 22:30:00;0.000;0.000;0.000;2897.484;2.195;2.817;11.875;0.502;1.200;0.000;1.000;0.000;0.000;
14.04.2026 22:45:00;0.000;0.000;0.000;3014.159;2.192;2.826;11.851;0.476;1.200;0.000;1.000;0.000;0.000;
14.04.2026 23:00:00;0.000;0.000;0.000;3014.681;2.185;2.832;11.809;0.450;1.200;0.000;1.000;0.000;0.000;
14.04.2026 23:15:00;0.000;0.000;0.000;3014.131;2.181;2.844;11.786;0.555;1.200;0.000;1.000;0.000;0.000;
14.04.2026 23:30:00;0.000;0.000;0.000;2986.580;2.179;2.831;11.677;0.457;1.200;0.000;1.000;0.000;0.000;
14.04.2026 23:45:00;0.000;0.000;0.000;2979.296;2.178;2.816;11.630;0.502;1.200;0.000;1.000;0.000;0.000;
15.04.2026 00:00:00;0.000;0.000;0.000;3013.323;2.184;2.799;11.711;0.471;1.200;0.000;1.000;0.000;0.000;
15.04.2026 00:15:00;0.000;0.000;0.000;2850.250;2.196;2.758;11.628;0.478;0.000;0.000;1.000;0.000;0.000;
15.04.2026 00:30:00;0.000;0.000;0.000;3009.909;2.207;2.721;11.508;0.465;0.000;0.000;1.000;0.000;0.000;
15.04.2026 00:45:00;0.000;0.000;0.000;2948.157;2.206;2.728;11.588;0.477;0.000;0.000;1.000;0.000;0.000;
15.04.2026 01:00:00;0.000;0.000;0.000;2883.740;2.205;2.736;11.455;0.450;0.000;0.000;1.000;0.000;0.000;
15.04.2026 01:15:00;0.000;0.000;0.000;2801.618;2.207;2.742;11.462;0.451;0.000;0.000;1.000;0.000;0.000;
15.04.2026 01:30:00;0.000;0.000;0.000;2828.817;2.206;2.760;11.439;0.568;0.000;0.000;1.000;0.000;0.000;
15.04.2026 01:45:00;0.000;0.000;0.000;3014.173;2.205;2.790;11.260;0.450;0.000;0.000;1.000;0.000;0.000;
15.04.2026 02:00:00;0.000;0.000;0.000;2953.954;2.193;2.841;11.279;0.486;0.000;0.000;1.000;0.000;0.000;
15.04.2026 02:15:00;0.000;0.000;0.000;2812.865;2.189;2.835;11.240;0.580;0.000;0.000;1.000;0.000;0.000;
15.04.2026 02:30:00;0.000;0.000;0.000;2780.834;2.190;2.823;11.037;0.480;0.000;0.000;1.000;0.000;0.000;
15.04.2026 02:45:00;0.000;0.000;0.000;2781.711;2.195;2.803;11.065;0.467;0.000;0.000;1.000;0.000;0.000;
15.04.2026 03:00:00;0.000;0.000;0.000;2786.357;2.195;2.804;11.191;0.472;0.000;0.000;1.000;0.000;0.000;
15.04.2026 03:15:00;0.000;0.000;0.000;2885.000;2.199;2.785;11.185;0.455;0.000;0.000;1.000;0.000;0.000;
15.04.2026 03:30:00;0.000;0.000;0.000;2828.651;2.200;2.775;11.182;0.466;0.000;0.000;1.000;0.000;0.000;
15.04.2026 03:45:00;0.000;0.000;0.000;3015.166;2.199;2.775;11.068;0.459;0.000;0.000;1.000;0.000;0.000;
15.04.2026 04:00:00;0.000;0.000;0.000;3015.647;2.184;2.814;10.779;0.464;0.000;0.000;1.000;0.000;0.000;
15.04.2026 04:15:00;0.000;0.000;0.000;2897.276;2.176;2.823;10.417;0.466;0.000;0.000;1.000;0.000;0.000;
15.04.2026 04:30:00;0.000;0.000;0.000;2818.356;2.176;2.808;10.522;0.456;0.000;0.000;1.000;0.000;0.000;
15.04.2026 04:45:00;0.000;0.000;0.000;2812.630;2.185;2.786;10.793;0.457;0.000;0.000;1.000;0.000;0.000;
15.04.2026 05:00:00;0.000;0.000;0.000;2827.896;2.192;2.775;10.725;0.453;0.000;0.000;1.000;0.000;0.000;
15.04.2026 05:15:00;0.000;0.000;0.000;2925.489;2.197;2.770;10.805;0.460;0.000;0.000;1.000;0.000;0.000;
15.04.2026 05:30:00;0.000;0.000;0.000;2938.931;2.201;2.766;10.996;0.458;0.000;0.000;1.000;0.000;0.000;
15.04.2026 05:45:00;0.000;0.000;0.000;2816.480;2.207;2.750;10.772;0.465;0.000;0.000;1.000;0.000;0.000;
15.04.2026 06:00:00;0.000;0.000;0.000;2996.961;2.206;2.763;10.797;0.450;0.000;0.000;1.000;0.000;0.000;
15.04.2026 06:15:00;0.000;0.000;0.000;2940.283;2.195;2.805;10.894;0.554;0.000;0.000;1.000;0.000;0.000;
15.04.2026 06:30:00;0.000;0.000;0.000;2864.911;2.193;2.804;10.884;1.002;0.000;0.000;1.000;0.000;0.000;
15.04.2026 06:45:00;0.000;0.000;0.000;2807.323;2.197;2.787;10.779;3.124;0.000;0.000;1.000;0.000;0.000;
15.04.2026 07:00:00;0.000;0.000;0.000;2913.503;2.195;2.800;10.700;6.893;0.000;0.000;1.000;0.000;0.000;
15.04.2026 07:15:00;0.000;0.000;0.000;2985.223;2.191;2.814;10.748;17.550;0.000;0.000;1.000;0.000;0.000;
15.04.2026 07:30:00;0.000;0.000;0.000;2995.159;2.184;2.823;10.674;37.638;0.000;0.000;1.000;0.000;0.000;
15.04.2026 07:45:00;0.000;0.000;0.000;2979.680;2.179;2.821;11.180;64.492;0.000;0.000;1.000;0.000;0.000;
15.04.2026 08:00:00;0.000;0.000;0.000;2911.552;2.183;2.790;11.594;82.070;0.000;0.000;1.000;0.000;0.000;
15.04.2026 08:15:00;0.000;0.000;0.000;2864.150;2.191;2.765;11.915;104.492;0.000;0.000;1.000;0.000;0.000;
15.04.2026 08:30:00;0.000;0.000;0.000;3012.672;2.188;2.787;12.188;115.425;0.000;0.000;1.000;0.000;0.000;
15.04.2026 08:45:00;0.000;0.000;0.000;2891.819;2.187;2.795;12.393;120.929;0.000;0.000;1.000;0.000;0.000;
15.04.2026 09:00:00;0.000;0.000;0.000;3013.154;2.186;2.798;12.471;133.601;0.000;0.000;1.000;0.000;0.000;
15.04.2026 09:15:00;0.000;0.000;0.000;2822.433;2.192;2.778;12.447;172.505;0.000;0.000;1.000;0.000;0.000;
15.04.2026 09:30:00;0.000;0.000;0.000;3013.384;2.194;2.778;13.094;217.695;0.000;0.000;1.000;0.000;0.000;
15.04.2026 09:45:00;0.000;0.000;0.000;2954.311;2.194;2.783;13.853;355.720;0.000;0.000;1.000;0.000;0.000;
15.04.2026 10:00:00;0.000;0.000;0.000;3015.097;2.193;2.786;15.415;366.274;0.000;0.000;1.000;0.000;0.000;
15.04.2026 10:15:00;0.000;0.000;0.000;3014.383;2.192;2.787;16.409;427.897;0.000;0.000;1.000;0.000;0.000;
15.04.2026 10:30:00;0.000;0.000;0.000;3012.426;2.194;2.776;17.473;404.791;0.000;0.000;1.000;0.000;0.000;
15.04.2026 10:45:00;0.000;0.000;0.000;2902.948;2.194;2.778;17.974;620.322;0.000;0.000;1.000;0.000;0.000;
15.04.2026 11:00:00;0.000;0.000;0.000;3014.311;2.196;2.782;19.999;601.331;0.000;0.000;1.000;0.000;0.000;
15.04.2026 11:15:00;0.000;0.000;0.000;3014.557;2.194;2.798;20.782;559.844;0.000;0.000;1.000;0.000;0.000;
15.04.2026 11:30:00;0.000;0.000;0.000;1953.193;2.225;2.700;23.331;1176.857;0.000;0.000;1.000;0.000;0.000;
15.04.2026 11:45:00;0.000;0.000;0.000;2151.197;2.260;2.593;26.388;1151.654;0.000;0.000;1.000;0.000;0.000;
15.04.2026 12:00:00;0.000;0.000;0.000;2267.195;2.256;2.584;27.061;1131.307;0.000;0.000;1.000;0.000;0.000;
15.04.2026 12:15:00;0.000;0.000;0.000;2318.152;2.247;2.588;26.998;1121.751;0.000;0.000;1.000;0.000;0.000;
15.04.2026 12:30:00;0.000;0.000;0.000;2161.384;2.243;2.577;26.375;986.817;0.000;0.000;1.000;0.000;0.000;
15.04.2026 12:45:00;0.000;0.000;0.000;2166.079;2.246;2.631;26.961;989.013;0.000;0.000;1.000;0.000;0.000;
15.04.2026 13:00:00;0.000;0.000;0.000;2159.694;2.246;2.753;26.058;1064.878;0.000;0.000;1.000;0.000;0.000;
15.04.2026 13:15:00;0.000;0.000;0.000;2114.093;2.247;2.875;25.525;972.327;0.000;0.000;1.000;0.000;0.000;
15.04.2026 13:30:00;0.000;0.000;0.000;2174.273;2.250;2.910;25.665;888.467;0.000;0.000;1.000;0.000;0.000;
15.04.2026 13:45:00;0.000;0.000;0.000;2128.186;2.249;2.906;25.770;1297.650;0.000;0.000;1.000;0.000;0.000;
15.04.2026 14:00:00;0.000;0.000;0.000;2100.587;2.249;2.872;25.607;1448.829;0.000;0.000;1.000;0.000;0.000;
15.04.2026 14:15:00;0.000;0.000;0.000;2212.411;2.249;2.857;25.824;1108.069;0.000;0.000;1.000;0.000;0.000;
15.04.2026 14:30:00;0.000;0.000;0.000;2259.495;2.245;2.837;25.443;888.973;0.000;0.000;1.000;0.000;0.000;
15.04.2026 14:45:00;0.000;0.000;0.000;2128.155;2.248;2.805;25.240;880.513;0.000;0.000;1.000;0.000;0.000;
15.04.2026 15:00:00;0.000;0.000;0.000;2154.349;2.246;2.795;24.711;1009.740;0.000;0.000;1.000;0.000;0.000;
15.04.2026 15:15:00;0.000;0.000;0.000;2166.491;2.255;2.762;24.392;1096.863;0.000;0.000;1.000;0.000;0.000;
15.04.2026 15:30:00;0.000;0.000;0.000;2230.975;2.252;2.777;23.789;1101.610;0.000;0.000;1.000;0.000;0.000;
15.04.2026 15:45:00;0.000;0.000;0.000;1935.386;2.261;2.764;22.976;902.910;0.000;0.000;1.000;0.000;0.000;
15.04.2026 16:00:00;0.000;0.000;0.000;1954.950;2.267;2.765;22.491;946.931;0.000;0.000;1.000;0.000;0.000;
15.04.2026 16:15:00;0.000;0.000;0.000;2098.936;2.262;2.813;21.640;1037.815;0.000;0.000;1.000;0.000;0.000;
15.04.2026 16:30:00;0.000;0.000;0.000;2072.508;2.264;2.825;21.425;968.103;0.000;0.000;1.000;0.000;0.000;
15.04.2026 16:45:00;0.000;0.000;0.000;2181.253;2.264;2.841;20.843;740.540;0.000;0.000;1.000;0.000;0.000;
15.04.2026 17:00:00;0.000;0.000;0.000;2032.865;2.265;2.829;20.490;550.134;0.000;0.000;1.000;0.000;0.000;
15.04.2026 17:15:00;0.000;0.000;0.000;2909.410;2.236;2.917;20.089;473.931;0.000;0.000;1.000;0.000;0.000;
15.04.2026 17:30:00;0.000;0.000;0.000;2959.766;2.210;2.944;19.692;377.107;0.000;0.000;1.000;0.000;0.000;
15.04.2026 17:45:00;0.000;0.000;0.000;2942.641;2.189;2.959;19.422;356.013;0.000;0.000;1.000;0.000;0.000;
15.04.2026 18:00:00;0.000;0.000;0.000;2954.314;2.172;2.950;19.180;345.381;0.000;0.000;1.000;0.000;0.000;
15.04.2026 18:15:00;0.000;0.000;0.000;3017.382;2.151;2.937;19.091;298.609;0.000;0.000;1.000;0.000;0.000;
15.04.2026 18:30:00;0.000;0.000;0.000;3016.140;2.134;2.923;18.823;249.128;0.000;0.000;1.000;0.000;0.000;
15.04.2026 18:45:00;0.000;0.000;0.000;3015.924;2.133;2.908;18.651;194.025;0.000;0.000;1.000;0.000;0.000;
15.04.2026 19:00:00;0.000;0.000;0.000;3016.761;2.146;2.901;18.012;166.311;0.000;0.000;1.000;0.000;0.000;
15.04.2026 19:15:00;0.000;0.000;0.000;3016.479;2.167;2.892;17.651;133.574;0.000;0.000;1.000;0.000;0.000;
15.04.2026 19:30:00;0.000;0.000;0.000;3016.354;2.190;2.877;17.120;79.650;0.000;0.000;1.000;0.000;0.000;
15.04.2026 19:45:00;0.000;0.000;0.000;3016.470;2.209;2.849;16.739;22.981;0.000;0.000;1.000;0.000;0.000;
15.04.2026 20:00:00;0.000;0.000;0.000;3016.708;2.221;2.815;15.970;9.787;0.000;0.000;1.000;0.000;0.000;
15.04.2026 20:15:00;0.000;0.000;0.000;3016.252;2.221;2.770;15.588;4.387;0.000;0.000;1.000;0.000;0.000;
15.04.2026 20:30:00;0.000;0.000;0.000;3015.925;2.217;2.716;15.395;1.242;0.000;0.000;1.000;0.000;0.000;
15.04.2026 20:45:00;0.000;0.000;0.000;3016.066;2.213;2.683;15.295;0.456;0.000;0.000;1.000;0.000;0.000;
15.04.2026 21:00:00;0.000;0.000;0.000;3016.437;2.208;2.697;15.141;0.421;0.000;0.000;1.000;0.000;0.000;
15.04.2026 21:15:00;0.000;0.000;0.000;3016.986;2.204;2.770;15.280;0.450;0.000;0.000;1.000;0.000;0.000;
15.04.2026 21:30:00;0.000;0.000;0.000;3016.546;2.199;2.838;15.164;0.451;0.000;0.000;1.000;0.000;0.000;
15.04.2026 21:45:00;0.000;0.000;0.000;3017.081;2.195;2.863;14.822;0.459;0.000;0.000;1.000;0.000;0.000;
15.04.2026 22:00:00;0.000;0.000;0.000;3016.672;2.192;2.877;14.511;0.450;0.000;0.000;1.000;0.000;0.000;
15.04.2026 22:15:00;0.000;0.000;0.000;3016.322;2.188;2.864;14.202;0.455;0.000;0.000;1.000;0.000;0.000;
15.04.2026 22:30:00;0.000;0.000;0.000;3016.731;2.186;2.854;14.086;0.514;0.000;0.000;1.000;0.000;0.000;
15.04.2026 22:45:00;0.000;0.000;0.000;3016.249;2.183;2.849;13.832;0.517;0.000;0.000;1.000;0.000;0.000;
15.04.2026 23:00:00;0.000;0.000;0.000;3016.731;2.183;2.845;13.389;0.463;0.000;0.000;1.000;0.000;0.000;
15.04.2026 23:15:00;0.000;0.000;0.000;3016.815;2.184;2.843;13.272;0.509;0.000;0.000;1.000;0.000;0.000;
15.04.2026 23:30:00;0.000;0.000;0.000;3017.274;2.186;2.839;13.397;0.464;0.000;0.000;1.000;0.000;0.000;
15.04.2026 23:45:00;0.000;0.000;0.000;3016.869;2.189;2.834;13.589;0.539;0.000;0.000;1.000;0.000;0.000;
16.04.2026 00:00:00;0.000;0.000;0.000;3015.963;2.193;2.823;13.651;0.472;0.000;0.000;1.000;0.000;0.000;
16.04.2026 00:15:00;0.000;0.000;0.000;2834.678;2.205;2.786;13.750;0.450;0.000;0.000;1.000;0.000;0.000;
16.04.2026 00:30:00;0.000;0.000;0.000;3015.442;2.209;2.750;13.716;0.451;0.000;0.000;1.000;0.000;0.000;
16.04.2026 00:45:00;0.000;0.000;0.000;3015.801;2.203;2.747;13.722;0.450;0.000;0.000;1.000;0.000;0.000;
16.04.2026 01:00:00;0.000;0.000;0.000;2871.180;2.200;2.743;13.805;0.466;0.000;0.000;1.000;0.000;0.000;
16.04.2026 01:15:00;0.000;0.000;0.000;2834.515;2.203;2.729;13.808;0.450;0.000;0.000;1.000;0.000;0.000;
16.04.2026 01:30:00;0.000;0.000;0.000;2754.585;2.208;2.732;13.830;0.494;0.000;0.000;1.000;0.000;0.000;
16.04.2026 01:45:00;0.000;0.000;0.000;3015.841;2.210;2.762;13.895;0.494;0.000;0.000;1.000;0.000;0.000;
16.04.2026 02:00:00;0.000;0.000;0.000;3016.519;2.195;2.834;13.895;0.503;0.000;0.000;1.000;0.000;0.000;
16.04.2026 02:15:00;0.000;0.000;0.000;2882.949;2.185;2.853;13.795;0.449;0.000;0.000;1.000;0.000;0.000;
16.04.2026 02:30:00;0.000;0.000;0.000;2857.394;2.181;2.847;13.749;0.486;0.000;0.000;1.000;0.000;0.000;
16.04.2026 02:45:00;0.000;0.000;0.000;2807.691;2.185;2.835;13.632;0.450;0.000;0.000;1.000;0.000;0.000;
16.04.2026 03:00:00;0.000;0.000;0.000;2935.151;2.182;2.845;13.477;0.486;0.000;0.000;1.000;0.000;0.000;
16.04.2026 03:15:00;0.000;0.000;0.000;2904.152;2.184;2.835;13.487;0.492;0.000;0.000;1.000;0.000;0.000;
16.04.2026 03:30:00;0.000;0.000;0.000;3012.619;2.185;2.832;13.408;0.450;0.000;0.000;1.000;0.000;0.000;
16.04.2026 03:45:00;0.000;0.000;0.000;3016.255;2.189;2.817;13.396;0.489;0.000;0.000;1.000;0.000;0.000;
16.04.2026 04:00:00;0.000;0.000;0.000;3015.693;2.185;2.823;13.383;0.444;0.000;0.000;1.000;0.000;0.000;
16.04.2026 04:15:00;0.000;0.000;0.000;2984.492;2.185;2.819;13.165;0.467;0.000;0.000;1.000;0.000;0.000;
16.04.2026 04:30:00;0.000;0.000;0.000;2859.290;2.193;2.794;13.283;0.456;0.000;0.000;1.000;0.000;0.000;
16.04.2026 04:45:00;0.000;0.000;0.000;2885.477;2.202;2.757;13.388;0.451;0.000;0.000;1.000;0.000;0.000;
16.04.2026 05:00:00;0.000;0.000;0.000;2871.465;2.204;2.734;13.330;0.472;0.000;0.000;1.000;0.000;0.000;
16.04.2026 05:15:00;0.000;0.000;0.000;2877.155;2.204;2.721;13.276;0.468;0.000;0.000;1.000;0.000;0.000;
16.04.2026 05:30:00;0.000;0.000;0.000;3015.557;2.198;2.737;13.088;0.468;0.000;0.000;1.000;0.000;0.000;
16.04.2026 05:45:00;0.000;0.000;0.000;2932.640;2.199;2.747;13.082;0.451;0.000;0.000;1.000;0.000;0.000;
16.04.2026 06:00:00;0.000;0.000;0.000;3015.406;2.194;2.782;13.075;0.451;0.000;0.000;1.000;0.000;0.000;
16.04.2026 06:15:00;0.000;0.000;0.000;2912.131;2.189;2.823;13.000;0.450;0.000;0.000;1.000;0.000;0.000;
16.04.2026 06:30:00;0.000;0.000;0.000;2910.258;2.190;2.824;12.933;1.034;0.000;0.000;1.000;0.000;0.000;
16.04.2026 06:45:00;0.000;0.000;0.000;2947.173;2.192;2.816;12.791;3.058;0.000;0.000;1.000;0.000;0.000;
16.04.2026 07:00:00;0.000;0.000;0.000;2912.748;2.192;2.817;12.878;8.127;0.000;0.000;1.000;0.000;0.000;
16.04.2026 07:15:00;0.000;0.000;0.000;2927.242;2.192;2.810;12.982;15.406;0.000;0.000;1.000;0.000;0.000;
16.04.2026 07:30:00;0.000;0.000;0.000;3015.872;2.188;2.826;13.085;22.484;0.000;0.000;1.000;0.000;0.000;
16.04.2026 07:45:00;0.000;0.000;0.000;3016.586;2.183;2.823;13.227;27.450;0.000;0.000;1.000;0.000;0.000;
16.04.2026 08:00:00;0.000;0.000;0.000;3016.199;2.181;2.817;13.320;42.739;0.000;0.000;1.000;0.000;0.000;
16.04.2026 08:15:00;0.000;0.000;0.000;3006.760;2.181;2.809;13.460;73.592;0.000;0.000;1.000;0.000;0.000;
16.04.2026 08:30:00;0.000;0.000;0.000;3016.599;2.183;2.798;13.743;112.267;0.000;0.000;1.000;0.000;0.000;
16.04.2026 08:45:00;0.000;0.000;0.000;3015.769;2.188;2.783;13.932;161.313;0.000;0.000;1.000;0.000;0.000;
16.04.2026 09:00:00;0.000;0.000;0.000;3015.728;2.192;2.765;14.530;193.328;0.000;0.000;1.000;0.000;0.000;
16.04.2026 09:15:00;0.000;0.000;0.000;3013.429;2.197;2.745;15.090;213.881;0.000;0.000;1.000;0.000;0.000;
16.04.2026 09:30:00;0.000;0.000;0.000;3014.259;2.201;2.735;15.678;271.189;0.000;0.000;1.000;0.000;0.000;
16.04.2026 09:45:00;0.000;0.000;0.000;3015.313;2.203;2.736;16.518;311.322;0.000;0.000;1.000;0.000;0.000;
16.04.2026 10:00:00;0.000;0.000;0.000;3016.396;2.202;2.748;17.606;394.714;0.000;0.000;1.000;0.000;0.000;
16.04.2026 10:15:00;0.000;0.000;0.000;3015.137;2.200;2.767;19.409;854.677;0.000;0.000;1.000;0.000;0.000;
16.04.2026 10:30:00;0.000;0.000;0.000;2888.710;2.200;2.784;23.351;846.357;0.000;0.000;1.000;0.000;0.000;
16.04.2026 10:45:00;0.000;0.000;0.000;2651.479;2.210;2.760;26.355;842.322;0.000;0.000;1.000;0.000;0.000;
16.04.2026 11:00:00;0.000;0.000;0.000;2951.818;2.209;2.778;27.951;866.587;0.000;0.000;1.000;0.000;0.000;
16.04.2026 11:15:00;0.000;0.000;0.000;2769.103;2.210;2.787;28.918;901.574;0.000;0.000;1.000;0.000;0.000;
16.04.2026 11:30:00;0.000;0.000;0.000;2836.360;2.215;2.774;29.741;1136.468;0.000;0.000;1.000;0.000;0.000;
16.04.2026 11:45:00;0.000;0.000;0.000;2802.445;2.209;2.798;30.305;1282.607;0.000;0.000;1.000;0.000;0.000;
16.04.2026 12:00:00;0.000;0.000;0.000;2894.199;2.196;2.843;31.225;1231.761;0.000;0.000;1.000;0.000;0.000;
16.04.2026 12:15:00;0.000;0.000;0.000;2803.808;2.186;2.853;31.453;1123.358;0.000;0.000;1.000;0.000;0.000;
16.04.2026 12:30:00;0.000;0.000;0.000;2711.958;2.189;2.827;31.562;1042.199;0.000;0.000;1.000;0.000;0.000;
16.04.2026 12:45:00;0.000;0.000;0.000;2657.854;2.203;2.791;30.814;1083.925;0.000;0.000;1.000;0.000;0.000;
16.04.2026 13:00:00;0.000;0.000;0.000;2737.167;2.209;2.774;30.547;1000.203;0.000;0.000;1.000;0.000;0.000;
16.04.2026 13:15:00;0.000;0.000;0.000;2830.860;2.205;2.786;29.827;1024.556;0.000;0.000;1.000;0.000;0.000;
16.04.2026 13:30:00;0.000;0.000;0.000;2849.649;2.200;2.798;29.792;1072.033;0.000;0.000;1.000;0.000;0.000;
16.04.2026 13:45:00;0.000;0.000;0.000;2923.183;2.193;2.812;28.989;1304.326;0.000;0.000;1.000;0.000;0.000;
16.04.2026 14:00:00;0.000;0.000;0.000;2931.111;2.187;2.831;28.938;1448.797;0.000;0.000;1.000;0.000;0.000;
16.04.2026 14:15:00;0.000;0.000;0.000;2824.097;2.184;2.834;28.751;1448.107;0.000;0.000;1.000;0.000;0.000;
16.04.2026 14:30:00;0.000;0.000;0.000;2980.397;2.185;2.834;28.002;1034.797;0.000;0.000;1.000;0.000;0.000;
16.04.2026 14:45:00;0.000;0.000;0.000;2847.949;2.189;2.829;27.690;934.607;0.000;0.000;1.000;0.000;0.000;
16.04.2026 15:00:00;0.000;0.000;0.000;2914.931;2.194;2.822;27.599;961.930;0.000;0.000;1.000;0.000;0.000;
16.04.2026 15:15:00;0.000;0.000;0.000;2817.835;2.207;2.806;27.264;1054.721;0.000;0.000;1.000;0.000;0.000;
16.04.2026 15:30:00;0.000;0.000;0.000;2846.594;2.217;2.763;26.968;1061.303;0.000;0.000;1.000;0.000;0.000;
16.04.2026 15:45:00;0.000;0.000;0.000;2654.259;2.229;2.708;26.170;900.428;0.000;0.000;1.000;0.000;0.000;
16.04.2026 16:00:00;0.000;0.000;0.000;2681.824;2.236;2.674;25.780;793.785;0.000;0.000;1.000;0.000;0.000;
16.04.2026 16:15:00;0.000;0.000;0.000;2993.989;2.219;2.755;25.217;900.438;0.000;0.000;1.000;0.000;0.000;
16.04.2026 16:30:00;0.000;0.000;0.000;2999.939;2.210;2.841;24.857;767.798;0.000;0.000;1.000;0.000;0.000;
16.04.2026 16:45:00;0.000;0.000;0.000;2937.075;2.204;2.896;24.112;578.252;0.000;0.000;1.000;0.000;0.000;
16.04.2026 17:00:00;0.000;0.000;0.000;2958.968;2.203;2.914;24.118;491.716;0.000;0.000;1.000;0.000;0.000;
16.04.2026 17:15:00;0.000;0.000;0.000;2910.087;2.205;2.917;24.060;453.296;0.000;0.000;1.000;0.000;0.000;
16.04.2026 17:30:00;0.000;0.000;0.000;2997.783;2.201;2.920;23.330;325.167;0.000;0.000;1.000;0.000;0.000;
16.04.2026 17:45:00;0.000;0.000;0.000;3016.493;2.198;2.923;23.097;321.149;0.000;0.000;1.000;0.000;0.000;
16.04.2026 18:00:00;0.000;0.000;0.000;3015.997;2.199;2.918;22.686;157.708;0.000;0.000;1.000;0.000;0.000;
16.04.2026 18:15:00;0.000;0.000;0.000;3017.768;2.195;2.927;22.141;153.139;0.000;0.000;1.000;0.000;0.000;
16.04.2026 18:30:00;0.000;0.000;0.000;3016.761;2.194;2.931;21.609;129.532;0.000;0.000;1.000;0.000;0.000;
16.04.2026 18:45:00;0.000;0.000;0.000;3017.760;2.196;2.933;21.379;108.897;0.000;0.000;1.000;0.000;0.000;
16.04.2026 19:00:00;0.000;0.000;0.000;3016.430;2.196;2.934;21.003;87.862;0.000;0.000;1.000;0.000;0.000;
16.04.2026 19:15:00;0.000;0.000;0.000;3018.118;2.199;2.937;20.472;63.316;0.000;0.000;1.000;0.000;0.000;
16.04.2026 19:30:00;0.000;0.000;0.000;2997.408;2.208;2.930;19.922;57.674;0.000;0.000;1.000;0.000;0.000;
16.04.2026 19:45:00;0.000;0.000;0.000;3017.455;2.212;2.936;19.696;24.645;0.000;0.000;1.000;0.000;0.000;
16.04.2026 20:00:00;0.000;0.000;0.000;3019.013;2.216;2.941;18.812;13.684;0.000;0.000;1.000;0.000;0.000;
16.04.2026 20:15:00;0.000;0.000;0.000;3017.272;2.217;2.949;18.277;4.593;0.000;0.000;1.000;0.000;0.000;
16.04.2026 20:30:00;0.000;0.000;0.000;3017.035;2.217;2.949;17.582;1.031;0.000;0.000;1.000;0.000;0.000;
16.04.2026 20:45:00;0.000;0.000;0.000;3017.562;2.214;2.959;17.296;0.451;0.000;0.000;1.000;0.000;0.000;
16.04.2026 21:00:00;0.000;0.000;0.000;3017.837;2.208;2.973;16.858;0.499;0.000;0.000;1.000;0.000;0.000;
16.04.2026 21:15:00;0.000;0.000;0.000;3017.581;2.202;2.991;16.725;0.458;0.000;0.000;1.000;0.000;0.000;
16.04.2026 21:30:00;0.000;0.000;0.000;3018.804;2.196;3.005;16.490;0.498;0.000;0.000;1.000;0.000;0.000;
16.04.2026 21:45:00;0.000;0.000;0.000;3018.605;2.187;3.015;16.330;0.450;0.000;0.000;1.000;0.000;0.000;
16.04.2026 22:00:00;0.000;0.000;0.000;3018.780;2.175;3.019;16.217;0.463;0.000;0.000;1.000;0.000;0.000;
16.04.2026 22:15:00;0.000;0.000;0.000;3018.457;2.163;3.027;15.832;0.491;0.000;0.000;1.000;0.000;0.000;
16.04.2026 22:30:00;0.000;0.000;0.000;3017.587;2.150;3.026;15.378;0.470;0.000;0.000;1.000;0.000;0.000;
16.04.2026 22:45:00;0.000;0.000;0.000;3018.113;2.141;3.025;15.006;0.474;0.000;0.000;1.000;0.000;0.000;
16.04.2026 23:00:00;0.000;0.000;0.000;3018.972;2.147;3.022;14.752;0.373;0.000;0.000;1.000;0.000;0.000;
16.04.2026 23:15:00;0.000;0.000;0.000;3018.988;2.159;3.017;14.377;0.494;0.000;0.000;1.000;0.000;0.000;
16.04.2026 23:30:00;0.000;0.000;0.000;3018.526;2.177;3.016;14.495;0.604;0.000;0.000;1.000;0.000;0.000;
16.04.2026 23:45:00;0.000;0.000;0.000;3018.188;2.191;2.992;14.166;0.623;0.000;0.000;1.000;0.000;0.000;
17.04.2026 00:00:00;0.000;0.000;0.000;3017.800;2.207;2.971;13.899;0.458;0.000;0.000;1.000;0.000;0.000;
17.04.2026 00:15:00;0.000;0.000;0.000;2843.221;2.222;2.938;13.557;0.474;0.000;0.000;1.000;0.000;0.000;
17.04.2026 00:30:00;0.000;0.000;0.000;3017.520;2.221;2.935;13.369;0.462;0.000;0.000;1.000;0.000;0.000;
17.04.2026 00:45:00;0.000;0.000;0.000;2951.048;2.211;2.941;13.351;0.450;0.000;0.000;1.000;0.000;0.000;
17.04.2026 01:00:00;0.000;0.000;0.000;2760.116;2.210;2.930;13.313;0.499;0.000;0.000;1.000;0.000;0.000;
17.04.2026 01:15:00;0.000;0.000;0.000;2774.308;2.212;2.943;13.100;0.460;0.000;0.000;1.000;0.000;0.000;
17.04.2026 01:30:00;0.000;0.000;0.000;2844.386;2.208;2.958;12.957;0.583;0.000;0.000;1.000;0.000;0.000;
17.04.2026 01:45:00;0.000;0.000;0.000;3017.094;2.203;2.965;12.993;0.510;0.000;0.000;1.000;0.000;0.000;
17.04.2026 02:00:00;0.000;0.000;0.000;3018.309;2.186;2.986;12.735;0.452;0.000;0.000;1.000;0.000;0.000;
17.04.2026 02:15:00;0.000;0.000;0.000;2915.954;2.174;2.987;12.567;0.515;0.000;0.000;1.000;0.000;0.000;
17.04.2026 02:30:00;0.000;0.000;0.000;2826.471;2.168;2.995;12.650;0.518;0.000;0.000;1.000;0.000;0.000;
17.04.2026 02:45:00;0.000;0.000;0.000;2808.595;2.172;2.978;12.701;0.600;0.000;0.000;1.000;0.000;0.000;
17.04.2026 03:00:00;0.000;0.000;0.000;2961.057;2.172;2.980;12.557;0.440;0.000;0.000;1.000;0.000;0.000;
17.04.2026 03:15:00;0.000;0.000;0.000;2974.639;2.175;2.976;12.512;0.483;0.000;0.000;1.000;0.000;0.000;
17.04.2026 03:30:00;0.000;0.000;0.000;3015.575;2.179;2.971;12.421;0.477;0.000;0.000;1.000;0.000;0.000;
17.04.2026 03:45:00;0.000;0.000;0.000;3016.443;2.190;2.958;12.370;0.458;0.000;0.000;1.000;0.000;0.000;
17.04.2026 04:00:00;0.000;0.000;0.000;2927.644;2.193;2.955;12.192;0.521;0.000;0.000;1.000;0.000;0.000;
17.04.2026 04:15:00;0.000;0.000;0.000;2858.463;2.203;2.938;12.079;0.507;0.000;0.000;1.000;0.000;0.000;
17.04.2026 04:30:00;0.000;0.000;0.000;2873.450;2.210;2.924;11.862;0.492;0.000;0.000;1.000;0.000;0.000;
17.04.2026 04:45:00;0.000;0.000;0.000;2869.954;2.211;2.918;11.884;0.452;0.000;0.000;1.000;0.000;0.000;
17.04.2026 05:00:00;0.000;0.000;0.000;2990.931;2.204;2.926;11.801;0.515;0.000;0.000;1.000;0.000;0.000;
17.04.2026 05:15:00;0.000;0.000;0.000;2861.772;2.198;2.927;11.622;0.456;0.000;0.000;1.000;0.000;0.000;
17.04.2026 05:30:00;0.000;0.000;0.000;3015.928;2.191;2.943;11.622;0.463;0.000;0.000;1.000;0.000;0.000;
17.04.2026 05:45:00;0.000;0.000;0.000;2987.545;2.187;2.949;11.588;0.495;0.000;0.000;1.000;0.000;0.000;
17.04.2026 06:00:00;0.000;0.000;0.000;2977.073;2.182;2.952;11.444;0.495;0.000;0.000;1.000;0.000;0.000;
17.04.2026 06:15:00;0.000;0.000;0.000;2963.073;2.182;2.951;11.397;0.500;0.000;0.000;1.000;0.000;0.000;
17.04.2026 06:30:00;0.000;0.000;0.000;3015.437;2.183;2.952;11.390;3.825;0.000;0.000;1.000;0.000;0.000;
17.04.2026 06:45:00;0.000;0.000;0.000;2982.843;2.181;2.951;11.265;9.337;0.000;0.000;1.000;0.000;0.000;
17.04.2026 07:00:00;0.000;0.000;0.000;3012.224;2.185;2.944;11.258;19.125;0.000;0.000;1.000;0.000;0.000;
17.04.2026 07:15:00;0.000;0.000;0.000;3010.774;2.187;2.940;11.293;31.837;0.000;0.000;1.000;0.000;0.000;
17.04.2026 07:30:00;0.000;0.000;0.000;3015.163;2.189;2.934;11.299;50.622;0.000;0.000;1.000;0.000;0.000;
17.04.2026 07:45:00;0.000;0.000;0.000;3016.589;2.191;2.930;11.436;59.286;0.000;0.000;1.000;0.000;0.000;
17.04.2026 08:00:00;0.000;0.000;0.000;3016.543;2.194;2.926;11.749;67.053;0.000;0.000;1.000;0.000;0.000;
17.04.2026 08:15:00;0.000;0.000;0.000;2991.143;2.199;2.912;11.983;78.961;0.000;0.000;1.000;0.000;0.000;
17.04.2026 08:30:00;0.000;0.000;0.000;2958.294;2.201;2.913;12.186;73.636;0.000;0.000;1.000;0.000;0.000;
17.04.2026 08:45:00;0.000;0.000;0.000;2804.284;2.212;2.885;12.108;74.605;0.000;0.000;1.000;0.000;0.000;
17.04.2026 09:00:00;0.000;0.000;0.000;2823.290;2.211;2.899;12.423;88.311;0.000;0.000;1.000;0.000;0.000;
17.04.2026 09:15:00;0.000;0.000;0.000;2536.735;2.222;2.854;14.499;644.414;0.000;0.000;1.000;0.000;0.000;
17.04.2026 09:30:00;0.000;0.000;0.000;2719.450;2.219;2.851;18.502;716.983;0.000;0.000;1.000;0.000;0.000;
17.04.2026 09:45:00;0.000;0.000;0.000;2572.752;2.220;2.839;21.137;762.491;0.000;0.000;1.000;0.000;0.000;
17.04.2026 10:00:00;0.000;0.000;0.000;2637.166;2.214;2.856;22.830;792.727;0.000;0.000;1.000;0.000;0.000;
17.04.2026 10:15:00;0.000;0.000;0.000;2669.357;2.210;2.881;24.715;777.895;0.000;0.000;1.000;0.000;0.000;
17.04.2026 10:30:00;0.000;0.000;0.000;2495.373;2.210;2.886;26.823;833.154;0.000;0.000;1.000;0.000;0.000;
17.04.2026 10:45:00;0.000;0.000;0.000;2730.590;2.218;2.906;28.295;739.334;0.000;0.000;1.000;0.000;0.000;
17.04.2026 11:00:00;0.000;0.000;0.000;2860.765;2.224;2.943;29.131;828.603;0.000;0.000;1.000;0.000;0.000;
17.04.2026 11:15:00;0.000;0.000;0.000;2775.382;2.229;2.943;30.028;1102.714;0.000;0.000;1.000;0.000;0.000;
17.04.2026 11:30:00;0.000;0.000;0.000;2764.460;2.230;2.930;30.309;1376.362;0.000;0.000;1.000;0.000;0.000;
17.04.2026 11:45:00;0.000;0.000;0.000;2820.833;2.228;2.893;30.505;1433.697;0.000;0.000;1.000;0.000;0.000;
17.04.2026 12:00:00;0.000;0.000;0.000;2850.647;2.218;2.907;30.342;1403.779;0.000;0.000;1.000;0.000;0.000;
17.04.2026 12:15:00;0.000;0.000;0.000;2992.785;2.216;2.927;30.024;719.160;0.000;0.000;1.000;0.000;0.000;
17.04.2026 12:30:00;0.000;0.000;0.000;2877.264;2.214;2.924;29.829;918.543;0.000;0.000;1.000;0.000;0.000;
17.04.2026 12:45:00;0.000;0.000;0.000;2577.910;2.225;2.897;30.809;1069.560;0.000;0.000;1.000;0.000;0.000;
17.04.2026 13:00:00;0.000;0.000;0.000;2816.108;2.233;2.881;30.909;996.046;0.000;0.000;1.000;0.000;0.000;
17.04.2026 13:15:00;0.000;0.000;0.000;2710.671;2.239;2.866;31.329;905.962;0.000;0.000;1.000;0.000;0.000;
17.04.2026 13:30:00;0.000;0.000;0.000;2856.951;2.230;2.890;31.139;828.206;0.000;0.000;1.000;0.000;0.000;
17.04.2026 13:45:00;0.000;0.000;0.000;2476.845;2.222;3.026;31.081;1330.466;0.000;0.000;1.000;0.000;0.000;
17.04.2026 14:00:00;0.000;0.000;0.000;2478.018;2.213;3.122;30.147;1343.780;0.000;0.000;1.000;0.000;0.000;
17.04.2026 14:15:00;0.000;0.000;0.000;2477.383;2.210;3.113;27.645;605.496;0.000;0.000;1.000;0.000;0.000;
17.04.2026 14:30:00;0.000;0.000;0.000;3012.328;2.208;3.039;26.082;583.828;0.000;0.000;1.000;0.000;0.000;
17.04.2026 14:45:00;0.000;0.000;0.000;3012.476;2.208;2.971;25.357;536.860;0.000;0.000;1.000;0.000;0.000;
17.04.2026 15:00:00;0.000;0.000;0.000;3013.070;2.209;2.949;25.296;764.085;0.000;0.000;1.000;0.000;0.000;
17.04.2026 15:15:00;0.000;0.000;0.000;3011.803;2.211;2.940;26.128;598.055;0.000;0.000;1.000;0.000;0.000;
17.04.2026 15:30:00;0.000;0.000;0.000;3007.128;2.214;2.935;26.338;679.978;0.000;0.000;1.000;0.000;0.000;
17.04.2026 15:45:00;0.000;0.000;0.000;2338.122;2.240;2.874;26.875;904.831;0.000;0.000;1.000;0.000;0.000;
17.04.2026 16:00:00;0.000;0.000;0.000;2807.142;2.251;2.865;26.912;702.854;0.000;0.000;1.000;0.000;0.000;
17.04.2026 16:15:00;0.000;0.000;0.000;2755.918;2.250;2.890;26.599;871.377;0.000;0.000;1.000;0.000;0.000;
17.04.2026 16:30:00;0.000;0.000;0.000;2699.302;2.254;2.882;26.267;874.710;0.000;0.000;1.000;0.000;0.000;
17.04.2026 16:45:00;0.000;0.000;0.000;2513.276;2.264;2.886;26.076;786.405;0.000;0.000;1.000;0.000;0.000;
17.04.2026 17:00:00;0.000;0.000;0.000;2610.872;2.268;2.904;26.419;664.634;0.000;0.000;1.000;0.000;0.000;
17.04.2026 17:15:00;0.000;0.000;0.000;2469.433;2.272;2.911;25.468;575.594;0.000;0.000;1.000;0.000;0.000;
17.04.2026 17:30:00;0.000;0.000;0.000;2791.221;2.274;2.928;25.206;482.837;0.000;0.000;1.000;0.000;0.000;
17.04.2026 17:45:00;0.000;0.000;0.000;3018.454;2.257;2.996;23.874;144.123;0.000;0.000;1.000;0.000;0.000;
17.04.2026 18:00:00;0.000;0.000;0.000;3016.409;2.250;3.014;23.084;130.552;0.000;0.000;1.000;0.000;0.000;
17.04.2026 18:15:00;0.000;0.000;0.000;3015.407;2.245;3.028;22.675;265.547;0.000;0.000;1.000;0.000;0.000;
17.04.2026 18:30:00;0.000;0.000;0.000;3014.521;2.245;3.018;22.015;102.709;0.000;0.000;1.000;0.000;0.000;
17.04.2026 18:45:00;0.000;0.000;0.000;2901.249;2.246;3.009;21.398;115.184;0.000;0.000;1.000;0.000;0.000;
17.04.2026 19:00:00;0.000;0.000;0.000;2869.809;2.250;2.992;21.069;89.556;0.000;0.000;1.000;0.000;0.000;
17.04.2026 19:15:00;0.000;0.000;0.000;2943.699;2.252;2.990;20.718;79.650;0.000;0.000;1.000;0.000;0.000;
17.04.2026 19:30:00;0.000;0.000;0.000;2843.341;2.255;2.986;20.626;61.537;0.000;0.000;1.000;0.000;0.000;
17.04.2026 19:45:00;0.000;0.000;0.000;2917.561;2.256;2.994;19.921;18.249;0.000;0.000;1.000;0.000;0.000;
17.04.2026 20:00:00;0.000;0.000;0.000;2887.987;2.256;3.002;19.590;11.907;0.000;0.000;1.000;0.000;0.000;
17.04.2026 20:15:00;0.000;0.000;0.000;2937.665;2.255;3.013;19.052;3.657;0.000;0.000;1.000;0.000;0.000;
17.04.2026 20:30:00;0.000;0.000;0.000;2851.607;2.257;3.024;18.595;0.450;0.000;0.000;1.000;0.000;0.000;
17.04.2026 20:45:00;0.000;0.000;0.000;2872.452;2.258;3.019;18.475;0.450;0.000;0.000;1.000;0.000;0.000;
17.04.2026 21:00:00;0.000;0.000;0.000;3014.103;2.252;3.033;18.278;0.487;0.000;0.000;1.000;0.000;0.000;
17.04.2026 21:15:00;0.000;0.000;0.000;2979.660;2.253;3.028;18.190;0.450;0.000;0.000;1.000;0.000;0.000;
17.04.2026 21:30:00;0.000;0.000;0.000;2942.000;2.250;3.033;18.053;0.450;0.000;0.000;1.000;0.000;0.000;
17.04.2026 21:45:00;0.000;0.000;0.000;2839.806;2.252;3.025;17.903;0.460;0.000;0.000;1.000;0.000;0.000;
17.04.2026 22:00:00;0.000;0.000;0.000;2877.841;2.251;3.024;17.917;0.451;0.000;0.000;1.000;0.000;0.000;
17.04.2026 22:15:00;0.000;0.000;0.000;2923.556;2.249;3.026;17.732;0.451;0.000;0.000;1.000;0.000;0.000;
17.04.2026 22:30:00;0.000;0.000;0.000;2993.971;2.248;3.031;17.389;0.492;0.000;0.000;1.000;0.000;0.000;
17.04.2026 22:45:00;0.000;0.000;0.000;3013.308;2.245;3.033;17.293;0.450;0.000;0.000;1.000;0.000;0.000;
17.04.2026 23:00:00;0.000;0.000;0.000;3014.294;2.243;3.031;16.957;0.466;0.000;0.000;1.000;0.000;0.000;
17.04.2026 23:15:00;0.000;0.000;0.000;3014.707;2.242;3.028;17.031;0.464;0.000;0.000;1.000;0.000;0.000;
17.04.2026 23:30:00;0.000;0.000;0.000;3014.832;2.242;3.025;16.777;0.451;0.000;0.000;1.000;0.000;0.000;
17.04.2026 23:45:00;0.000;0.000;0.000;2935.918;2.242;3.019;16.893;0.447;0.000;0.000;1.000;0.000;0.000;
18.04.2026 00:00:00;0.000;0.000;0.000;3015.017;2.244;3.016;16.788;0.458;0.000;0.000;1.000;0.000;0.000;
18.04.2026 00:15:00;0.000;0.000;0.000;2800.566;2.251;3.000;16.445;0.597;0.000;0.000;1.000;0.000;0.000;
18.04.2026 00:30:00;0.000;0.000;0.000;3014.284;2.250;3.006;16.009;0.451;0.000;0.000;1.000;0.000;0.000;
18.04.2026 00:45:00;0.000;0.000;0.000;2682.941;2.259;2.991;15.697;0.452;0.000;0.000;1.000;0.000;0.000;
18.04.2026 01:00:00;0.000;0.000;0.000;2667.644;2.266;2.979;15.590;0.460;0.000;0.000;1.000;0.000;0.000;
18.04.2026 01:15:00;0.000;0.000;0.000;2803.622;2.261;2.996;15.357;0.450;0.000;0.000;1.000;0.000;0.000;
18.04.2026 01:30:00;0.000;0.000;0.000;2726.844;2.260;3.001;15.334;0.449;0.000;0.000;1.000;0.000;0.000;
18.04.2026 01:45:00;0.000;0.000;0.000;3015.172;2.251;3.032;15.311;0.481;0.000;0.000;1.000;0.000;0.000;
18.04.2026 02:00:00;0.000;0.000;0.000;2751.133;2.254;3.019;15.188;0.450;0.000;0.000;1.000;0.000;0.000;
18.04.2026 02:15:00;0.000;0.000;0.000;2701.021;2.259;3.005;15.012;0.465;0.000;0.000;1.000;0.000;0.000;
18.04.2026 02:30:00;0.000;0.000;0.000;2580.325;2.265;2.989;14.703;0.450;0.000;0.000;1.000;0.000;0.000;
18.04.2026 02:45:00;0.000;0.000;0.000;2663.968;2.266;2.982;14.676;0.489;0.000;0.000;1.000;0.000;0.000;
18.04.2026 03:00:00;0.000;0.000;0.000;2710.048;2.265;2.992;14.394;0.450;0.000;0.000;1.000;0.000;0.000;
18.04.2026 03:15:00;0.000;0.000;0.000;2845.943;2.260;3.018;14.256;0.450;0.000;0.000;1.000;0.000;0.000;
18.04.2026 03:30:00;0.000;0.000;0.000;2895.886;2.257;3.021;14.106;0.450;0.000;0.000;1.000;0.000;0.000;
18.04.2026 03:45:00;0.000;0.000;0.000;3016.205;2.250;3.032;13.829;0.450;0.000;0.000;1.000;0.000;0.000;
18.04.2026 04:00:00;0.000;0.000;0.000;2651.268;2.253;3.012;13.806;0.457;0.000;0.000;1.000;0.000;0.000;
18.04.2026 04:15:00;0.000;0.000;0.000;2728.730;2.259;2.998;13.633;0.450;0.000;0.000;1.000;0.000;0.000;
18.04.2026 04:30:00;0.000;0.000;0.000;2721.543;2.260;2.991;13.478;0.450;0.000;0.000;1.000;0.000;0.000;
18.04.2026 04:45:00;0.000;0.000;0.000;2745.166;2.257;2.992;13.539;0.443;0.000;0.000;1.000;0.000;0.000;
18.04.2026 05:00:00;0.000;0.000;0.000;2836.125;2.254;3.004;13.580;0.478;0.000;0.000;1.000;0.000;0.000;
18.04.2026 05:15:00;0.000;0.000;0.000;2861.583;2.249;3.015;13.354;0.455;0.000;0.000;1.000;0.000;0.000;
18.04.2026 05:30:00;0.000;0.000;0.000;2808.403;2.251;3.007;13.108;0.405;0.000;0.000;1.000;0.000;0.000;
18.04.2026 05:45:00;0.000;0.000;0.000;2909.484;2.249;3.013;12.831;0.450;0.000;0.000;1.000;0.000;0.000;
18.04.2026 06:00:00;0.000;0.000;0.000;3012.269;2.246;3.012;12.841;0.462;0.000;0.000;1.000;0.000;0.000;
18.04.2026 06:15:00;0.000;0.000;0.000;2914.772;2.244;3.006;12.711;0.447;0.000;0.000;1.000;0.000;0.000;
18.04.2026 06:30:00;0.000;0.000;0.000;2993.948;2.242;3.010;12.700;2.977;0.000;0.000;1.000;0.000;0.000;
18.04.2026 06:45:00;0.000;0.000;0.000;2937.513;2.240;3.006;12.415;7.777;0.000;0.000;1.000;0.000;0.000;
18.04.2026 07:00:00;0.000;0.000;0.000;2891.679;2.244;2.993;12.478;16.834;0.000;0.000;1.000;0.000;0.000;
18.04.2026 07:15:00;0.000;0.000;0.000;2879.869;2.244;2.990;12.467;27.446;0.000;0.000;1.000;0.000;0.000;
18.04.2026 07:30:00;0.000;0.000;0.000;2805.102;2.247;2.980;12.457;37.350;0.000;0.000;1.000;0.000;0.000;
18.04.2026 07:45:00;0.000;0.000;0.000;2898.686;2.247;2.981;12.661;48.458;0.000;0.000;1.000;0.000;0.000;
18.04.2026 08:00:00;0.000;0.000;0.000;2836.345;2.247;2.981;12.752;54.329;0.000;0.000;1.000;0.000;0.000;
18.04.2026 08:15:00;0.000;0.000;0.000;2765.878;2.252;2.971;12.805;58.394;0.000;0.000;1.000;0.000;0.000;
18.04.2026 08:30:00;0.000;0.000;0.000;2792.682;2.253;2.971;13.072;71.526;0.000;0.000;1.000;0.000;0.000;
18.04.2026 08:45:00;0.000;0.000;0.000;2792.153;2.253;2.975;13.255;85.888;0.000;0.000;1.000;0.000;0.000;
18.04.2026 09:00:00;0.000;0.000;0.000;2772.026;2.252;2.978;13.514;98.977;0.000;0.000;1.000;0.000;0.000;
18.04.2026 09:15:00;0.000;0.000;0.000;3013.917;2.246;2.995;15.177;444.240;0.000;0.000;1.000;0.000;0.000;
18.04.2026 09:30:00;0.000;0.000;0.000;2883.388;2.244;2.995;18.644;672.974;0.000;0.000;1.000;0.000;0.000;
18.04.2026 09:45:00;0.000;0.000;0.000;2989.721;2.240;3.003;21.223;748.305;0.000;0.000;1.000;0.000;0.000;
18.04.2026 10:00:00;0.000;0.000;0.000;2938.723;2.238;3.009;23.303;731.622;0.000;0.000;1.000;0.000;0.000;
18.04.2026 10:15:00;0.000;0.000;0.000;2209.137;2.268;2.919;24.499;783.449;0.000;0.000;1.000;0.000;0.000;
18.04.2026 10:30:00;0.000;0.000;0.000;2250.363;2.282;2.883;26.503;835.035;0.000;0.000;1.000;0.000;0.000;
18.04.2026 10:45:00;0.000;0.000;0.000;2391.424;2.284;2.877;27.975;771.328;0.000;0.000;1.000;0.000;0.000;
18.04.2026 11:00:00;0.000;0.000;0.000;2457.936;2.280;2.905;29.498;834.000;0.000;0.000;1.000;0.000;0.000;
18.04.2026 11:15:00;0.000;0.000;0.000;2595.806;2.273;2.971;31.007;911.520;0.000;0.000;1.000;0.000;0.000;
18.04.2026 11:30:00;0.000;0.000;0.000;2730.351;2.269;2.998;31.383;1068.945;0.000;0.000;1.000;0.000;0.000;
18.04.2026 11:45:00;0.000;0.000;0.000;2710.499;2.262;3.012;32.087;1209.120;0.000;0.000;1.000;0.000;0.000;
18.04.2026 12:00:00;0.000;0.000;0.000;2552.278;2.262;2.997;32.777;1240.233;0.000;0.000;1.000;0.000;0.000;
18.04.2026 12:15:00;0.000;0.000;0.000;2596.882;2.267;2.979;32.909;1120.312;0.000;0.000;1.000;0.000;0.000;
18.04.2026 12:30:00;0.000;0.000;0.000;1334.549;2.298;2.879;33.428;973.592;0.000;0.000;1.000;0.000;0.000;
18.04.2026 12:45:00;0.000;0.000;0.000;1685.549;2.318;2.793;33.218;1018.384;0.000;0.000;1.000;0.000;0.000;
18.04.2026 13:00:00;0.000;0.000;0.000;1785.480;2.322;2.762;33.354;1026.983;0.000;0.000;1.000;0.000;0.000;
18.04.2026 13:15:00;0.000;0.000;0.000;1877.553;2.319;2.830;32.813;877.406;0.000;0.000;1.000;0.000;0.000;
18.04.2026 13:30:00;0.000;0.000;0.000;1875.054;2.318;2.928;32.614;775.444;0.000;0.000;1.000;0.000;0.000;
18.04.2026 13:45:00;0.000;0.000;0.000;1931.951;2.318;2.967;33.321;1447.802;0.000;0.000;1.000;0.000;0.000;
18.04.2026 14:00:00;0.000;0.000;0.000;1763.374;2.323;2.960;32.673;1447.801;0.000;0.000;1.000;0.000;0.000;
18.04.2026 14:15:00;0.000;0.000;0.000;1683.027;2.325;2.956;32.172;1251.646;0.000;0.000;1.000;0.000;0.000;
18.04.2026 14:30:00;0.000;0.000;0.000;1859.328;2.325;2.962;32.014;900.084;0.000;0.000;1.000;0.000;0.000;
18.04.2026 14:45:00;0.000;0.000;0.000;1939.555;2.323;2.981;31.962;984.081;0.000;0.000;1.000;0.000;0.000;
18.04.2026 15:00:00;0.000;0.000;0.000;2052.940;2.321;3.001;30.787;306.227;0.000;0.000;1.000;0.000;0.000;
18.04.2026 15:15:00;0.000;0.000;0.000;1794.751;2.327;2.986;29.831;1127.452;0.000;0.000;1.000;0.000;0.000;
18.04.2026 15:30:00;0.000;0.000;0.000;1630.312;2.336;2.956;29.766;1175.239;0.000;0.000;1.000;0.000;0.000;
18.04.2026 15:45:00;0.000;0.000;0.000;1545.607;2.343;2.941;29.374;492.117;0.000;0.000;1.000;0.000;0.000;
18.04.2026 16:00:00;0.000;0.000;0.000;1650.825;2.336;2.983;28.325;1033.307;0.000;0.000;1.000;0.000;0.000;
18.04.2026 16:15:00;0.000;0.000;0.000;1154.860;2.350;2.950;28.325;1202.639;0.000;0.000;1.000;0.000;0.000;
18.04.2026 16:30:00;0.000;0.000;0.000;2082.058;2.332;3.015;27.967;309.878;0.000;0.000;1.000;0.000;0.000;
18.04.2026 16:45:00;0.000;0.000;0.000;3018.514;2.286;3.099;26.669;333.092;0.000;0.000;1.000;0.000;0.000;
18.04.2026 17:00:00;0.000;0.000;0.000;2917.729;2.269;3.099;26.386;450.177;0.000;0.000;1.000;0.000;0.000;
18.04.2026 17:15:00;0.000;0.000;0.000;3015.591;2.265;3.091;26.016;224.838;0.000;0.000;1.000;0.000;0.000;
18.04.2026 17:30:00;0.000;0.000;0.000;2876.104;2.263;3.067;25.379;370.765;0.000;0.000;1.000;0.000;0.000;
18.04.2026 17:45:00;0.000;0.000;0.000;2487.207;2.278;3.033;26.029;566.893;0.000;0.000;1.000;0.000;0.000;
18.04.2026 18:00:00;0.000;0.000;0.000;2776.086;2.273;3.047;25.889;329.798;0.000;0.000;1.000;0.000;0.000;
18.04.2026 18:15:00;0.000;0.000;0.000;2822.161;2.275;3.041;25.568;304.348;0.000;0.000;1.000;0.000;0.000;
18.04.2026 18:30:00;0.000;0.000;0.000;2837.378;2.268;3.064;25.203;270.512;0.000;0.000;1.000;0.000;0.000;
18.04.2026 18:45:00;0.000;0.000;0.000;2847.750;2.266;3.068;24.398;275.653;0.000;0.000;1.000;0.000;0.000;
18.04.2026 19:00:00;0.000;0.000;0.000;2859.462;2.262;3.071;23.750;98.886;0.000;0.000;1.000;0.000;0.000;
18.04.2026 19:15:00;0.000;0.000;0.000;2854.060;2.262;3.070;22.814;190.307;0.000;0.000;1.000;0.000;0.000;
18.04.2026 19:30:00;0.000;0.000;0.000;2835.421;2.259;3.066;22.501;86.941;0.000;0.000;1.000;0.000;0.000;
18.04.2026 19:45:00;0.000;0.000;0.000;2875.014;2.257;3.068;21.917;50.989;0.000;0.000;1.000;0.000;0.000;
18.04.2026 20:00:00;0.000;0.000;0.000;2900.774;2.252;3.069;21.317;12.512;0.000;0.000;1.000;0.000;0.000;
18.04.2026 20:15:00;0.000;0.000;0.000;3014.608;2.242;3.074;20.367;4.838;0.000;0.000;1.000;0.000;0.000;
18.04.2026 20:30:00;0.000;0.000;0.000;2998.859;2.235;3.075;20.022;1.030;0.000;0.000;1.000;0.000;0.000;
18.04.2026 20:45:00;0.000;0.000;0.000;3013.766;2.231;3.076;19.662;0.462;0.000;0.000;1.000;0.000;0.000;
18.04.2026 21:00:00;0.000;0.000;0.000;3007.266;2.227;3.074;19.530;0.452;0.000;0.000;1.000;0.000;0.000;
18.04.2026 21:15:00;0.000;0.000;0.000;3014.376;2.223;3.074;19.015;0.458;0.000;0.000;1.000;0.000;0.000;
18.04.2026 21:30:00;0.000;0.000;0.000;2927.349;2.222;3.066;18.919;0.514;0.000;0.000;1.000;0.000;0.000;
18.04.2026 21:45:00;0.000;0.000;0.000;2886.696;2.219;3.066;18.776;0.453;0.000;0.000;1.000;0.000;0.000;
18.04.2026 22:00:00;0.000;0.000;0.000;2886.206;2.220;3.068;18.821;0.450;0.000;0.000;1.000;0.000;0.000;
18.04.2026 22:15:00;0.000;0.000;0.000;3014.677;2.215;3.068;18.512;0.451;0.000;0.000;1.000;0.000;0.000;
18.04.2026 22:30:00;0.000;0.000;0.000;2926.251;2.213;3.066;18.357;0.453;0.000;0.000;1.000;0.000;0.000;
18.04.2026 22:45:00;0.000;0.000;0.000;3013.256;2.210;3.070;18.199;0.450;0.000;0.000;1.000;0.000;0.000;
18.04.2026 23:00:00;0.000;0.000;0.000;2992.073;2.209;3.070;17.973;0.450;0.000;0.000;1.000;0.000;0.000;
18.04.2026 23:15:00;0.000;0.000;0.000;3014.884;2.207;3.068;17.865;0.438;0.000;0.000;1.000;0.000;0.000;
18.04.2026 23:30:00;0.000;0.000;0.000;2924.857;2.205;3.068;17.301;0.450;0.000;0.000;1.000;0.000;0.000;
18.04.2026 23:45:00;0.000;0.000;0.000;2879.942;2.205;3.064;16.781;0.552;0.000;0.000;1.000;0.000;0.000;
19.04.2026 00:00:00;0.000;0.000;0.000;3014.453;2.202;3.074;16.527;0.464;0.000;0.000;1.000;0.000;0.000;
19.04.2026 00:15:00;0.000;0.000;0.000;2829.748;2.208;3.058;16.484;0.551;0.000;0.000;1.000;0.000;0.000;
19.04.2026 00:30:00;0.000;0.000;0.000;3015.321;2.205;3.069;16.377;0.550;0.000;0.000;1.000;0.000;0.000;
19.04.2026 00:45:00;0.000;0.000;0.000;2646.316;2.213;3.055;15.945;0.526;0.000;0.000;1.000;0.000;0.000;
19.04.2026 01:00:00;0.000;0.000;0.000;2631.361;2.224;3.046;15.773;0.450;0.000;0.000;1.000;0.000;0.000;
19.04.2026 01:15:00;0.000;0.000;0.000;2682.239;2.228;3.053;15.608;0.494;0.000;0.000;1.000;0.000;0.000;
19.04.2026 01:30:00;0.000;0.000;0.000;2826.957;2.225;3.054;15.319;0.450;0.000;0.000;1.000;0.000;0.000;
19.04.2026 01:45:00;0.000;0.000;0.000;3015.519;2.212;3.069;15.142;0.453;0.000;0.000;1.000;0.000;0.000;
19.04.2026 02:00:00;0.000;0.000;0.000;2902.656;2.207;3.073;15.318;0.466;0.000;0.000;1.000;0.000;0.000;
19.04.2026 02:15:00;0.000;0.000;0.000;2774.512;2.205;3.067;15.602;0.450;0.000;0.000;1.000;0.000;0.000;
19.04.2026 02:30:00;0.000;0.000;0.000;2634.775;2.211;3.055;15.358;0.468;0.000;0.000;1.000;0.000;0.000;
19.04.2026 02:45:00;0.000;0.000;0.000;2682.524;2.216;3.058;15.297;0.451;0.000;0.000;1.000;0.000;0.000;
19.04.2026 03:00:00;0.000;0.000;0.000;2746.015;2.214;3.056;15.085;0.453;0.000;0.000;1.000;0.000;0.000;
19.04.2026 03:15:00;0.000;0.000;0.000;2801.855;2.211;3.056;15.036;0.479;0.000;0.000;1.000;0.000;0.000;
19.04.2026 03:30:00;0.000;0.000;0.000;2737.184;2.211;3.062;14.976;0.485;0.000;0.000;1.000;0.000;0.000;
19.04.2026 03:45:00;0.000;0.000;0.000;3015.378;2.201;3.070;15.017;0.454;0.000;0.000;1.000;0.000;0.000;
19.04.2026 04:00:00;0.000;0.000;0.000;2585.047;2.204;3.052;14.783;0.451;0.000;0.000;1.000;0.000;0.000;
19.04.2026 04:15:00;0.000;0.000;0.000;2660.440;2.211;3.056;14.664;0.450;0.000;0.000;1.000;0.000;0.000;
19.04.2026 04:30:00;0.000;0.000;0.000;2637.299;2.214;3.051;14.420;0.475;0.000;0.000;1.000;0.000;0.000;
19.04.2026 04:45:00;0.000;0.000;0.000;2752.208;2.212;3.061;14.315;0.449;0.000;0.000;1.000;0.000;0.000;
19.04.2026 05:00:00;0.000;0.000;0.000;2892.256;2.199;3.065;14.198;0.511;0.000;0.000;1.000;0.000;0.000;
19.04.2026 05:15:00;0.000;0.000;0.000;2913.827;2.188;3.066;14.114;0.458;0.000;0.000;1.000;0.000;0.000;
19.04.2026 05:30:00;0.000;0.000;0.000;2738.220;2.183;3.069;14.386;0.567;0.000;0.000;1.000;0.000;0.000;
19.04.2026 05:45:00;0.000;0.000;0.000;2820.914;2.183;3.060;14.396;0.529;0.000;0.000;1.000;0.000;0.000;
19.04.2026 06:00:00;0.000;0.000;0.000;2866.035;2.183;3.060;14.130;0.456;0.000;0.000;1.000;0.000;0.000;
19.04.2026 06:15:00;0.000;0.000;0.000;2743.880;2.182;3.061;14.098;0.731;0.000;0.000;1.000;0.000;0.000;
19.04.2026 06:30:00;0.000;0.000;0.000;2843.171;2.181;3.057;14.172;1.128;0.000;0.000;1.000;0.000;0.000;
19.04.2026 06:45:00;0.000;0.000;0.000;2756.610;2.178;3.054;14.122;2.908;0.000;0.000;1.000;0.000;0.000;
19.04.2026 07:00:00;0.000;0.000;0.000;2643.188;2.190;3.041;13.817;18.675;0.000;0.000;1.000;0.000;0.000;
19.04.2026 07:15:00;0.000;0.000;0.000;2634.865;2.201;3.044;13.900;29.647;0.000;0.000;1.000;0.000;0.000;
19.04.2026 07:30:00;0.000;0.000;0.000;2717.633;2.204;3.046;14.141;53.744;0.000;0.000;1.000;0.000;0.000;
19.04.2026 07:45:00;0.000;0.000;0.000;2893.450;2.198;3.053;14.193;68.624;0.000;0.000;1.000;0.000;0.000;
19.04.2026 08:00:00;0.000;0.000;0.000;2715.007;2.199;3.047;14.422;91.427;0.000;0.000;1.000;0.000;0.000;
19.04.2026 08:15:00;0.000;0.000;0.000;2548.304;2.210;3.040;14.785;133.450;0.000;0.000;1.000;0.000;0.000;
19.04.2026 08:30:00;0.000;0.000;0.000;2713.017;2.208;3.048;15.245;152.785;0.000;0.000;1.000;0.000;0.000;
19.04.2026 08:45:00;0.000;0.000;0.000;2809.884;2.205;3.049;15.357;145.894;0.000;0.000;1.000;0.000;0.000;
19.04.2026 09:00:00;0.000;0.000;0.000;2924.237;2.187;3.064;15.320;143.060;0.000;0.000;1.000;0.000;0.000;
19.04.2026 09:15:00;0.000;0.000;0.000;3015.499;2.166;3.075;15.189;114.634;0.200;0.000;1.000;0.000;0.000;
19.04.2026 09:30:00;0.000;0.000;0.000;3015.287;2.146;3.073;15.097;84.175;0.400;0.000;1.000;0.000;0.000;
19.04.2026 09:45:00;0.000;0.000;0.000;3014.444;2.132;3.070;15.305;101.736;0.400;0.000;1.000;0.000;0.000;
19.04.2026 10:00:00;0.000;0.000;0.000;3015.077;2.136;3.070;15.307;127.293;0.400;0.000;1.000;0.000;0.000;
19.04.2026 10:15:00;0.000;0.000;0.000;3016.016;2.150;3.069;15.323;226.383;0.400;0.000;1.000;0.000;0.000;
19.04.2026 10:30:00;0.000;0.000;0.000;3014.804;2.171;3.058;15.648;330.381;0.400;0.000;1.000;0.000;0.000;
19.04.2026 10:45:00;0.000;0.000;0.000;3014.574;2.192;3.046;16.690;452.543;0.400;0.000;1.000;0.000;0.000;
19.04.2026 11:00:00;0.000;0.000;0.000;3015.266;2.210;3.035;18.198;298.533;0.400;0.000;1.000;0.000;0.000;
19.04.2026 11:15:00;0.000;0.000;0.000;3013.954;2.219;3.026;18.164;261.044;0.400;0.000;1.000;0.000;0.000;
19.04.2026 11:30:00;0.000;0.000;0.000;3013.371;2.220;3.027;20.018;1448.886;0.400;0.000;1.000;0.000;0.000;
19.04.2026 11:45:00;0.000;0.000;0.000;3013.807;2.216;3.026;19.911;412.483;0.400;0.000;1.000;0.000;0.000;
19.04.2026 12:00:00;0.000;0.000;0.000;3014.122;2.211;3.035;21.055;1212.447;0.400;0.000;1.000;0.000;0.000;
19.04.2026 12:15:00;0.000;0.000;0.000;1732.389;2.239;2.976;24.737;561.650;0.400;0.000;1.000;0.000;0.000;
19.04.2026 12:30:00;0.000;0.000;0.000;2308.437;2.265;2.946;25.246;304.605;0.400;0.000;1.000;0.000;0.000;
19.04.2026 12:45:00;0.000;0.000;0.000;1233.118;2.279;2.906;26.106;1267.566;0.400;0.000;1.000;0.000;0.000;
19.04.2026 13:00:00;0.000;0.000;0.000;2082.077;2.289;2.898;28.400;502.320;0.400;0.000;1.000;0.000;0.000;
19.04.2026 13:15:00;0.000;0.000;0.000;2505.132;2.263;3.032;26.483;258.950;0.400;0.000;1.000;0.000;0.000;
19.04.2026 13:30:00;0.000;0.000;0.000;1321.935;2.276;3.012;28.353;949.366;0.400;0.000;1.000;0.000;0.000;
19.04.2026 13:45:00;0.000;0.000;0.000;2083.588;2.282;3.024;27.681;395.409;0.400;0.000;1.000;0.000;0.000;
19.04.2026 14:00:00;0.000;0.000;0.000;2096.102;2.259;3.058;25.024;402.670;0.400;0.000;1.000;0.000;0.000;
19.04.2026 14:15:00;0.000;0.000;0.000;2202.899;2.263;3.057;25.246;364.523;0.400;0.000;1.000;0.000;0.000;
19.04.2026 14:30:00;0.000;0.000;0.000;2281.831;2.248;3.073;23.807;341.055;0.400;0.000;1.000;0.000;0.000;
19.04.2026 14:45:00;0.000;0.000;0.000;2056.505;2.252;3.057;22.858;869.532;0.400;0.000;1.000;0.000;0.000;
19.04.2026 15:00:00;0.000;0.000;0.000;2202.366;2.255;3.057;22.915;427.642;0.400;0.000;1.000;0.000;0.000;
19.04.2026 15:15:00;0.000;0.000;0.000;2460.341;2.252;3.058;22.211;306.281;0.400;0.000;1.000;0.000;0.000;
19.04.2026 15:30:00;0.000;0.000;0.000;2149.427;2.255;3.053;21.662;274.582;0.400;0.000;1.000;0.000;0.000;
19.04.2026 15:45:00;0.000;0.000;0.000;2071.740;2.266;3.046;21.006;135.434;0.400;0.000;1.000;0.000;0.000;
19.04.2026 16:00:00;0.000;0.000;0.000;1395.382;2.260;3.091;20.399;120.627;0.400;1.000;0.000;0.000;0.000;
19.04.2026 16:15:00;0.000;0.000;0.000;1407.087;2.271;3.158;19.780;227.992;0.800;1.000;0.000;0.000;0.000;
19.04.2026 16:30:00;0.000;0.000;0.000;3023.609;2.232;3.109;19.392;370.875;0.800;0.000;1.000;0.000;0.000;
19.04.2026 16:45:00;0.000;0.000;0.000;3021.804;2.201;3.110;19.283;257.598;0.800;0.000;1.000;0.000;0.000;
19.04.2026 17:00:00;0.000;0.000;0.000;3020.488;2.177;3.107;19.314;129.726;0.800;0.000;1.000;0.000;0.000;
19.04.2026 17:15:00;0.000;0.000;0.000;3017.912;2.154;3.103;19.003;180.291;1.000;0.000;1.000;0.000;0.000;
19.04.2026 17:30:00;0.000;0.000;0.000;3017.004;2.135;3.099;18.960;78.523;1.000;0.000;1.000;0.000;0.000;
19.04.2026 17:45:00;0.000;0.000;0.000;3016.721;2.178;3.099;18.606;81.720;1.000;0.000;1.000;0.000;0.000;
19.04.2026 18:00:00;0.000;0.000;0.000;3016.446;2.231;3.099;18.108;63.539;1.000;0.000;1.000;0.000;0.000;
19.04.2026 18:15:00;0.000;0.000;0.000;3015.702;2.254;3.081;17.612;49.503;1.000;0.000;1.000;0.000;0.000;
19.04.2026 18:30:00;0.000;0.000;0.000;3014.859;2.261;3.052;17.344;29.025;1.000;0.000;1.000;0.000;0.000;
19.04.2026 18:45:00;0.000;0.000;0.000;3014.863;2.263;3.056;17.041;30.414;1.000;0.000;1.000;0.000;0.000;
19.04.2026 19:00:00;0.000;0.000;0.000;2966.444;2.265;3.074;16.901;32.171;1.000;0.000;1.000;0.000;0.000;
19.04.2026 19:15:00;0.000;0.000;0.000;2983.607;2.265;3.085;16.732;13.697;1.000;0.000;1.000;0.000;0.000;
19.04.2026 19:30:00;0.000;0.000;0.000;2870.652;2.271;3.084;16.479;11.952;1.000;0.000;1.000;0.000;0.000;
19.04.2026 19:45:00;0.000;0.000;0.000;2967.579;2.271;3.085;16.228;8.567;1.000;0.000;1.000;0.000;0.000;
19.04.2026 20:00:00;0.000;0.000;0.000;2795.553;2.275;3.083;16.397;8.685;1.000;0.000;1.000;0.000;0.000;
19.04.2026 20:15:00;0.000;0.000;0.000;2934.543;2.276;3.085;16.321;3.075;1.000;0.000;1.000;0.000;0.000;
19.04.2026 20:30:00;0.000;0.000;0.000;3015.995;2.269;3.097;15.849;1.075;1.000;0.000;1.000;0.000;0.000;
19.04.2026 20:45:00;0.000;0.000;0.000;3016.402;2.266;3.096;15.609;0.450;1.000;0.000;1.000;0.000;0.000;
19.04.2026 21:00:00;0.000;0.000;0.000;2997.655;2.266;3.091;15.583;0.500;1.000;0.000;1.000;0.000;0.000;
19.04.2026 21:15:00;0.000;0.000;0.000;3014.882;2.264;3.092;15.510;0.466;1.000;0.000;1.000;0.000;0.000;
19.04.2026 21:30:00;0.000;0.000;0.000;3015.314;2.263;3.089;15.148;0.450;1.000;0.000;1.000;0.000;0.000;
19.04.2026 21:45:00;0.000;0.000;0.000;2975.660;2.264;3.091;15.014;0.450;1.000;0.000;1.000;0.000;0.000;
19.04.2026 22:00:00;0.000;0.000;0.000;3015.470;2.264;3.089;14.998;0.451;1.000;0.000;1.000;0.000;0.000;
19.04.2026 22:15:00;0.000;0.000;0.000;3014.660;2.262;3.090;14.976;0.496;1.000;0.000;1.000;0.000;0.000;
19.04.2026 22:30:00;0.000;0.000;0.000;2976.915;2.261;3.090;14.736;0.460;1.000;0.000;1.000;0.000;0.000;
19.04.2026 22:45:00;0.000;0.000;0.000;3016.197;2.263;3.087;14.726;0.585;1.000;0.000;1.000;0.000;0.000;
19.04.2026 23:00:00;0.000;0.000;0.000;2907.325;2.264;3.083;14.747;0.450;1.000;0.000;1.000;0.000;0.000;
19.04.2026 23:15:00;0.000;0.000;0.000;3014.145;2.263;3.090;14.631;0.483;1.000;0.000;1.000;0.000;0.000;
19.04.2026 23:30:00;0.000;0.000;0.000;2867.430;2.267;3.082;14.519;0.450;1.000;0.000;1.000;0.000;0.000;
19.04.2026 23:45:00;0.000;0.000;0.000;2879.303;2.268;3.082;14.307;0.450;1.000;0.000;1.000;0.000;0.000;
20.04.2026 00:00:00;0.000;0.000;0.000;3013.958;2.265;3.086;14.489;0.458;1.000;0.000;1.000;0.000;0.000;
20.04.2026 00:15:00;0.000;0.000;0.000;2708.686;2.274;3.076;14.320;0.451;0.000;0.000;1.000;0.000;0.000;
20.04.2026 00:30:00;0.000;0.000;0.000;2985.417;2.273;3.084;14.200;0.519;0.000;0.000;1.000;0.000;0.000;
20.04.2026 00:45:00;0.000;0.000;0.000;2784.185;2.271;3.080;13.929;0.450;0.000;0.000;1.000;0.000;0.000;
20.04.2026 01:00:00;0.000;0.000;0.000;2578.579;2.280;3.073;13.779;0.452;0.000;0.000;1.000;0.000;0.000;
20.04.2026 01:15:00;0.000;0.000;0.000;2633.247;2.284;3.069;13.539;0.451;0.000;0.000;1.000;0.000;0.000;
20.04.2026 01:30:00;0.000;0.000;0.000;2615.197;2.287;3.073;13.548;0.450;0.000;0.000;1.000;0.000;0.000;
20.04.2026 01:45:00;0.000;0.000;0.000;2865.565;2.282;3.084;13.443;0.462;0.000;0.000;1.000;0.000;0.000;
20.04.2026 02:00:00;0.000;0.000;0.000;2831.225;2.276;3.088;13.317;0.458;0.000;0.000;1.000;0.000;0.000;
20.04.2026 02:15:00;0.000;0.000;0.000;2638.305;2.279;3.081;13.188;0.451;0.000;0.000;1.000;0.000;0.000;
20.04.2026 02:30:00;0.000;0.000;0.000;2680.387;2.282;3.076;13.249;0.450;0.000;0.000;1.000;0.000;0.000;
20.04.2026 02:45:00;0.000;0.000;0.000;2673.472;2.281;3.077;13.039;0.450;0.000;0.000;1.000;0.000;0.000;
20.04.2026 03:00:00;0.000;0.000;0.000;2866.952;2.276;3.084;12.939;0.450;0.000;0.000;1.000;0.000;0.000;
20.04.2026 03:15:00;0.000;0.000;0.000;2852.405;2.274;3.084;12.797;0.424;0.000;0.000;1.000;0.000;0.000;
20.04.2026 03:30:00;0.000;0.000;0.000;2751.075;2.277;3.080;12.580;0.450;0.000;0.000;1.000;0.000;0.000;
20.04.2026 03:45:00;0.000;0.000;0.000;2997.962;2.279;3.078;12.507;0.452;0.000;0.000;1.000;0.000;0.000;
20.04.2026 04:00:00;0.000;0.000;0.000;2752.539;2.275;3.081;12.130;0.450;0.000;0.000;1.000;0.000;0.000;
20.04.2026 04:15:00;0.000;0.000;0.000;2811.663;2.274;3.080;11.865;0.451;0.000;0.000;1.000;0.000;0.000;
20.04.2026 04:30:00;0.000;0.000;0.000;2611.592;2.280;3.069;11.684;0.497;0.000;0.000;1.000;0.000;0.000;
20.04.2026 04:45:00;0.000;0.000;0.000;2752.539;2.280;3.070;11.551;0.454;0.000;0.000;1.000;0.000;0.000;
20.04.2026 05:00:00;0.000;0.000;0.000;2778.460;2.276;3.074;11.297;0.450;0.000;0.000;1.000;0.000;0.000;
20.04.2026 05:15:00;0.000;0.000;0.000;2861.717;2.272;3.080;11.202;0.555;0.000;0.000;1.000;0.000;0.000;
20.04.2026 05:30:00;0.000;0.000;0.000;2886.925;2.271;3.083;11.027;0.450;0.000;0.000;1.000;0.000;0.000;
20.04.2026 05:45:00;0.000;0.000;0.000;2855.547;2.273;3.075;10.919;0.450;0.000;0.000;1.000;0.000;0.000;
20.04.2026 06:00:00;0.000;0.000;0.000;2970.280;2.269;3.077;10.689;0.451;0.000;0.000;1.000;0.000;0.000;
20.04.2026 06:15:00;0.000;0.000;0.000;2910.250;2.267;3.075;10.567;0.566;0.000;0.000;1.000;0.000;0.000;
20.04.2026 06:30:00;0.000;0.000;0.000;2821.831;2.269;3.071;10.525;3.786;0.000;0.000;1.000;0.000;0.000;
20.04.2026 06:45:00;0.000;0.000;0.000;2830.638;2.272;3.064;10.670;8.775;0.000;0.000;1.000;0.000;0.000;
20.04.2026 07:00:00;0.000;0.000;0.000;2774.169;2.276;3.063;10.695;14.738;0.000;0.000;1.000;0.000;0.000;
20.04.2026 07:15:00;0.000;0.000;0.000;2806.025;2.275;3.063;10.740;30.523;0.000;0.000;1.000;0.000;0.000;
20.04.2026 07:30:00;0.000;0.000;0.000;2899.153;2.273;3.069;11.054;50.514;0.000;0.000;1.000;0.000;0.000;
20.04.2026 07:45:00;0.000;0.000;0.000;2906.979;2.268;3.074;11.295;65.979;0.000;0.000;1.000;0.000;0.000;
20.04.2026 08:00:00;0.000;0.000;0.000;2744.550;2.277;3.062;11.341;103.044;0.000;0.000;1.000;0.000;0.000;
20.04.2026 08:15:00;0.000;0.000;0.000;2496.519;2.284;3.053;11.639;139.136;0.000;0.000;1.000;0.000;0.000;
20.04.2026 08:30:00;0.000;0.000;0.000;2802.810;2.281;3.060;12.070;165.227;0.000;0.000;1.000;0.000;0.000;
20.04.2026 08:45:00;0.000;0.000;0.000;2629.385;2.284;3.058;12.491;176.954;0.000;0.000;1.000;0.000;0.000;
20.04.2026 09:00:00;0.000;0.000;0.000;2671.732;2.282;3.069;12.670;169.325;0.000;0.000;1.000;0.000;0.000;
20.04.2026 09:15:00;0.000;0.000;0.000;2423.815;2.291;3.050;15.099;716.962;0.000;0.000;1.000;0.000;0.000;
20.04.2026 09:30:00;0.000;0.000;0.000;2473.582;2.293;3.053;19.045;792.399;0.000;0.000;1.000;0.000;0.000;
20.04.2026 09:45:00;0.000;0.000;0.000;2527.386;2.295;3.051;21.698;799.141;0.000;0.000;1.000;0.000;0.000;
20.04.2026 10:00:00;0.000;0.000;0.000;2567.901;2.290;3.064;22.966;814.497;0.000;0.000;1.000;0.000;0.000;
20.04.2026 10:15:00;0.000;0.000;0.000;2638.655;2.286;3.071;24.103;808.067;0.000;0.000;1.000;0.000;0.000;
20.04.2026 10:30:00;0.000;0.000;0.000;2497.909;2.289;3.064;24.373;863.624;0.000;0.000;1.000;0.000;0.000;
20.04.2026 10:45:00;0.000;0.000;0.000;2448.435;2.291;3.060;25.561;833.827;0.000;0.000;1.000;0.000;0.000;
20.04.2026 11:00:00;0.000;0.000;0.000;2582.610;2.287;3.065;27.196;871.042;0.000;0.000;1.000;0.000;0.000;
20.04.2026 11:15:00;0.000;0.000;0.000;2727.679;2.284;3.068;28.068;960.974;0.000;0.000;1.000;0.000;0.000;
20.04.2026 11:30:00;0.000;0.000;0.000;2687.683;2.284;3.068;27.488;1115.344;0.000;0.000;1.000;0.000;0.000;
20.04.2026 11:45:00;0.000;0.000;0.000;2781.199;2.281;3.070;27.755;1232.587;0.000;0.000;1.000;0.000;0.000;
20.04.2026 12:00:00;0.000;0.000;0.000;2788.142;2.270;3.079;27.517;1241.244;0.000;0.000;1.000;0.000;0.000;
20.04.2026 12:15:00;0.000;0.000;0.000;2866.425;2.267;3.077;27.385;1255.941;0.000;0.000;1.000;0.000;0.000;
20.04.2026 12:30:00;0.000;0.000;0.000;2957.599;2.264;3.074;28.298;1141.928;0.000;0.000;1.000;0.000;0.000;
20.04.2026 12:45:00;0.000;0.000;0.000;2884.426;2.266;3.063;28.105;1147.027;0.000;0.000;1.000;0.000;0.000;
20.04.2026 13:00:00;0.000;0.000;0.000;2990.462;2.265;3.063;28.124;1079.653;0.000;0.000;1.000;0.000;0.000;
20.04.2026 13:15:00;0.000;0.000;0.000;2831.725;2.269;3.057;27.334;974.899;0.000;0.000;1.000;0.000;0.000;
20.04.2026 13:30:00;0.000;0.000;0.000;3013.802;2.264;3.065;28.022;882.474;0.000;0.000;1.000;0.000;0.000;
20.04.2026 13:45:00;0.000;0.000;0.000;3006.742;2.263;3.063;28.405;1448.886;0.000;0.000;1.000;0.000;0.000;
20.04.2026 14:00:00;0.000;0.000;0.000;2894.504;2.263;3.063;27.514;1448.795;0.000;0.000;1.000;0.000;0.000;
20.04.2026 14:15:00;0.000;0.000;0.000;2963.118;2.265;3.066;28.305;1383.805;0.000;0.000;1.000;0.000;0.000;
20.04.2026 14:30:00;0.000;0.000;0.000;2823.888;2.263;3.064;27.931;1262.437;0.000;0.000;1.000;0.000;0.000;
20.04.2026 14:45:00;0.000;0.000;0.000;2942.958;2.265;3.065;27.293;1077.745;0.000;0.000;1.000;0.000;0.000;
20.04.2026 15:00:00;0.000;0.000;0.000;3004.635;2.264;3.066;27.148;1307.055;0.000;0.000;1.000;0.000;0.000;
20.04.2026 15:15:00;0.000;0.000;0.000;3014.836;2.263;3.067;26.191;981.868;0.000;0.000;1.000;0.000;0.000;
20.04.2026 15:30:00;0.000;0.000;0.000;3015.157;2.262;3.070;25.027;441.441;0.000;0.000;1.000;0.000;0.000;
20.04.2026 15:45:00;0.000;0.000;0.000;2996.923;2.269;3.062;24.993;650.007;0.000;0.000;1.000;0.000;0.000;
20.04.2026 16:00:00;0.000;0.000;0.000;2916.183;2.269;3.062;23.962;673.712;0.000;0.000;1.000;0.000;0.000;
20.04.2026 16:15:00;0.000;0.000;0.000;3015.138;2.265;3.069;23.074;302.376;0.000;0.000;1.000;0.000;0.000;
20.04.2026 16:30:00;0.000;0.000;0.000;3010.025;2.264;3.075;22.477;499.301;0.000;0.000;1.000;0.000;0.000;
20.04.2026 16:45:00;0.000;0.000;0.000;2890.679;2.268;3.069;22.112;317.315;0.000;0.000;1.000;0.000;0.000;
20.04.2026 17:00:00;0.000;0.000;0.000;3015.953;2.265;3.073;21.605;221.609;0.000;0.000;1.000;0.000;0.000;
20.04.2026 17:15:00;0.000;0.000;0.000;3015.404;2.265;3.072;21.100;242.039;0.000;0.000;1.000;0.000;0.000;
20.04.2026 17:30:00;0.000;0.000;0.000;3015.468;2.264;3.074;20.845;242.309;0.000;0.000;1.000;0.000;0.000;
20.04.2026 17:45:00;0.000;0.000;0.000;3015.521;2.263;3.074;20.501;211.983;0.000;0.000;1.000;0.000;0.000;
20.04.2026 18:00:00;0.000;0.000;0.000;2951.425;2.268;3.071;20.376;189.782;0.000;0.000;1.000;0.000;0.000;
20.04.2026 18:15:00;0.000;0.000;0.000;2941.484;2.271;3.068;19.881;167.613;0.000;0.000;1.000;0.000;0.000;
20.04.2026 18:30:00;0.000;0.000;0.000;2855.602;2.274;3.066;19.472;168.561;0.000;0.000;1.000;0.000;0.000;
20.04.2026 18:45:00;0.000;0.000;0.000;2905.083;2.275;3.070;19.451;142.715;0.000;0.000;1.000;0.000;0.000;
20.04.2026 19:00:00;0.000;0.000;0.000;2929.193;2.269;3.078;18.994;132.078;0.000;0.000;1.000;0.000;0.000;
20.04.2026 19:15:00;0.000;0.000;0.000;2905.446;2.274;3.074;18.696;69.750;0.000;0.000;1.000;0.000;0.000;
20.04.2026 19:30:00;0.000;0.000;0.000;2811.353;2.277;3.072;18.197;49.614;0.000;0.000;1.000;0.000;0.000;
20.04.2026 19:45:00;0.000;0.000;0.000;2845.497;2.278;3.074;17.613;39.715;0.000;0.000;1.000;0.000;0.000;
20.04.2026 20:00:00;0.000;0.000;0.000;2721.384;2.282;3.069;17.304;28.462;0.000;0.000;1.000;0.000;0.000;
20.04.2026 20:15:00;0.000;0.000;0.000;2844.389;2.278;3.076;17.003;6.063;0.000;0.000;1.000;0.000;0.000;
20.04.2026 20:30:00;0.000;0.000;0.000;2874.961;2.277;3.077;16.505;1.058;0.000;0.000;1.000;0.000;0.000;
20.04.2026 20:45:00;0.000;0.000;0.000;2851.087;2.274;3.081;15.997;0.451;0.000;0.000;1.000;0.000;0.000;
20.04.2026 21:00:00;0.000;0.000;0.000;2958.965;2.270;3.083;15.682;0.476;0.000;0.000;1.000;0.000;0.000;
20.04.2026 21:15:00;0.000;0.000;0.000;2915.267;2.271;3.082;15.440;0.453;0.000;0.000;1.000;0.000;0.000;
20.04.2026 21:30:00;0.000;0.000;0.000;2918.844;2.268;3.078;14.984;0.508;0.000;0.000;1.000;0.000;0.000;
20.04.2026 21:45:00;0.000;0.000;0.000;2862.788;2.270;3.071;15.077;0.475;0.000;0.000;1.000;0.000;0.000;
20.04.2026 22:00:00;0.000;0.000;0.000;2860.352;2.271;3.070;14.936;0.479;0.000;0.000;1.000;0.000;0.000;
20.04.2026 22:15:00;0.000;0.000;0.000;2870.936;2.271;3.069;14.628;0.514;0.000;0.000;1.000;0.000;0.000;
20.04.2026 22:30:00;0.000;0.000;0.000;2883.932;2.270;3.072;14.417;0.439;0.000;0.000;1.000;0.000;0.000;
20.04.2026 22:45:00;0.000;0.000;0.000;3014.627;2.267;3.074;14.199;0.479;0.000;0.000;1.000;0.000;0.000;
20.04.2026 23:00:00;0.000;0.000;0.000;2917.678;2.266;3.072;14.160;0.450;0.000;0.000;1.000;0.000;0.000;
20.04.2026 23:15:00;0.000;0.000;0.000;2884.623;2.268;3.069;14.177;0.456;0.000;0.000;1.000;0.000;0.000;
20.04.2026 23:30:00;0.000;0.000;0.000;2858.095;2.271;3.065;13.952;0.532;0.000;0.000;1.000;0.000;0.000;
20.04.2026 23:45:00;0.000;0.000;0.000;2841.707;2.273;3.063;13.878;0.493;0.000;0.000;1.000;0.000;0.000;
21.04.2026 00:00:00;0.000;0.000;0.000;2974.305;2.270;3.070;13.961;0.451;0.000;0.000;1.000;0.000;0.000;
21.04.2026 00:15:00;0.000;0.000;0.000;2878.256;2.269;3.069;13.814;0.450;0.000;0.000;1.000;0.000;0.000;
21.04.2026 00:30:00;0.000;0.000;0.000;3015.353;2.269;3.076;13.574;0.602;0.000;0.000;1.000;0.000;0.000;
21.04.2026 00:45:00;0.000;0.000;0.000;2844.766;2.270;3.069;13.457;0.451;0.000;0.000;1.000;0.000;0.000;
21.04.2026 01:00:00;0.000;0.000;0.000;2792.354;2.272;3.066;13.340;0.460;0.000;0.000;1.000;0.000;0.000;
21.04.2026 01:15:00;0.000;0.000;0.000;2668.617;2.274;3.060;13.120;0.573;0.000;0.000;1.000;0.000;0.000;
21.04.2026 01:30:00;0.000;0.000;0.000;2781.251;2.279;3.057;12.989;0.503;0.000;0.000;1.000;0.000;0.000;
21.04.2026 01:45:00;0.000;0.000;0.000;3017.035;2.274;3.068;12.690;0.452;0.000;0.000;1.000;0.000;0.000;
21.04.2026 02:00:00;0.000;0.000;0.000;2959.220;2.266;3.074;12.388;0.451;0.000;0.000;1.000;0.000;0.000;
21.04.2026 02:15:00;0.000;0.000;0.000;2780.582;2.269;3.074;12.127;0.508;0.000;0.000;1.000;0.000;0.000;
21.04.2026 02:30:00;0.000;0.000;0.000;2756.466;2.274;3.064;11.835;0.509;0.000;0.000;1.000;0.000;0.000;
21.04.2026 02:45:00;0.000;0.000;0.000;2757.241;2.274;3.059;11.780;0.508;0.000;0.000;1.000;0.000;0.000;
21.04.2026 03:00:00;0.000;0.000;0.000;2932.358;2.270;3.065;11.548;0.508;0.000;0.000;1.000;0.000;0.000;
21.04.2026 03:15:00;0.000;0.000;0.000;2954.195;2.266;3.071;11.314;0.463;0.000;0.000;1.000;0.000;0.000;
21.04.2026 03:30:00;0.000;0.000;0.000;2937.114;2.264;3.069;11.343;0.502;0.000;0.000;1.000;0.000;0.000;
21.04.2026 03:45:00;0.000;0.000;0.000;3014.995;2.268;3.066;11.268;0.460;0.000;0.000;1.000;0.000;0.000;
21.04.2026 04:00:00;0.000;0.000;0.000;2932.196;2.264;3.066;11.237;0.499;0.000;0.000;1.000;0.000;0.000;
21.04.2026 04:15:00;0.000;0.000;0.000;2920.888;2.263;3.063;10.937;0.466;0.000;0.000;1.000;0.000;0.000;
21.04.2026 04:30:00;0.000;0.000;0.000;2754.291;2.270;3.055;10.749;0.563;0.000;0.000;1.000;0.000;0.000;
21.04.2026 04:45:00;0.000;0.000;0.000;2886.296;2.274;3.053;10.495;0.466;0.000;0.000;1.000;0.000;0.000;
21.04.2026 05:00:00;0.000;0.000;0.000;2893.898;2.269;3.058;10.371;0.452;0.000;0.000;1.000;0.000;0.000;
21.04.2026 05:15:00;0.000;0.000;0.000;2886.233;2.268;3.062;10.373;0.454;0.000;0.000;1.000;0.000;0.000;
21.04.2026 05:30:00;0.000;0.000;0.000;3014.356;2.264;3.067;10.163;0.450;0.000;0.000;1.000;0.000;0.000;
21.04.2026 05:45:00;0.000;0.000;0.000;3012.404;2.267;3.062;9.918;0.475;0.000;0.000;1.000;0.000;0.000;
21.04.2026 06:00:00;0.000;0.000;0.000;2996.504;2.264;3.062;9.785;0.477;0.000;0.000;1.000;0.000;0.000;
21.04.2026 06:15:00;0.000;0.000;0.000;2961.071;2.263;3.062;9.734;1.072;0.000;0.000;1.000;0.000;0.000;
21.04.2026 06:30:00;0.000;0.000;0.000;2927.816;2.266;3.057;9.622;3.823;0.000;0.000;1.000;0.000;0.000;
21.04.2026 06:45:00;0.000;0.000;0.000;3014.949;2.264;3.060;9.783;7.528;0.000;0.000;1.000;0.000;0.000;
21.04.2026 07:00:00;0.000;0.000;0.000;2887.691;2.265;3.059;9.752;18.675;0.000;0.000;1.000;0.000;0.000;
21.04.2026 07:15:00;0.000;0.000;0.000;2956.956;2.266;3.057;9.907;32.405;0.000;0.000;1.000;0.000;0.000;
21.04.2026 07:30:00;0.000;0.000;0.000;2904.123;2.267;3.055;10.065;51.166;0.000;0.000;1.000;0.000;0.000;
21.04.2026 07:45:00;0.000;0.000;0.000;3014.327;2.265;3.059;10.395;76.405;0.000;0.000;1.000;0.000;0.000;
21.04.2026 08:00:00;0.000;0.000;0.000;2861.220;2.267;3.055;10.581;92.661;0.000;0.000;1.000;0.000;0.000;
21.04.2026 08:15:00;0.000;0.000;0.000;2735.228;2.274;3.053;11.040;114.505;0.000;0.000;1.000;0.000;0.000;
21.04.2026 08:30:00;0.000;0.000;0.000;3015.461;2.267;3.060;11.262;130.292;0.000;0.000;1.000;0.000;0.000;
21.04.2026 08:45:00;0.000;0.000;0.000;2959.251;2.265;3.058;11.509;166.138;0.000;0.000;1.000;0.000;0.000;
21.04.2026 09:00:00;0.000;0.000;0.000;3015.233;2.261;3.063;11.894;211.649;0.000;0.000;1.000;0.000;0.000;
21.04.2026 09:15:00;0.000;0.000;0.000;2710.605;2.277;3.039;14.226;469.179;0.000;0.000;1.000;0.000;0.000;
21.04.2026 09:30:00;0.000;0.000;0.000;2661.995;2.284;3.029;17.983;826.874;0.000;0.000;1.000;0.000;0.000;
21.04.2026 09:45:00;0.000;0.000;0.000;2496.506;2.293;3.010;19.976;817.537;0.000;0.000;1.000;0.000;0.000;
21.04.2026 10:00:00;0.000;0.000;0.000;2596.900;2.288;3.038;22.487;874.230;0.000;0.000;1.000;0.000;0.000;
21.04.2026 10:15:00;0.000;0.000;0.000;2439.342;2.291;3.044;23.317;890.214;0.000;0.000;1.000;0.000;0.000;
21.04.2026 10:30:00;0.000;0.000;0.000;2659.432;2.289;3.055;22.464;691.752;0.000;0.000;1.000;0.000;0.000;
21.04.2026 10:45:00;0.000;0.000;0.000;3019.078;2.273;3.074;21.212;262.059;0.000;0.000;1.000;0.000;0.000;
21.04.2026 11:00:00;0.000;0.000;0.000;3018.599;2.264;3.078;19.065;384.981;0.000;0.000;1.000;0.000;0.000;
21.04.2026 11:15:00;0.000;0.000;0.000;2998.900;2.262;3.074;21.039;1241.531;0.000;0.000;1.000;0.000;0.000;
21.04.2026 11:30:00;0.000;0.000;0.000;3016.206;2.260;3.064;21.639;565.302;0.000;0.000;1.000;0.000;0.000;
21.04.2026 11:45:00;0.000;0.000;0.000;3015.823;2.259;3.058;21.088;931.223;0.000;0.000;1.000;0.000;0.000;
21.04.2026 12:00:00;0.000;0.000;0.000;3017.472;2.259;3.056;21.744;374.317;0.000;0.000;1.000;0.000;0.000;
21.04.2026 12:15:00;0.000;0.000;0.000;3018.655;2.258;3.053;20.215;366.098;0.000;0.000;1.000;0.000;0.000;
21.04.2026 12:30:00;0.000;0.000;0.000;3018.172;2.259;3.057;20.572;394.845;0.000;0.000;1.000;0.000;0.000;
21.04.2026 12:45:00;0.000;0.000;0.000;2993.837;2.258;3.051;22.000;1148.890;0.000;0.000;1.000;0.000;0.000;
21.04.2026 13:00:00;0.000;0.000;0.000;2873.377;2.261;3.049;24.409;1138.949;0.000;0.000;1.000;0.000;0.000;
21.04.2026 13:15:00;0.000;0.000;0.000;3006.321;2.261;3.047;24.991;734.380;0.000;0.000;1.000;0.000;0.000;
21.04.2026 13:30:00;0.000;0.000;0.000;3015.674;2.261;3.050;25.249;300.479;0.000;0.000;1.000;0.000;0.000;
21.04.2026 13:45:00;0.000;0.000;0.000;3016.893;2.260;3.051;25.476;1448.820;0.000;0.000;1.000;0.000;0.000;
21.04.2026 14:00:00;0.000;0.000;0.000;3017.138;2.259;3.053;25.573;572.504;0.000;0.000;1.000;0.000;0.000;
21.04.2026 14:15:00;0.000;0.000;0.000;3004.500;2.259;3.051;24.722;1351.850;0.000;0.000;1.000;0.000;0.000;
21.04.2026 14:30:00;0.000;0.000;0.000;2945.602;2.261;3.048;24.950;399.991;0.000;0.000;1.000;0.000;0.000;
21.04.2026 14:45:00;0.000;0.000;0.000;2864.022;2.262;3.045;23.968;1218.224;0.000;0.000;1.000;0.000;0.000;
21.04.2026 15:00:00;0.000;0.000;0.000;2938.540;2.266;3.042;24.699;1148.786;0.000;0.000;1.000;0.000;0.000;
21.04.2026 15:15:00;0.000;0.000;0.000;2654.837;2.266;3.044;24.700;1448.841;0.000;0.000;1.000;0.000;0.000;
21.04.2026 15:30:00;0.000;0.000;0.000;2585.443;2.273;3.034;23.884;1151.625;0.000;0.000;1.000;0.000;0.000;
21.04.2026 15:45:00;0.000;0.000;0.000;2499.043;2.285;3.013;23.419;1035.413;0.000;0.000;1.000;0.000;0.000;
21.04.2026 16:00:00;0.000;0.000;0.000;2597.860;2.292;3.006;23.367;1143.336;0.000;0.000;1.000;0.000;0.000;
21.04.2026 16:15:00;0.000;0.000;0.000;2779.964;2.283;3.038;22.786;1307.840;0.000;0.000;1.000;0.000;0.000;
21.04.2026 16:30:00;0.000;0.000;0.000;3013.708;2.279;3.057;22.301;1235.368;0.000;0.000;1.000;0.000;0.000;
21.04.2026 16:45:00;0.000;0.000;0.000;2913.241;2.270;3.069;21.896;950.336;0.000;0.000;1.000;0.000;0.000;
21.04.2026 17:00:00;0.000;0.000;0.000;3018.337;2.269;3.065;20.795;155.164;0.000;0.000;1.000;0.000;0.000;
21.04.2026 17:15:00;0.000;0.000;0.000;3017.391;2.263;3.062;19.318;176.988;0.000;0.000;1.000;0.000;0.000;
21.04.2026 17:30:00;0.000;0.000;0.000;3017.394;2.261;3.059;18.857;236.189;0.000;0.000;1.000;0.000;0.000;
21.04.2026 17:45:00;0.000;0.000;0.000;3018.489;2.259;3.057;19.012;197.146;0.000;0.000;1.000;0.000;0.000;
21.04.2026 18:00:00;0.000;0.000;0.000;3017.643;2.261;3.054;18.794;113.760;0.000;0.000;1.000;0.000;0.000;
21.04.2026 18:15:00;0.000;0.000;0.000;3017.312;2.259;3.051;18.374;308.997;0.000;0.000;1.000;0.000;0.000;
21.04.2026 18:30:00;0.000;0.000;0.000;2975.725;2.262;3.046;18.019;171.315;0.000;0.000;1.000;0.000;0.000;
21.04.2026 18:45:00;0.000;0.000;0.000;3017.019;2.261;3.052;17.879;149.520;0.000;0.000;1.000;0.000;0.000;
21.04.2026 19:00:00;0.000;0.000;0.000;3016.477;2.260;3.050;17.577;102.228;0.000;0.000;1.000;0.000;0.000;
21.04.2026 19:15:00;0.000;0.000;0.000;3017.324;2.260;3.054;17.302;69.762;0.000;0.000;1.000;0.000;0.000;
21.04.2026 19:30:00;0.000;0.000;0.000;3017.423;2.260;3.052;16.863;56.025;0.000;0.000;1.000;0.000;0.000;
21.04.2026 19:45:00;0.000;0.000;0.000;2975.672;2.261;3.050;16.689;53.535;0.000;0.000;1.000;0.000;0.000;
21.04.2026 20:00:00;0.000;0.000;0.000;2996.259;2.263;3.050;16.206;24.075;0.000;0.000;1.000;0.000;0.000;
21.04.2026 20:15:00;0.000;0.000;0.000;3016.931;2.261;3.051;15.823;6.913;0.000;0.000;1.000;0.000;0.000;
21.04.2026 20:30:00;0.000;0.000;0.000;3017.445;2.260;3.051;15.192;1.701;0.000;0.000;1.000;0.000;0.000;
21.04.2026 20:45:00;0.000;0.000;0.000;3018.221;2.259;3.052;14.779;0.450;0.000;0.000;1.000;0.000;0.000;
21.04.2026 21:00:00;0.000;0.000;0.000;3018.432;2.259;3.052;14.458;0.452;0.000;0.000;1.000;0.000;0.000;
21.04.2026 21:15:00;0.000;0.000;0.000;3017.565;2.260;3.051;14.097;0.452;0.000;0.000;1.000;0.000;0.000;
21.04.2026 21:30:00;0.000;0.000;0.000;3018.784;2.260;3.049;13.789;0.451;0.000;0.000;1.000;0.000;0.000;
21.04.2026 21:45:00;0.000;0.000;0.000;3009.019;2.260;3.048;13.320;0.484;0.000;0.000;1.000;0.000;0.000;
21.04.2026 22:00:00;0.000;0.000;0.000;3017.343;2.259;3.051;13.183;0.450;0.000;0.000;1.000;0.000;0.000;
21.04.2026 22:15:00;0.000;0.000;0.000;3017.209;2.258;3.053;13.035;0.450;0.000;0.000;1.000;0.000;0.000;
21.04.2026 22:30:00;0.000;0.000;0.000;3018.166;2.258;3.050;12.668;0.450;0.000;0.000;1.000;0.000;0.000;
21.04.2026 22:45:00;0.000;0.000;0.000;3016.856;2.258;3.049;12.448;0.460;0.000;0.000;1.000;0.000;0.000;
21.04.2026 23:00:00;0.000;0.000;0.000;3017.086;2.258;3.048;12.106;0.477;0.000;0.000;1.000;0.000;0.000;
21.04.2026 23:15:00;0.000;0.000;0.000;3017.627;2.258;3.046;11.899;0.457;0.000;0.000;1.000;0.000;0.000;
21.04.2026 23:30:00;0.000;0.000;0.000;3017.987;2.259;3.048;11.889;0.451;0.000;0.000;1.000;0.000;0.000;
21.04.2026 23:45:00;0.000;0.000;0.000;3018.344;2.258;3.047;11.607;0.450;0.000;0.000;1.000;0.000;0.000;
22.04.2026 00:00:00;0.000;0.000;0.000;3018.263;2.258;3.046;11.544;0.450;0.000;0.000;1.000;0.000;0.000;
22.04.2026 00:15:00;0.000;0.000;0.000;2933.828;2.263;3.039;11.306;0.442;0.000;0.000;1.000;0.000;0.000;
22.04.2026 00:30:00;0.000;0.000;0.000;3017.429;2.263;3.043;11.189;0.464;0.000;0.000;1.000;0.000;0.000;
22.04.2026 00:45:00;0.000;0.000;0.000;3016.736;2.260;3.046;10.815;0.461;0.000;0.000;1.000;0.000;0.000;
22.04.2026 01:00:00;0.000;0.000;0.000;2973.635;2.259;3.047;10.790;0.510;0.000;0.000;1.000;0.000;0.000;
22.04.2026 01:15:00;0.000;0.000;0.000;2863.090;2.262;3.042;10.517;0.491;0.000;0.000;1.000;0.000;0.000;
22.04.2026 01:30:00;0.000;0.000;0.000;2859.472;2.266;3.035;10.499;0.547;0.000;0.000;1.000;0.000;0.000;
22.04.2026 01:45:00;0.000;0.000;0.000;3017.228;2.265;3.039;10.350;0.454;0.000;0.000;1.000;0.000;0.000;
22.04.2026 02:00:00;0.000;0.000;0.000;3017.294;2.260;3.046;9.903;0.497;0.000;0.000;1.000;0.000;0.000;
22.04.2026 02:15:00;0.000;0.000;0.000;2932.291;2.260;3.047;9.785;0.480;0.000;0.000;1.000;0.000;0.000;
22.04.2026 02:30:00;0.000;0.000;0.000;2875.876;2.262;3.044;9.600;0.474;0.000;0.000;1.000;0.000;0.000;
22.04.2026 02:45:00;0.000;0.000;0.000;2837.076;2.266;3.031;9.498;0.455;0.000;0.000;1.000;0.000;0.000;
22.04.2026 03:00:00;0.000;0.000;0.000;3001.408;2.265;3.033;9.342;0.450;0.000;0.000;1.000;0.000;0.000;
22.04.2026 03:15:00;0.000;0.000;0.000;2944.179;2.262;3.039;9.380;0.505;0.000;0.000;1.000;0.000;0.000;
22.04.2026 03:30:00;0.000;0.000;0.000;2876.126;2.265;3.038;9.148;0.527;0.000;0.000;1.000;0.000;0.000;
22.04.2026 03:45:00;0.000;0.000;0.000;3016.430;2.266;3.037;9.204;0.450;0.000;0.000;1.000;0.000;0.000;
22.04.2026 04:00:00;0.000;0.000;0.000;2942.464;2.261;3.044;8.998;0.460;0.000;0.000;1.000;0.000;0.000;
22.04.2026 04:15:00;0.000;0.000;0.000;2973.043;2.261;3.044;8.887;0.450;0.000;0.000;1.000;0.000;0.000;
22.04.2026 04:30:00;0.000;0.000;0.000;2731.170;2.268;3.027;8.822;0.464;0.000;0.000;1.000;0.000;0.000;
22.04.2026 04:45:00;0.000;0.000;0.000;2794.774;2.272;3.023;8.700;0.456;0.000;0.000;1.000;0.000;0.000;
22.04.2026 05:00:00;0.000;0.000;0.000;3000.030;2.268;3.031;8.484;0.455;0.000;0.000;1.000;0.000;0.000;
22.04.2026 05:15:00;0.000;0.000;0.000;3016.052;2.261;3.044;8.397;0.464;0.000;0.000;1.000;0.000;0.000;
22.04.2026 05:30:00;0.000;0.000;0.000;2964.507;2.259;3.046;8.292;0.520;0.000;0.000;1.000;0.000;0.000;
22.04.2026 05:45:00;0.000;0.000;0.000;2975.035;2.262;3.040;8.111;0.583;0.000;0.000;1.000;0.000;0.000;
22.04.2026 06:00:00;0.000;0.000;0.000;3016.153;2.259;3.039;8.081;0.467;0.000;0.000;1.000;0.000;0.000;
22.04.2026 06:15:00;0.000;0.000;0.000;3016.429;2.257;3.037;8.039;1.041;0.000;0.000;1.000;0.000;0.000;
22.04.2026 06:30:00;0.000;0.000;0.000;3016.423;2.257;3.038;7.873;4.838;0.000;0.000;1.000;0.000;0.000;
22.04.2026 06:45:00;0.000;0.000;0.000;3016.905;2.257;3.035;8.001;10.402;0.000;0.000;1.000;0.000;0.000;
22.04.2026 07:00:00;0.000;0.000;0.000;3016.327;2.257;3.033;7.859;16.987;0.000;0.000;1.000;0.000;0.000;
22.04.2026 07:15:00;0.000;0.000;0.000;3016.784;2.257;3.031;7.790;23.600;0.000;0.000;1.000;0.000;0.000;
22.04.2026 07:30:00;0.000;0.000;0.000;3016.410;2.256;3.030;7.872;28.751;0.000;0.000;1.000;0.000;0.000;
22.04.2026 07:45:00;0.000;0.000;0.000;3015.918;2.257;3.027;7.828;33.017;0.000;0.000;1.000;0.000;0.000;
22.04.2026 08:00:00;0.000;0.000;0.000;2964.433;2.259;3.022;7.812;38.090;0.000;0.000;1.000;0.000;0.000;
22.04.2026 08:15:00;0.000;0.000;0.000;2943.865;2.260;3.020;7.992;41.973;0.000;0.000;1.000;0.000;0.000;
22.04.2026 08:30:00;0.000;0.000;0.000;3007.254;2.259;3.023;8.094;46.186;0.000;0.000;1.000;0.000;0.000;
22.04.2026 08:45:00;0.000;0.000;0.000;2832.345;2.265;3.011;8.243;50.708;0.000;0.000;1.000;0.000;0.000;
22.04.2026 09:00:00;0.000;0.000;0.000;2735.662;2.269;3.004;8.608;57.194;0.000;0.000;1.000;0.000;0.000;
22.04.2026 09:15:00;0.000;0.000;0.000;2593.702;2.281;2.976;11.984;667.520;0.000;0.000;1.000;0.000;0.000;
22.04.2026 09:30:00;0.000;0.000;0.000;2775.442;2.280;2.990;15.822;739.957;0.000;0.000;1.000;0.000;0.000;
22.04.2026 09:45:00;0.000;0.000;0.000;2596.298;2.279;2.999;18.200;797.657;0.000;0.000;1.000;0.000;0.000;
22.04.2026 10:00:00;0.000;0.000;0.000;2701.109;2.280;3.013;19.613;828.873;0.000;0.000;1.000;0.000;0.000;
22.04.2026 10:15:00;0.000;0.000;0.000;2674.753;2.279;3.026;20.823;814.921;0.000;0.000;1.000;0.000;0.000;
22.04.2026 10:30:00;0.000;0.000;0.000;2608.459;2.284;3.010;23.384;854.656;0.000;0.000;1.000;0.000;0.000;
22.04.2026 10:45:00;0.000;0.000;0.000;2647.476;2.283;3.012;24.784;778.687;0.000;0.000;1.000;0.000;0.000;
22.04.2026 11:00:00;0.000;0.000;0.000;2696.794;2.281;3.016;25.507;887.287;0.000;0.000;1.000;0.000;0.000;
22.04.2026 11:15:00;0.000;0.000;0.000;2851.401;2.274;3.032;26.649;1213.086;0.000;0.000;1.000;0.000;0.000;
22.04.2026 11:30:00;0.000;0.000;0.000;2986.122;2.270;3.041;27.159;1448.889;0.000;0.000;1.000;0.000;0.000;
22.04.2026 11:45:00;0.000;0.000;0.000;2771.051;2.272;3.029;27.185;1448.886;0.000;0.000;1.000;0.000;0.000;
22.04.2026 12:00:00;0.000;0.000;0.000;2815.713;2.269;3.029;26.169;1313.087;0.000;0.000;1.000;0.000;0.000;
22.04.2026 12:15:00;0.000;0.000;0.000;2739.665;2.270;3.015;26.739;1073.287;0.000;0.000;1.000;0.000;0.000;
22.04.2026 12:30:00;0.000;0.000;0.000;2650.912;2.277;2.997;27.756;941.097;0.000;0.000;1.000;0.000;0.000;
22.04.2026 12:45:00;0.000;0.000;0.000;2555.239;2.283;2.983;27.398;892.641;0.000;0.000;1.000;0.000;0.000;
22.04.2026 13:00:00;0.000;0.000;0.000;2684.476;2.287;2.976;27.847;933.989;0.000;0.000;1.000;0.000;0.000;
22.04.2026 13:15:00;0.000;0.000;0.000;2717.751;2.280;3.002;27.779;795.828;0.000;0.000;1.000;0.000;0.000;
22.04.2026 13:30:00;0.000;0.000;0.000;2723.949;2.277;3.018;28.067;887.588;0.000;0.000;1.000;0.000;0.000;
22.04.2026 13:45:00;0.000;0.000;0.000;2784.685;2.276;3.029;28.648;1448.878;0.000;0.000;1.000;0.000;0.000;
22.04.2026 14:00:00;0.000;0.000;0.000;2797.650;2.274;3.029;28.393;1448.358;0.000;0.000;1.000;0.000;0.000;
22.04.2026 14:15:00;0.000;0.000;0.000;2870.531;2.273;3.021;27.455;1416.939;0.000;0.000;1.000;0.000;0.000;
22.04.2026 14:30:00;0.000;0.000;0.000;2958.018;2.268;3.028;27.164;918.274;0.000;0.000;1.000;0.000;0.000;
22.04.2026 14:45:00;0.000;0.000;0.000;2755.027;2.274;3.012;27.192;963.451;0.000;0.000;1.000;0.000;0.000;
22.04.2026 15:00:00;0.000;0.000;0.000;2827.943;2.270;3.016;26.654;1023.195;0.000;0.000;1.000;0.000;0.000;
22.04.2026 15:15:00;0.000;0.000;0.000;2650.938;2.280;2.992;25.614;1114.669;0.000;0.000;1.000;0.000;0.000;
22.04.2026 15:30:00;0.000;0.000;0.000;2731.333;2.284;2.986;25.713;1087.489;0.000;0.000;1.000;0.000;0.000;
22.04.2026 15:45:00;0.000;0.000;0.000;2501.291;2.291;2.971;24.807;822.394;0.000;0.000;1.000;0.000;0.000;
22.04.2026 16:00:00;0.000;0.000;0.000;2542.527;2.297;2.971;24.235;823.612;0.000;0.000;1.000;0.000;0.000;
22.04.2026 16:15:00;0.000;0.000;0.000;2682.662;2.289;3.004;23.901;1108.380;0.000;0.000;1.000;0.000;0.000;
22.04.2026 16:30:00;0.000;0.000;0.000;2588.556;2.290;3.018;23.102;1008.226;0.000;0.000;1.000;0.000;0.000;
22.04.2026 16:45:00;0.000;0.000;0.000;2608.235;2.289;3.026;22.527;715.003;0.000;0.000;1.000;0.000;0.000;
22.04.2026 17:00:00;0.000;0.000;0.000;2807.139;2.286;3.028;21.866;530.762;0.000;0.000;1.000;0.000;0.000;
22.04.2026 17:15:00;0.000;0.000;0.000;3019.186;2.279;3.046;21.600;449.491;0.000;0.000;1.000;0.000;0.000;
22.04.2026 17:30:00;0.000;0.000;0.000;3015.916;2.269;3.057;21.122;444.181;0.000;0.000;1.000;0.000;0.000;
22.04.2026 17:45:00;0.000;0.000;0.000;3017.404;2.262;3.058;20.805;388.964;0.000;0.000;1.000;0.000;0.000;
22.04.2026 18:00:00;0.000;0.000;0.000;3018.726;2.262;3.052;20.619;345.856;0.000;0.000;1.000;0.000;0.000;
22.04.2026 18:15:00;0.000;0.000;0.000;3017.487;2.261;3.051;20.472;306.013;0.000;0.000;1.000;0.000;0.000;
22.04.2026 18:30:00;0.000;0.000;0.000;2990.964;2.260;3.041;20.123;275.223;0.000;0.000;1.000;0.000;0.000;
22.04.2026 18:45:00;0.000;0.000;0.000;2913.899;2.261;3.038;19.691;171.743;0.000;0.000;1.000;0.000;0.000;
22.04.2026 19:00:00;0.000;0.000;0.000;3016.623;2.262;3.038;19.431;161.226;0.000;0.000;1.000;0.000;0.000;
22.04.2026 19:15:00;0.000;0.000;0.000;3016.458;2.262;3.039;19.228;144.965;0.000;0.000;1.000;0.000;0.000;
22.04.2026 19:30:00;0.000;0.000;0.000;2945.215;2.262;3.039;18.816;103.442;0.000;0.000;1.000;0.000;0.000;
22.04.2026 19:45:00;0.000;0.000;0.000;3015.386;2.262;3.041;18.177;60.412;0.000;0.000;1.000;0.000;0.000;
22.04.2026 20:00:00;0.000;0.000;0.000;3016.743;2.261;3.044;17.009;19.724;0.000;0.000;1.000;0.000;0.000;
22.04.2026 20:15:00;0.000;0.000;0.000;3017.140;2.260;3.044;16.400;9.787;0.000;0.000;1.000;0.000;0.000;
22.04.2026 20:30:00;0.000;0.000;0.000;3016.370;2.259;3.043;15.569;3.051;0.000;0.000;1.000;0.000;0.000;
22.04.2026 20:45:00;0.000;0.000;0.000;3017.160;2.258;3.042;15.053;0.508;0.000;0.000;1.000;0.000;0.000;
22.04.2026 21:00:00;0.000;0.000;0.000;3017.872;2.259;3.041;14.602;0.451;0.000;0.000;1.000;0.000;0.000;
22.04.2026 21:15:00;0.000;0.000;0.000;3018.082;2.259;3.040;14.183;0.465;0.000;0.000;1.000;0.000;0.000;
22.04.2026 21:30:00;0.000;0.000;0.000;3017.423;2.259;3.040;13.894;0.450;0.000;0.000;1.000;0.000;0.000;
22.04.2026 21:45:00;0.000;0.000;0.000;3017.427;2.260;3.040;13.538;0.463;0.000;0.000;1.000;0.000;0.000;
22.04.2026 22:00:00;0.000;0.000;0.000;3017.236;2.259;3.039;13.484;0.487;0.000;0.000;1.000;0.000;0.000;
22.04.2026 22:15:00;0.000;0.000;0.000;3018.670;2.259;3.039;13.235;0.512;0.000;0.000;1.000;0.000;0.000;
22.04.2026 22:30:00;0.000;0.000;0.000;3017.005;2.259;3.039;13.117;0.465;0.000;0.000;1.000;0.000;0.000;
22.04.2026 22:45:00;0.000;0.000;0.000;3016.163;2.259;3.046;12.971;0.495;0.000;0.000;1.000;0.000;0.000;
22.04.2026 23:00:00;0.000;0.000;0.000;3017.515;2.259;3.039;12.473;0.450;0.000;0.000;1.000;0.000;0.000;
22.04.2026 23:15:00;0.000;0.000;0.000;3016.747;2.259;3.037;12.665;0.458;0.000;0.000;1.000;0.000;0.000;
22.04.2026 23:30:00;0.000;0.000;0.000;3017.354;2.258;3.036;12.421;0.453;0.000;0.000;1.000;0.000;0.000;
22.04.2026 23:45:00;0.000;0.000;0.000;3017.143;2.259;3.036;12.063;0.454;0.000;0.000;1.000;0.000;0.000;
23.04.2026 00:00:00;0.000;0.000;0.000;3016.618;2.259;3.035;11.737;0.450;0.000;0.000;1.000;0.000;0.000;
23.04.2026 00:15:00;0.000;0.000;0.000;3017.105;2.258;3.034;11.450;0.445;0.000;0.000;1.000;0.000;0.000;
23.04.2026 00:30:00;0.000;0.000;0.000;3016.816;2.258;3.035;11.301;0.543;0.000;0.000;1.000;0.000;0.000;
23.04.2026 00:45:00;0.000;0.000;0.000;3016.988;2.258;3.033;10.990;0.467;0.000;0.000;1.000;0.000;0.000;
23.04.2026 01:00:00;0.000;0.000;0.000;3015.623;2.259;3.033;10.798;0.450;0.000;0.000;1.000;0.000;0.000;
23.04.2026 01:15:00;0.000;0.000;0.000;2989.182;2.258;3.032;10.676;0.472;0.000;0.000;1.000;0.000;0.000;
23.04.2026 01:30:00;0.000;0.000;0.000;2928.584;2.260;3.027;10.671;0.452;0.000;0.000;1.000;0.000;0.000;
23.04.2026 01:45:00;0.000;0.000;0.000;3014.756;2.260;3.028;10.576;0.463;0.000;0.000;1.000;0.000;0.000;
23.04.2026 02:00:00;0.000;0.000;0.000;3015.561;2.258;3.030;10.471;0.451;0.000;0.000;1.000;0.000;0.000;
23.04.2026 02:15:00;0.000;0.000;0.000;3016.795;2.258;3.031;10.199;0.454;0.000;0.000;1.000;0.000;0.000;
23.04.2026 02:30:00;0.000;0.000;0.000;3015.588;2.258;3.031;10.058;0.428;0.000;0.000;1.000;0.000;0.000;
23.04.2026 02:45:00;0.000;0.000;0.000;2983.866;2.258;3.029;9.836;0.414;0.000;0.000;1.000;0.000;0.000;
23.04.2026 03:00:00;0.000;0.000;0.000;2909.597;2.262;3.020;9.977;0.487;0.000;0.000;1.000;0.000;0.000;
23.04.2026 03:15:00;0.000;0.000;0.000;2849.645;2.264;3.015;9.809;0.450;0.000;0.000;1.000;0.000;0.000;
23.04.2026 03:30:00;0.000;0.000;0.000;2865.239;2.265;3.014;9.711;0.527;0.000;0.000;1.000;0.000;0.000;
23.04.2026 03:45:00;0.000;0.000;0.000;3014.782;2.262;3.024;9.589;0.450;0.000;0.000;1.000;0.000;0.000;
23.04.2026 04:00:00;0.000;0.000;0.000;3014.906;2.260;3.033;9.568;0.455;0.000;0.000;1.000;0.000;0.000;
23.04.2026 04:15:00;0.000;0.000;0.000;3014.869;2.257;3.034;9.385;0.452;0.000;0.000;1.000;0.000;0.000;
23.04.2026 04:30:00;0.000;0.000;0.000;3014.992;2.259;3.032;9.454;0.509;0.000;0.000;1.000;0.000;0.000;
23.04.2026 04:45:00;0.000;0.000;0.000;3016.186;2.258;3.029;9.467;0.469;0.000;0.000;1.000;0.000;0.000;
23.04.2026 05:00:00;0.000;0.000;0.000;3016.156;2.257;3.025;9.088;0.485;0.000;0.000;1.000;0.000;0.000;
23.04.2026 05:15:00;0.000;0.000;0.000;3016.979;2.257;3.024;8.976;0.538;0.000;0.000;1.000;0.000;0.000;
23.04.2026 05:30:00;0.000;0.000;0.000;3018.095;2.256;3.022;8.717;0.456;0.000;0.000;1.000;0.000;0.000;
23.04.2026 05:45:00;0.000;0.000;0.000;3015.791;2.257;3.027;8.629;0.483;0.000;0.000;1.000;0.000;0.000;
23.04.2026 06:00:00;0.000;0.000;0.000;3016.833;2.257;3.022;8.547;0.553;0.000;0.000;1.000;0.000;0.000;
23.04.2026 06:15:00;0.000;0.000;0.000;3016.716;2.257;3.020;8.386;1.421;0.000;0.000;1.000;0.000;0.000;
23.04.2026 06:30:00;0.000;0.000;0.000;3016.195;2.257;3.020;8.387;5.395;0.000;0.000;1.000;0.000;0.000;
23.04.2026 06:45:00;0.000;0.000;0.000;3016.949;2.258;3.020;8.391;10.446;0.000;0.000;1.000;0.000;0.000;
23.04.2026 07:00:00;0.000;0.000;0.000;3015.501;2.257;3.019;8.269;16.409;0.000;0.000;1.000;0.000;0.000;
23.04.2026 07:15:00;0.000;0.000;0.000;3016.507;2.258;3.017;8.107;21.293;0.000;0.000;1.000;0.000;0.000;
23.04.2026 07:30:00;0.000;0.000;0.000;3015.939;2.257;3.017;8.131;25.682;0.000;0.000;1.000;0.000;0.000;
23.04.2026 07:45:00;0.000;0.000;0.000;3016.009;2.257;3.017;8.315;29.889;0.000;0.000;1.000;0.000;0.000;
23.04.2026 08:00:00;0.000;0.000;0.000;3016.914;2.256;3.016;8.384;33.805;0.000;0.000;1.000;0.000;0.000;
23.04.2026 08:15:00;0.000;0.000;0.000;3016.019;2.256;3.016;8.465;36.836;0.000;0.000;1.000;0.000;0.000;
23.04.2026 08:30:00;0.000;0.000;0.000;3016.372;2.256;3.016;8.671;40.003;0.000;0.000;1.000;0.000;0.000;
23.04.2026 08:45:00;0.000;0.000;0.000;3017.872;2.256;3.015;8.958;42.907;0.000;0.000;1.000;0.000;0.000;
23.04.2026 09:00:00;0.000;0.000;0.000;3018.350;2.256;3.015;9.203;49.340;0.000;0.000;1.000;0.000;0.000;
23.04.2026 09:15:00;0.000;0.000;0.000;2750.644;2.261;3.004;13.055;688.390;0.000;0.000;1.000;0.000;0.000;
23.04.2026 09:30:00;0.000;0.000;0.000;2840.657;2.266;2.994;16.970;753.188;0.000;0.000;1.000;0.000;0.000;
23.04.2026 09:45:00;0.000;0.000;0.000;2824.613;2.271;2.985;19.299;801.081;0.000;0.000;1.000;0.000;0.000;
23.04.2026 10:00:00;0.000;0.000;0.000;2936.467;2.267;3.003;21.033;820.799;0.000;0.000;1.000;0.000;0.000;
23.04.2026 10:15:00;0.000;0.000;0.000;2928.694;2.266;3.015;22.405;836.212;0.000;0.000;1.000;0.000;0.000;
23.04.2026 10:30:00;0.000;0.000;0.000;2844.968;2.267;3.015;23.334;903.818;0.000;0.000;1.000;0.000;0.000;
23.04.2026 10:45:00;0.000;0.000;0.000;2931.100;2.263;3.023;25.005;887.857;0.000;0.000;1.000;0.000;0.000;
23.04.2026 11:00:00;0.000;0.000;0.000;3015.651;2.260;3.022;26.386;901.903;0.000;0.000;1.000;0.000;0.000;
23.04.2026 11:15:00;0.000;0.000;0.000;1630.645;2.290;2.942;27.320;1070.182;0.000;0.000;1.000;0.000;0.000;
23.04.2026 11:30:00;0.000;0.000;0.000;1357.049;2.335;2.798;29.149;1247.125;0.000;0.000;1.000;0.000;0.000;
23.04.2026 11:45:00;0.000;0.000;0.000;1469.490;2.344;2.709;29.793;1244.515;0.000;0.000;1.000;0.000;0.000;
23.04.2026 12:00:00;0.000;0.000;0.000;1361.685;2.348;2.733;29.664;1244.177;0.000;0.000;1.000;0.000;0.000;
23.04.2026 12:15:00;0.000;0.000;0.000;1469.900;2.349;2.877;28.476;1297.178;0.000;0.000;1.000;0.000;0.000;
23.04.2026 12:30:00;0.000;0.000;0.000;1399.633;2.351;2.941;27.288;1179.064;0.000;0.000;1.000;0.000;0.000;
23.04.2026 12:45:00;0.000;0.000;0.000;1287.969;2.353;2.959;27.116;1011.510;0.000;0.000;1.000;0.000;0.000;
23.04.2026 13:00:00;0.000;0.000;0.000;1346.599;2.354;2.958;28.471;959.530;0.000;0.000;1.000;0.000;0.000;
23.04.2026 13:15:00;0.000;0.000;0.000;1154.616;2.357;2.952;28.078;844.422;0.000;0.000;1.000;0.000;0.000;
23.04.2026 13:30:00;0.000;0.000;0.000;1305.016;2.357;2.955;28.673;1194.781;0.000;0.000;1.000;0.000;0.000;
23.04.2026 13:45:00;0.000;0.000;0.000;1237.932;2.358;2.959;28.926;1448.192;0.000;0.000;1.000;0.000;0.000;
23.04.2026 14:00:00;0.000;0.000;0.000;1381.178;2.354;2.971;29.242;1448.306;0.000;0.000;1.000;0.000;0.000;
23.04.2026 14:15:00;0.000;0.000;0.000;1382.995;2.353;2.981;28.896;1448.144;0.000;0.000;1.000;0.000;0.000;
23.04.2026 14:30:00;0.000;0.000;0.000;1365.122;2.350;2.987;28.223;1175.374;0.000;0.000;1.000;0.000;0.000;
23.04.2026 14:45:00;0.000;0.000;0.000;1303.186;2.355;2.970;27.840;960.412;0.000;0.000;1.000;0.000;0.000;
23.04.2026 15:00:00;0.000;0.000;0.000;1309.630;2.355;2.968;27.308;1039.135;0.000;0.000;1.000;0.000;0.000;
23.04.2026 15:15:00;0.000;0.000;0.000;1155.126;2.357;2.963;27.286;1017.088;0.000;0.000;1.000;0.000;0.000;
23.04.2026 15:30:00;0.000;0.000;0.000;1275.102;2.359;2.959;27.331;990.678;0.000;0.000;1.000;0.000;0.000;
23.04.2026 15:45:00;0.000;0.000;0.000;1155.939;2.362;2.956;26.507;925.890;0.000;0.000;1.000;0.000;0.000;
23.04.2026 16:00:00;0.000;0.000;0.000;1155.966;2.363;2.956;25.907;1073.778;0.000;0.000;1.000;0.000;0.000;
23.04.2026 16:15:00;0.000;0.000;0.000;1202.884;2.361;2.966;25.711;1200.445;0.000;0.000;1.000;0.000;0.000;
23.04.2026 16:30:00;0.000;0.000;0.000;2083.087;2.336;3.041;25.487;1041.002;0.000;0.000;1.000;0.000;0.000;
23.04.2026 16:45:00;0.000;0.000;0.000;2823.663;2.296;3.099;25.004;797.508;0.000;0.000;1.000;0.000;0.000;
23.04.2026 17:00:00;0.000;0.000;0.000;2950.289;2.279;3.102;24.104;590.273;0.000;0.000;1.000;0.000;0.000;
23.04.2026 17:15:00;0.000;0.000;0.000;2880.898;2.274;3.081;23.302;530.180;0.000;0.000;1.000;0.000;0.000;
23.04.2026 17:30:00;0.000;0.000;0.000;2954.679;2.269;3.062;23.127;461.555;0.000;0.000;1.000;0.000;0.000;
23.04.2026 17:45:00;0.000;0.000;0.000;3015.446;2.265;3.052;22.822;394.517;0.000;0.000;1.000;0.000;0.000;
23.04.2026 18:00:00;0.000;0.000;0.000;3001.662;2.265;3.046;22.583;309.623;0.000;0.000;1.000;0.000;0.000;
23.04.2026 18:15:00;0.000;0.000;0.000;2991.529;2.264;3.040;22.421;283.621;0.000;0.000;1.000;0.000;0.000;
23.04.2026 18:30:00;0.000;0.000;0.000;2947.542;2.268;3.035;22.193;293.853;0.000;0.000;1.000;0.000;0.000;
23.04.2026 18:45:00;0.000;0.000;0.000;2970.646;2.266;3.032;21.895;211.684;0.000;0.000;1.000;0.000;0.000;
23.04.2026 19:00:00;0.000;0.000;0.000;2949.638;2.268;3.031;21.384;177.321;0.000;0.000;1.000;0.000;0.000;
23.04.2026 19:15:00;0.000;0.000;0.000;2896.650;2.271;3.028;21.089;153.670;0.000;0.000;1.000;0.000;0.000;
23.04.2026 19:30:00;0.000;0.000;0.000;2883.070;2.269;3.035;20.337;114.188;0.000;0.000;1.000;0.000;0.000;
23.04.2026 19:45:00;0.000;0.000;0.000;2933.520;2.268;3.045;19.464;63.917;0.000;0.000;1.000;0.000;0.000;
23.04.2026 20:00:00;0.000;0.000;0.000;3014.464;2.264;3.047;18.770;18.672;0.000;0.000;1.000;0.000;0.000;
23.04.2026 20:15:00;0.000;0.000;0.000;3016.086;2.263;3.049;17.841;9.787;0.000;0.000;1.000;0.000;0.000;
23.04.2026 20:30:00;0.000;0.000;0.000;3015.757;2.262;3.049;16.993;3.410;0.000;0.000;1.000;0.000;0.000;
23.04.2026 20:45:00;0.000;0.000;0.000;3014.966;2.262;3.047;16.421;0.516;0.000;0.000;1.000;0.000;0.000;
23.04.2026 21:00:00;0.000;0.000;0.000;3015.980;2.263;3.049;16.382;0.450;0.000;0.000;1.000;0.000;0.000;
23.04.2026 21:15:00;0.000;0.000;0.000;3016.046;2.262;3.046;16.134;0.453;0.000;0.000;1.000;0.000;0.000;
23.04.2026 21:30:00;0.000;0.000;0.000;3015.230;2.262;3.044;15.690;0.450;0.000;0.000;1.000;0.000;0.000;
23.04.2026 21:45:00;0.000;0.000;0.000;3016.202;2.262;3.044;15.116;0.450;0.000;0.000;1.000;0.000;0.000;
23.04.2026 22:00:00;0.000;0.000;0.000;3016.142;2.262;3.043;14.782;0.450;0.000;0.000;1.000;0.000;0.000;
23.04.2026 22:15:00;0.000;0.000;0.000;3016.142;2.262;3.042;14.726;0.434;0.000;0.000;1.000;0.000;0.000;
23.04.2026 22:30:00;0.000;0.000;0.000;3016.282;2.262;3.042;14.261;0.458;0.000;0.000;1.000;0.000;0.000;
23.04.2026 22:45:00;0.000;0.000;0.000;3016.201;2.262;3.042;13.563;0.450;0.000;0.000;1.000;0.000;0.000;
23.04.2026 23:00:00;0.000;0.000;0.000;3015.951;2.261;3.041;13.338;0.450;0.000;0.000;1.000;0.000;0.000;
23.04.2026 23:15:00;0.000;0.000;0.000;3015.938;2.262;3.042;13.136;0.450;0.000;0.000;1.000;0.000;0.000;
23.04.2026 23:30:00;0.000;0.000;0.000;3016.345;2.263;3.046;13.098;0.499;0.000;0.000;1.000;0.000;0.000;
23.04.2026 23:45:00;0.000;0.000;0.000;3016.464;2.261;3.041;12.851;0.435;0.000;0.000;1.000;0.000;0.000;
24.04.2026 00:00:00;0.000;0.000;0.000;3014.803;2.262;3.041;12.528;0.450;0.000;0.000;1.000;0.000;0.000;
24.04.2026 00:15:00;0.000;0.000;0.000;2937.661;2.266;3.034;12.463;0.449;0.000;0.000;1.000;0.000;0.000;
24.04.2026 00:30:00;0.000;0.000;0.000;3013.452;2.266;3.036;12.154;0.450;0.000;0.000;1.000;0.000;0.000;
24.04.2026 00:45:00;0.000;0.000;0.000;3014.552;2.264;3.040;12.189;0.451;0.000;0.000;1.000;0.000;0.000;
24.04.2026 01:00:00;0.000;0.000;0.000;2874.137;2.264;3.040;12.097;0.450;0.000;0.000;1.000;0.000;0.000;
24.04.2026 01:15:00;0.000;0.000;0.000;2775.222;2.269;3.028;11.889;0.531;0.000;0.000;1.000;0.000;0.000;
24.04.2026 01:30:00;0.000;0.000;0.000;2769.357;2.274;3.018;11.800;0.450;0.000;0.000;1.000;0.000;0.000;
24.04.2026 01:45:00;0.000;0.000;0.000;3015.694;2.275;3.023;11.835;0.402;0.000;0.000;1.000;0.000;0.000;
24.04.2026 02:00:00;0.000;0.000;0.000;3015.307;2.267;3.042;11.889;0.450;0.000;0.000;1.000;0.000;0.000;
24.04.2026 02:15:00;0.000;0.000;0.000;2880.548;2.267;3.045;11.781;0.460;0.000;0.000;1.000;0.000;0.000;
24.04.2026 02:30:00;0.000;0.000;0.000;2811.756;2.268;3.041;11.794;0.483;0.000;0.000;1.000;0.000;0.000;
24.04.2026 02:45:00;0.000;0.000;0.000;2807.882;2.274;3.030;11.618;0.448;0.000;0.000;1.000;0.000;0.000;
24.04.2026 03:00:00;0.000;0.000;0.000;2893.977;2.273;3.028;11.559;0.449;0.000;0.000;1.000;0.000;0.000;
24.04.2026 03:15:00;0.000;0.000;0.000;2931.418;2.274;3.025;11.378;0.450;0.000;0.000;1.000;0.000;0.000;
24.04.2026 03:30:00;0.000;0.000;0.000;2974.665;2.271;3.039;11.120;0.455;0.000;0.000;1.000;0.000;0.000;
24.04.2026 03:45:00;0.000;0.000;0.000;3014.379;2.271;3.040;11.159;0.450;0.000;0.000;1.000;0.000;0.000;
24.04.2026 04:00:00;0.000;0.000;0.000;2965.666;2.267;3.046;11.413;0.458;0.000;0.000;1.000;0.000;0.000;
24.04.2026 04:15:00;0.000;0.000;0.000;2890.126;2.266;3.042;11.538;0.467;0.000;0.000;1.000;0.000;0.000;
24.04.2026 04:30:00;0.000;0.000;0.000;2858.313;2.271;3.033;11.101;0.451;0.000;0.000;1.000;0.000;0.000;
24.04.2026 04:45:00;0.000;0.000;0.000;2971.262;2.270;3.027;10.703;0.450;0.000;0.000;1.000;0.000;0.000;
24.04.2026 05:00:00;0.000;0.000;0.000;2928.625;2.266;3.033;10.627;0.487;0.000;0.000;1.000;0.000;0.000;
24.04.2026 05:15:00;0.000;0.000;0.000;3011.676;2.265;3.038;10.748;0.450;0.000;0.000;1.000;0.000;0.000;
24.04.2026 05:30:00;0.000;0.000;0.000;3013.274;2.264;3.041;10.471;0.474;0.000;0.000;1.000;0.000;0.000;
24.04.2026 05:45:00;0.000;0.000;0.000;3013.944;2.265;3.036;10.350;0.450;0.000;0.000;1.000;0.000;0.000;
24.04.2026 06:00:00;0.000;0.000;0.000;3014.199;2.263;3.037;10.199;0.450;0.000;0.000;1.000;0.000;0.000;
24.04.2026 06:15:00;0.000;0.000;0.000;3015.071;2.263;3.035;10.029;1.744;0.000;0.000;1.000;0.000;0.000;
24.04.2026 06:30:00;0.000;0.000;0.000;2995.346;2.263;3.035;9.920;6.151;0.000;0.000;1.000;0.000;0.000;
24.04.2026 06:45:00;0.000;0.000;0.000;3012.216;2.264;3.031;9.875;10.479;0.000;0.000;1.000;0.000;0.000;
24.04.2026 07:00:00;0.000;0.000;0.000;3013.763;2.263;3.030;9.825;16.034;0.000;0.000;1.000;0.000;0.000;
24.04.2026 07:15:00;0.000;0.000;0.000;3010.962;2.263;3.027;9.817;20.336;0.000;0.000;1.000;0.000;0.000;
24.04.2026 07:30:00;0.000;0.000;0.000;3012.690;2.262;3.031;9.888;24.775;0.000;0.000;1.000;0.000;0.000;
24.04.2026 07:45:00;0.000;0.000;0.000;3013.945;2.262;3.037;9.904;28.012;0.000;0.000;1.000;0.000;0.000;
24.04.2026 08:00:00;0.000;0.000;0.000;2998.010;2.262;3.032;9.831;31.837;0.000;0.000;1.000;0.000;0.000;
24.04.2026 08:15:00;0.000;0.000;0.000;2920.148;2.266;3.022;9.891;34.050;0.000;0.000;1.000;0.000;0.000;
24.04.2026 08:30:00;0.000;0.000;0.000;2825.827;2.266;3.020;9.831;37.377;0.000;0.000;1.000;0.000;0.000;
24.04.2026 08:45:00;0.000;0.000;0.000;2722.214;2.276;2.999;9.879;40.597;0.000;0.000;1.000;0.000;0.000;
24.04.2026 09:00:00;0.000;0.000;0.000;2831.121;2.275;3.006;10.008;47.975;0.000;0.000;1.000;0.000;0.000;
24.04.2026 09:15:00;0.000;0.000;0.000;2663.653;2.282;2.995;14.308;700.867;0.000;0.000;1.000;0.000;0.000;
24.04.2026 09:30:00;0.000;0.000;0.000;2686.563;2.282;3.009;18.323;765.872;0.000;0.000;1.000;0.000;0.000;
24.04.2026 09:45:00;0.000;0.000;0.000;2646.855;2.285;3.005;20.780;826.312;0.000;0.000;1.000;0.000;0.000;
24.04.2026 10:00:00;0.000;0.000;0.000;2770.419;2.282;3.023;22.805;840.677;0.000;0.000;1.000;0.000;0.000;
24.04.2026 10:15:00;0.000;0.000;0.000;1150.632;2.303;2.936;24.535;840.439;0.000;0.000;1.000;0.000;0.000;
24.04.2026 10:30:00;0.000;0.000;0.000;1153.876;2.347;2.804;26.851;884.942;0.000;0.000;1.000;0.000;0.000;
24.04.2026 10:45:00;0.000;0.000;0.000;1155.599;2.359;2.718;28.301;817.574;0.000;0.000;1.000;0.000;0.000;
24.04.2026 11:00:00;0.000;0.000;0.000;1155.812;2.362;2.790;29.224;1120.191;0.000;0.000;1.000;0.000;0.000;
24.04.2026 11:15:00;0.000;0.000;0.000;1155.815;2.363;2.753;30.325;1447.765;0.000;0.000;1.000;0.000;0.000;
24.04.2026 11:30:00;0.000;0.000;0.000;1153.643;2.363;2.352;30.130;1447.765;0.000;0.000;1.000;0.000;0.000;
24.04.2026 11:45:00;0.000;0.000;0.000;1153.744;2.361;2.619;31.550;1447.785;0.000;0.000;1.000;0.000;0.000;
24.04.2026 12:00:00;0.000;0.000;0.000;1202.826;2.359;3.015;32.018;1448.324;0.000;0.000;1.000;0.000;0.000;
24.04.2026 12:15:00;0.000;0.000;0.000;1457.241;2.354;3.054;32.527;1308.320;0.000;0.000;1.000;0.000;0.000;
24.04.2026 12:30:00;0.000;0.000;0.000;1260.425;2.357;3.025;32.030;1047.016;0.000;0.000;1.000;0.000;0.000;
24.04.2026 12:45:00;0.000;0.000;0.000;1213.291;2.358;3.000;31.840;971.250;0.000;0.000;1.000;0.000;0.000;
24.04.2026 13:00:00;0.000;0.000;0.000;1310.630;2.357;3.006;31.395;940.327;0.000;0.000;1.000;0.000;0.000;
24.04.2026 13:15:00;0.000;0.000;0.000;1282.256;2.356;3.008;31.128;884.325;0.000;0.000;1.000;0.000;0.000;
24.04.2026 13:30:00;0.000;0.000;0.000;1212.756;2.359;3.005;30.601;1133.220;0.000;0.000;1.000;0.000;0.000;
24.04.2026 13:45:00;0.000;0.000;0.000;1284.300;2.359;3.005;31.044;1448.324;0.000;0.000;1.000;0.000;0.000;
24.04.2026 14:00:00;0.000;0.000;0.000;1353.308;2.346;3.140;31.063;1448.219;0.000;0.000;1.000;0.000;0.000;
24.04.2026 14:15:00;0.000;0.000;0.000;1376.903;2.336;3.168;30.882;1448.299;0.000;0.000;1.000;0.000;0.000;
24.04.2026 14:30:00;0.000;0.000;0.000;1232.226;2.350;3.036;29.781;1254.922;0.000;0.000;1.000;0.000;0.000;
24.04.2026 14:45:00;0.000;0.000;0.000;1214.242;2.360;2.979;29.487;996.639;0.000;0.000;1.000;0.000;0.000;
24.04.2026 15:00:00;0.000;0.000;0.000;1225.241;2.361;2.963;28.718;1157.370;0.000;0.000;1.000;0.000;0.000;
24.04.2026 15:15:00;0.000;0.000;0.000;1256.418;2.361;2.999;28.559;1175.396;0.000;0.000;1.000;0.000;0.000;
24.04.2026 15:30:00;0.000;0.000;0.000;1279.231;2.359;3.016;28.340;937.351;0.000;0.000;1.000;0.000;0.000;
24.04.2026 15:45:00;0.000;0.000;0.000;1155.105;2.363;3.011;27.911;922.381;0.000;0.000;1.000;0.000;0.000;
24.04.2026 16:00:00;0.000;0.000;0.000;1155.551;2.364;3.012;27.565;864.794;0.000;0.000;1.000;0.000;0.000;
24.04.2026 16:15:00;0.000;0.000;0.000;2081.205;2.340;3.072;27.118;947.723;0.000;0.000;1.000;0.000;0.000;
24.04.2026 16:30:00;0.000;0.000;0.000;2797.540;2.304;3.112;26.682;1145.410;0.000;0.000;1.000;0.000;0.000;
24.04.2026 16:45:00;0.000;0.000;0.000;2833.721;2.286;3.112;25.934;921.953;0.000;0.000;1.000;0.000;0.000;
24.04.2026 17:00:00;0.000;0.000;0.000;2841.291;2.279;3.087;25.766;675.730;0.000;0.000;1.000;0.000;0.000;
24.04.2026 17:15:00;0.000;0.000;0.000;2837.022;2.280;3.065;25.265;515.715;0.000;0.000;1.000;0.000;0.000;
24.04.2026 17:30:00;0.000;0.000;0.000;2930.516;2.278;3.058;24.766;453.919;0.000;0.000;1.000;0.000;0.000;
24.04.2026 17:45:00;0.000;0.000;0.000;2988.773;2.274;3.056;24.509;385.431;0.000;0.000;1.000;0.000;0.000;
24.04.2026 18:00:00;0.000;0.000;0.000;2847.072;2.276;3.052;24.378;329.382;0.000;0.000;1.000;0.000;0.000;
24.04.2026 18:15:00;0.000;0.000;0.000;3012.421;2.273;3.057;23.841;319.739;0.000;0.000;1.000;0.000;0.000;
24.04.2026 18:30:00;0.000;0.000;0.000;2929.371;2.271;3.059;23.186;327.345;0.000;0.000;1.000;0.000;0.000;
24.04.2026 18:45:00;0.000;0.000;0.000;3002.037;2.270;3.062;22.800;228.707;0.000;0.000;1.000;0.000;0.000;
24.04.2026 19:00:00;0.000;0.000;0.000;2884.218;2.270;3.059;22.139;164.010;0.000;0.000;1.000;0.000;0.000;
24.04.2026 19:15:00;0.000;0.000;0.000;2866.574;2.275;3.053;21.696;128.475;0.000;0.000;1.000;0.000;0.000;
24.04.2026 19:30:00;0.000;0.000;0.000;2938.462;2.277;3.051;21.254;105.025;0.000;0.000;1.000;0.000;0.000;
24.04.2026 19:45:00;0.000;0.000;0.000;2930.705;2.278;3.054;20.513;69.095;0.000;0.000;1.000;0.000;0.000;
24.04.2026 20:00:00;0.000;0.000;0.000;3013.838;2.272;3.064;19.582;24.075;0.000;0.000;1.000;0.000;0.000;
24.04.2026 20:15:00;0.000;0.000;0.000;3014.112;2.269;3.068;18.205;12.973;0.000;0.000;1.000;0.000;0.000;
24.04.2026 20:30:00;0.000;0.000;0.000;3014.461;2.268;3.068;18.415;4.876;0.000;0.000;1.000;0.000;0.000;
24.04.2026 20:45:00;0.000;0.000;0.000;3014.056;2.267;3.066;18.485;1.023;0.000;0.000;1.000;0.000;0.000;
24.04.2026 21:00:00;0.000;0.000;0.000;3014.578;2.267;3.066;18.182;0.450;0.000;0.000;1.000;0.000;0.000;
24.04.2026 21:15:00;0.000;0.000;0.000;3015.103;2.267;3.063;17.573;0.450;0.000;0.000;1.000;0.000;0.000;
24.04.2026 21:30:00;0.000;0.000;0.000;3015.525;2.267;3.064;17.154;0.446;0.000;0.000;1.000;0.000;0.000;
24.04.2026 21:45:00;0.000;0.000;0.000;3014.763;2.267;3.064;16.366;0.455;0.000;0.000;1.000;0.000;0.000;
24.04.2026 22:00:00;0.000;0.000;0.000;3016.071;2.267;3.064;16.121;0.480;0.000;0.000;1.000;0.000;0.000;
24.04.2026 22:15:00;0.000;0.000;0.000;3014.996;2.266;3.065;15.589;0.451;0.000;0.000;1.000;0.000;0.000;
24.04.2026 22:30:00;0.000;0.000;0.000;3016.448;2.267;3.065;15.388;0.450;0.000;0.000;1.000;0.000;0.000;
24.04.2026 22:45:00;0.000;0.000;0.000;3015.449;2.267;3.066;15.289;0.474;0.000;0.000;1.000;0.000;0.000;
24.04.2026 23:00:00;0.000;0.000;0.000;3014.534;2.266;3.065;15.046;0.450;0.000;0.000;1.000;0.000;0.000;
24.04.2026 23:15:00;0.000;0.000;0.000;3014.757;2.266;3.065;14.906;0.441;0.000;0.000;1.000;0.000;0.000;
24.04.2026 23:30:00;0.000;0.000;0.000;3016.219;2.267;3.065;14.799;0.450;0.000;0.000;1.000;0.000;0.000;
24.04.2026 23:45:00;0.000;0.000;0.000;3015.605;2.267;3.064;14.517;0.516;0.000;0.000;1.000;0.000;0.000;
25.04.2026 00:00:00;0.000;0.000;0.000;3015.769;2.266;3.065;14.451;0.668;0.000;0.000;1.000;0.000;0.000;
25.04.2026 00:15:00;0.000;0.000;0.000;2895.413;2.268;3.062;14.377;0.457;0.000;0.000;1.000;0.000;0.000;
25.04.2026 00:30:00;0.000;0.000;0.000;3013.561;2.270;3.062;14.208;0.506;0.000;0.000;1.000;0.000;0.000;
25.04.2026 00:45:00;0.000;0.000;0.000;3009.505;2.268;3.064;14.148;0.453;0.000;0.000;1.000;0.000;0.000;
25.04.2026 01:00:00;0.000;0.000;0.000;2927.993;2.269;3.063;14.138;0.496;0.000;0.000;1.000;0.000;0.000;
25.04.2026 01:15:00;0.000;0.000;0.000;2881.781;2.272;3.064;14.061;0.451;0.000;0.000;1.000;0.000;0.000;
25.04.2026 01:30:00;0.000;0.000;0.000;2893.761;2.273;3.058;13.582;0.474;0.000;0.000;1.000;0.000;0.000;
25.04.2026 01:45:00;0.000;0.000;0.000;3013.288;2.273;3.062;13.456;0.498;0.000;0.000;1.000;0.000;0.000;
25.04.2026 02:00:00;0.000;0.000;0.000;3013.566;2.269;3.066;13.386;0.486;0.000;0.000;1.000;0.000;0.000;
25.04.2026 02:15:00;0.000;0.000;0.000;2872.984;2.269;3.067;13.462;0.451;0.000;0.000;1.000;0.000;0.000;
25.04.2026 02:30:00;0.000;0.000;0.000;2817.300;2.273;3.060;13.514;0.458;0.000;0.000;1.000;0.000;0.000;
25.04.2026 02:45:00;0.000;0.000;0.000;2784.254;2.277;3.054;13.316;0.481;0.000;0.000;1.000;0.000;0.000;
25.04.2026 03:00:00;0.000;0.000;0.000;2874.846;2.277;3.057;13.270;0.498;0.000;0.000;1.000;0.000;0.000;
25.04.2026 03:15:00;0.000;0.000;0.000;2876.469;2.277;3.057;12.818;0.454;0.000;0.000;1.000;0.000;0.000;
25.04.2026 03:30:00;0.000;0.000;0.000;2915.135;2.275;3.063;12.808;0.451;0.000;0.000;1.000;0.000;0.000;
25.04.2026 03:45:00;0.000;0.000;0.000;3015.043;2.274;3.064;12.692;0.467;0.000;0.000;1.000;0.000;0.000;
25.04.2026 04:00:00;0.000;0.000;0.000;2975.501;2.269;3.069;12.568;0.481;0.000;0.000;1.000;0.000;0.000;
25.04.2026 04:15:00;0.000;0.000;0.000;2922.816;2.267;3.066;12.324;0.453;0.000;0.000;1.000;0.000;0.000;
25.04.2026 04:30:00;0.000;0.000;0.000;2820.413;2.272;3.060;12.237;0.451;0.000;0.000;1.000;0.000;0.000;
25.04.2026 04:45:00;0.000;0.000;0.000;2824.602;2.276;3.052;12.191;0.450;0.000;0.000;1.000;0.000;0.000;
25.04.2026 05:00:00;0.000;0.000;0.000;2838.835;2.277;3.050;12.200;0.450;0.000;0.000;1.000;0.000;0.000;
25.04.2026 05:15:00;0.000;0.000;0.000;2806.762;2.276;3.054;12.172;0.468;0.000;0.000;1.000;0.000;0.000;
25.04.2026 05:30:00;0.000;0.000;0.000;2846.458;2.278;3.056;12.213;0.531;0.000;0.000;1.000;0.000;0.000;
25.04.2026 05:45:00;0.000;0.000;0.000;2718.672;2.284;3.050;12.131;0.459;0.000;0.000;1.000;0.000;0.000;
25.04.2026 06:00:00;0.000;0.000;0.000;2778.527;2.286;3.047;11.924;0.450;0.000;0.000;1.000;0.000;0.000;
25.04.2026 06:15:00;0.000;0.000;0.000;2813.350;2.283;3.055;11.504;1.959;0.000;0.000;1.000;0.000;0.000;
25.04.2026 06:30:00;0.000;0.000;0.000;2806.565;2.281;3.060;11.517;6.283;0.000;0.000;1.000;0.000;0.000;
25.04.2026 06:45:00;0.000;0.000;0.000;2793.486;2.282;3.057;11.483;11.626;0.000;0.000;1.000;0.000;0.000;
25.04.2026 07:00:00;0.000;0.000;0.000;2811.113;2.282;3.055;11.579;17.540;0.000;0.000;1.000;0.000;0.000;
25.04.2026 07:15:00;0.000;0.000;0.000;2714.164;2.282;3.058;11.780;23.059;0.000;0.000;1.000;0.000;0.000;
25.04.2026 07:30:00;0.000;0.000;0.000;2811.674;2.285;3.052;11.616;26.874;0.000;0.000;1.000;0.000;0.000;
25.04.2026 07:45:00;0.000;0.000;0.000;2799.113;2.284;3.051;11.843;30.457;0.000;0.000;1.000;0.000;0.000;
25.04.2026 08:00:00;0.000;0.000;0.000;2788.931;2.285;3.051;11.663;34.812;0.000;0.000;1.000;0.000;0.000;
25.04.2026 08:15:00;0.000;0.000;0.000;2544.409;2.288;3.045;11.823;37.806;0.000;0.000;1.000;0.000;0.000;
25.04.2026 08:30:00;0.000;0.000;0.000;2668.265;2.287;3.048;12.072;41.734;0.000;0.000;1.000;0.000;0.000;
25.04.2026 08:45:00;0.000;0.000;0.000;2514.251;2.296;3.033;12.190;46.125;0.000;0.000;1.000;0.000;0.000;
25.04.2026 09:00:00;0.000;0.000;0.000;2494.091;2.294;3.043;12.399;54.900;0.000;0.000;1.000;0.000;0.000;
25.04.2026 09:15:00;0.000;0.000;0.000;2453.396;2.300;3.035;16.514;687.684;0.000;0.000;1.000;0.000;0.000;
25.04.2026 09:30:00;0.000;0.000;0.000;2429.074;2.302;3.037;20.400;763.087;0.000;0.000;1.000;0.000;0.000;
25.04.2026 09:45:00;0.000;0.000;0.000;2375.715;2.305;3.035;23.113;821.345;0.000;0.000;1.000;0.000;0.000;
25.04.2026 10:00:00;0.000;0.000;0.000;2445.919;2.302;3.047;23.890;813.149;0.000;0.000;1.000;0.000;0.000;
25.04.2026 10:15:00;0.000;0.000;0.000;2501.293;2.302;3.051;24.725;844.718;0.000;0.000;1.000;0.000;0.000;
25.04.2026 10:30:00;0.000;0.000;0.000;2372.386;2.304;3.046;25.559;901.397;0.000;0.000;1.000;0.000;0.000;
25.04.2026 10:45:00;0.000;0.000;0.000;2370.589;2.307;3.046;26.628;858.092;0.000;0.000;1.000;0.000;0.000;
25.04.2026 11:00:00;0.000;0.000;0.000;2454.971;2.304;3.046;27.954;893.299;0.000;0.000;1.000;0.000;0.000;
25.04.2026 11:15:00;0.000;0.000;0.000;1242.888;2.335;2.967;29.437;1099.663;0.000;0.000;1.000;0.000;0.000;
25.04.2026 11:30:00;0.000;0.000;0.000;1238.625;2.358;2.902;31.463;1174.342;0.000;0.000;1.000;0.000;0.000;
25.04.2026 11:45:00;0.000;0.000;0.000;1193.599;2.364;2.896;32.006;1166.913;0.000;0.000;1.000;0.000;0.000;
25.04.2026 12:00:00;0.000;0.000;0.000;1223.282;2.362;2.983;32.892;1185.343;0.000;0.000;1.000;0.000;0.000;
25.04.2026 12:15:00;0.000;0.000;0.000;1152.961;2.365;3.022;33.075;1231.367;0.000;0.000;1.000;0.000;0.000;
25.04.2026 12:30:00;0.000;0.000;0.000;1203.753;2.365;3.034;33.398;1157.766;0.000;0.000;1.000;0.000;0.000;
25.04.2026 12:45:00;0.000;0.000;0.000;1153.270;2.365;3.037;33.883;937.326;0.000;0.000;1.000;0.000;0.000;
25.04.2026 13:00:00;0.000;0.000;0.000;1074.170;2.370;3.027;33.329;915.888;0.000;0.000;1.000;0.000;0.000;
25.04.2026 13:15:00;0.000;0.000;0.000;1074.217;2.371;3.029;34.060;781.392;0.000;0.000;1.000;0.000;0.000;
25.04.2026 13:30:00;0.000;0.000;0.000;1074.557;2.372;3.034;34.457;1210.028;0.000;0.000;1.000;0.000;0.000;
25.04.2026 13:45:00;0.000;0.000;0.000;1153.205;2.368;3.049;34.513;1447.772;0.000;0.000;1.000;0.000;0.000;
25.04.2026 14:00:00;0.000;0.000;0.000;1074.654;2.372;3.044;34.150;1448.064;0.000;0.000;1.000;0.000;0.000;
25.04.2026 14:15:00;0.000;0.000;0.000;1074.568;2.372;3.039;33.874;1447.792;0.000;0.000;1.000;0.000;0.000;
25.04.2026 14:30:00;0.000;0.000;0.000;1074.504;2.372;3.043;32.896;1154.234;0.000;0.000;1.000;0.000;0.000;
25.04.2026 14:45:00;0.000;0.000;0.000;1074.316;2.372;3.048;32.811;971.442;0.000;0.000;1.000;0.000;0.000;
25.04.2026 15:00:00;0.000;0.000;0.000;1073.993;2.373;3.048;32.011;1008.979;0.000;0.000;1.000;0.000;0.000;
25.04.2026 15:15:00;0.000;0.000;0.000;1074.245;2.374;3.049;30.804;1036.217;0.000;0.000;1.000;0.000;0.000;
25.04.2026 15:30:00;0.000;0.000;0.000;1076.166;2.375;3.048;30.080;989.710;0.000;0.000;1.000;0.000;0.000;
25.04.2026 15:45:00;0.000;0.000;0.000;1076.037;2.375;3.051;29.689;890.525;0.000;0.000;1.000;0.000;0.000;
25.04.2026 16:00:00;0.000;0.000;0.000;1076.235;2.376;3.054;29.184;1040.776;0.000;0.000;1.000;0.000;0.000;
25.04.2026 16:15:00;0.000;0.000;0.000;1075.881;2.376;3.054;28.896;1214.782;0.000;0.000;1.000;0.000;0.000;
25.04.2026 16:30:00;0.000;0.000;0.000;1075.085;2.375;3.060;28.433;1069.243;0.000;0.000;1.000;0.000;0.000;
25.04.2026 16:45:00;0.000;0.000;0.000;2407.825;2.369;3.081;28.004;805.479;0.000;0.000;1.000;0.000;0.000;
25.04.2026 17:00:00;0.000;0.000;0.000;1347.296;2.350;3.088;27.553;598.701;0.000;0.000;1.000;0.000;0.000;
25.04.2026 17:15:00;0.000;0.000;0.000;1483.225;2.358;3.082;27.289;520.743;0.000;0.000;1.000;0.000;0.000;
25.04.2026 17:30:00;0.000;0.000;0.000;1492.917;2.360;3.058;27.000;479.136;0.000;0.000;1.000;0.000;0.000;
25.04.2026 17:45:00;0.000;0.000;0.000;1573.715;2.359;3.070;26.463;406.943;0.000;0.000;1.000;0.000;0.000;
25.04.2026 18:00:00;0.000;0.000;0.000;1498.889;2.359;3.075;25.969;328.281;0.000;0.000;1.000;0.000;0.000;
25.04.2026 18:15:00;0.000;0.000;0.000;2435.264;2.340;3.104;25.727;282.931;0.000;0.000;1.000;0.000;0.000;
25.04.2026 18:30:00;0.000;0.000;0.000;2717.255;2.308;3.132;25.387;288.693;0.000;0.000;1.000;0.000;0.000;
25.04.2026 18:45:00;0.000;0.000;0.000;2838.211;2.297;3.129;24.910;219.202;0.000;0.000;1.000;0.000;0.000;
25.04.2026 19:00:00;0.000;0.000;0.000;2851.151;2.295;3.111;24.489;156.143;0.000;0.000;1.000;0.000;0.000;
25.04.2026 19:15:00;0.000;0.000;0.000;2754.411;2.293;3.100;24.225;141.750;0.000;0.000;1.000;0.000;0.000;
25.04.2026 19:30:00;0.000;0.000;0.000;2762.723;2.296;3.095;24.060;119.693;0.000;0.000;1.000;0.000;0.000;
25.04.2026 19:45:00;0.000;0.000;0.000;2720.660;2.297;3.092;23.627;70.875;0.000;0.000;1.000;0.000;0.000;
25.04.2026 20:00:00;0.000;0.000;0.000;2788.337;2.296;3.095;22.415;24.718;0.000;0.000;1.000;0.000;0.000;
25.04.2026 20:15:00;0.000;0.000;0.000;2958.573;2.289;3.105;21.100;10.359;0.000;0.000;1.000;0.000;0.000;
25.04.2026 20:30:00;0.000;0.000;0.000;2822.278;2.288;3.104;20.437;3.046;0.000;0.000;1.000;0.000;0.000;
25.04.2026 20:45:00;0.000;0.000;0.000;2865.815;2.290;3.101;19.507;0.450;0.000;0.000;1.000;0.000;0.000;
25.04.2026 21:00:00;0.000;0.000;0.000;2997.885;2.284;3.102;18.532;0.448;0.000;0.000;1.000;0.000;0.000;
25.04.2026 21:15:00;0.000;0.000;0.000;3017.416;2.281;3.104;18.231;0.450;0.000;0.000;1.000;0.000;0.000;
25.04.2026 21:30:00;0.000;0.000;0.000;3016.916;2.278;3.111;18.188;0.449;0.000;0.000;1.000;0.000;0.000;
25.04.2026 21:45:00;0.000;0.000;0.000;3017.494;2.277;3.101;17.995;0.460;0.000;0.000;1.000;0.000;0.000;
25.04.2026 22:00:00;0.000;0.000;0.000;3018.661;2.276;3.098;17.822;0.447;0.000;0.000;1.000;0.000;0.000;
25.04.2026 22:15:00;0.000;0.000;0.000;3018.732;2.276;3.096;17.723;0.450;0.000;0.000;1.000;0.000;0.000;
25.04.2026 22:30:00;0.000;0.000;0.000;3017.613;2.275;3.099;17.595;0.463;0.000;0.000;1.000;0.000;0.000;
25.04.2026 22:45:00;0.000;0.000;0.000;3018.001;2.276;3.096;17.308;0.450;0.000;0.000;1.000;0.000;0.000;
25.04.2026 23:00:00;0.000;0.000;0.000;3018.723;2.276;3.094;16.726;0.453;0.000;0.000;1.000;0.000;0.000;
25.04.2026 23:15:00;0.000;0.000;0.000;3018.114;2.276;3.095;16.610;0.455;0.000;0.000;1.000;0.000;0.000;
25.04.2026 23:30:00;0.000;0.000;0.000;3017.858;2.275;3.093;15.755;0.473;0.000;0.000;1.000;0.000;0.000;
25.04.2026 23:45:00;0.000;0.000;0.000;2977.304;2.275;3.097;15.384;0.496;0.000;0.000;1.000;0.000;0.000;
26.04.2026 00:00:00;0.000;0.000;0.000;3017.375;2.276;3.091;15.646;0.439;0.000;0.000;1.000;0.000;0.000;
26.04.2026 00:15:00;0.000;0.000;0.000;3014.599;2.275;3.092;15.306;0.450;0.000;0.000;1.000;0.000;0.000;
26.04.2026 00:30:00;0.000;0.000;0.000;3017.528;2.276;3.092;14.633;0.450;0.000;0.000;1.000;0.000;0.000;
26.04.2026 00:45:00;0.000;0.000;0.000;3016.568;2.276;3.092;14.466;0.449;0.000;0.000;1.000;0.000;0.000;
26.04.2026 01:00:00;0.000;0.000;0.000;2939.135;2.275;3.091;14.417;0.450;0.000;0.000;1.000;0.000;0.000;
26.04.2026 01:15:00;0.000;0.000;0.000;2911.123;2.276;3.089;14.185;0.450;0.000;0.000;1.000;0.000;0.000;
26.04.2026 01:30:00;0.000;0.000;0.000;2932.292;2.275;3.090;13.881;0.450;0.000;0.000;1.000;0.000;0.000;
26.04.2026 01:45:00;0.000;0.000;0.000;3016.192;2.278;3.091;14.075;0.450;0.000;0.000;1.000;0.000;0.000;
26.04.2026 02:00:00;0.000;0.000;0.000;3018.247;2.275;3.088;13.719;0.455;0.000;0.000;1.000;0.000;0.000;
26.04.2026 02:15:00;0.000;0.000;0.000;3017.665;2.274;3.092;13.578;0.450;0.000;0.000;1.000;0.000;0.000;
26.04.2026 02:30:00;0.000;0.000;0.000;2912.845;2.276;3.088;13.797;0.437;0.000;0.000;1.000;0.000;0.000;
26.04.2026 02:45:00;0.000;0.000;0.000;2839.607;2.280;3.083;13.852;0.450;0.000;0.000;1.000;0.000;0.000;
26.04.2026 03:00:00;0.000;0.000;0.000;2954.817;2.281;3.082;13.767;0.463;0.000;0.000;1.000;0.000;0.000;
26.04.2026 03:15:00;0.000;0.000;0.000;2897.315;2.282;3.086;13.523;0.450;0.000;0.000;1.000;0.000;0.000;
26.04.2026 03:30:00;0.000;0.000;0.000;2831.837;2.287;3.082;13.339;0.423;0.000;0.000;1.000;0.000;0.000;
26.04.2026 03:45:00;0.000;0.000;0.000;3018.552;2.285;3.088;13.274;0.450;0.000;0.000;1.000;0.000;0.000;
26.04.2026 04:00:00;0.000;0.000;0.000;2977.598;2.277;3.100;13.076;0.462;0.000;0.000;1.000;0.000;0.000;
26.04.2026 04:15:00;0.000;0.000;0.000;2990.468;2.276;3.094;13.365;0.446;0.000;0.000;1.000;0.000;0.000;
26.04.2026 04:30:00;0.000;0.000;0.000;2795.258;2.279;3.086;13.062;0.450;0.000;0.000;1.000;0.000;0.000;
26.04.2026 04:45:00;0.000;0.000;0.000;2715.833;2.288;3.074;12.775;0.450;0.000;0.000;1.000;0.000;0.000;
26.04.2026 05:00:00;0.000;0.000;0.000;2809.246;2.289;3.074;12.748;0.423;0.000;0.000;1.000;0.000;0.000;
26.04.2026 05:15:00;0.000;0.000;0.000;2874.689;2.286;3.085;12.625;0.450;0.000;0.000;1.000;0.000;0.000;
26.04.2026 05:30:00;0.000;0.000;0.000;2838.125;2.285;3.087;12.513;0.453;0.000;0.000;1.000;0.000;0.000;
26.04.2026 05:45:00;0.000;0.000;0.000;2697.054;2.291;3.078;12.507;0.449;0.000;0.000;1.000;0.000;0.000;
26.04.2026 06:00:00;0.000;0.000;0.000;2734.775;2.295;3.076;12.449;0.450;0.000;0.000;1.000;0.000;0.000;
26.04.2026 06:15:00;0.000;0.000;0.000;2750.589;2.294;3.077;12.200;2.944;0.000;0.000;1.000;0.000;0.000;
26.04.2026 06:30:00;0.000;0.000;0.000;2691.903;2.296;3.079;12.344;7.202;0.000;0.000;1.000;0.000;0.000;
26.04.2026 06:45:00;0.000;0.000;0.000;2652.914;2.297;3.082;12.081;13.503;0.000;0.000;1.000;0.000;0.000;
26.04.2026 07:00:00;0.000;0.000;0.000;2739.205;2.296;3.081;12.120;19.125;0.000;0.000;1.000;0.000;0.000;
26.04.2026 07:15:00;0.000;0.000;0.000;2718.950;2.295;3.083;12.171;24.715;0.000;0.000;1.000;0.000;0.000;
26.04.2026 07:30:00;0.000;0.000;0.000;2779.881;2.293;3.088;12.161;29.589;0.000;0.000;1.000;0.000;0.000;
26.04.2026 07:45:00;0.000;0.000;0.000;2715.667;2.294;3.081;12.222;34.768;0.000;0.000;1.000;0.000;0.000;
26.04.2026 08:00:00;0.000;0.000;0.000;2560.799;2.298;3.073;12.187;40.604;0.000;0.000;1.000;0.000;0.000;
26.04.2026 08:15:00;0.000;0.000;0.000;2468.654;2.305;3.063;12.257;46.124;0.000;0.000;1.000;0.000;0.000;
26.04.2026 08:30:00;0.000;0.000;0.000;2564.890;2.304;3.069;12.399;52.167;0.000;0.000;1.000;0.000;0.000;
26.04.2026 08:45:00;0.000;0.000;0.000;2398.150;2.311;3.063;12.496;58.071;0.000;0.000;1.000;0.000;0.000;
26.04.2026 09:00:00;0.000;0.000;0.000;2529.830;2.307;3.073;12.849;74.164;0.000;0.000;1.000;0.000;0.000;
26.04.2026 09:15:00;0.000;0.000;0.000;2482.520;2.308;3.077;17.116;693.899;0.000;0.000;1.000;0.000;0.000;
26.04.2026 09:30:00;0.000;0.000;0.000;2537.622;2.306;3.079;20.371;715.174;0.000;0.000;1.000;0.000;0.000;
26.04.2026 09:45:00;0.000;0.000;0.000;2474.302;2.307;3.074;22.494;754.966;0.000;0.000;1.000;0.000;0.000;
26.04.2026 10:00:00;0.000;0.000;0.000;2550.732;2.307;3.074;24.389;780.844;0.000;0.000;1.000;0.000;0.000;
26.04.2026 10:15:00;0.000;0.000;0.000;2556.166;2.304;3.079;25.554;868.610;0.000;0.000;1.000;0.000;0.000;
26.04.2026 10:30:00;0.000;0.000;0.000;2458.071;2.305;3.075;26.881;961.190;0.000;0.000;1.000;0.000;0.000;
26.04.2026 10:45:00;0.000;0.000;0.000;2642.966;2.303;3.079;27.519;866.717;0.000;0.000;1.000;0.000;0.000;
26.04.2026 11:00:00;0.000;0.000;0.000;2576.672;2.302;3.081;29.028;988.988;0.000;0.000;1.000;0.000;0.000;
26.04.2026 11:15:00;0.000;0.000;0.000;1352.532;2.335;3.012;30.309;1173.145;0.000;0.000;1.000;0.000;0.000;
26.04.2026 11:30:00;0.000;0.000;0.000;1213.855;2.359;2.959;31.364;1210.981;0.000;0.000;1.000;0.000;0.000;
26.04.2026 11:45:00;0.000;0.000;0.000;1552.782;2.361;2.972;32.218;1008.227;0.000;0.000;1.000;0.000;0.000;
26.04.2026 12:00:00;0.000;0.000;0.000;1518.471;2.355;3.060;31.891;1161.882;0.000;0.000;1.000;0.000;0.000;
26.04.2026 12:15:00;0.000;0.000;0.000;1557.606;2.366;3.062;33.070;990.973;0.000;0.000;1.000;0.000;0.000;
26.04.2026 12:30:00;0.000;0.000;0.000;1470.352;2.353;3.081;30.736;979.477;0.000;0.000;1.000;0.000;0.000;
26.04.2026 12:45:00;0.000;0.000;0.000;1191.089;2.363;3.071;31.303;1048.839;0.000;0.000;1.000;0.000;0.000;
26.04.2026 13:00:00;0.000;0.000;0.000;1449.165;2.364;3.064;31.705;871.112;0.000;0.000;1.000;0.000;0.000;
26.04.2026 13:15:00;0.000;0.000;0.000;1203.940;2.367;3.063;31.359;1024.807;0.000;0.000;1.000;0.000;0.000;
26.04.2026 13:30:00;0.000;0.000;0.000;1274.319;2.369;3.069;32.293;1290.073;0.000;0.000;1.000;0.000;0.000;
26.04.2026 13:45:00;0.000;0.000;0.000;1131.335;2.371;3.063;31.996;1447.825;0.000;0.000;1.000;0.000;0.000;
26.04.2026 14:00:00;0.000;0.000;0.000;1076.838;2.376;3.061;31.036;787.497;0.000;0.000;1.000;0.000;0.000;
26.04.2026 14:15:00;0.000;0.000;0.000;1076.656;2.377;3.066;30.269;980.876;0.000;0.000;1.000;0.000;0.000;
26.04.2026 14:30:00;0.000;0.000;0.000;2409.724;2.371;3.085;29.184;824.206;0.000;0.000;1.000;0.000;0.000;
26.04.2026 14:45:00;0.000;0.000;0.000;1152.450;2.349;3.099;28.902;1064.213;0.000;0.000;1.000;0.000;0.000;
26.04.2026 15:00:00;0.000;0.000;0.000;1157.060;2.367;3.080;28.972;945.037;0.000;0.000;1.000;0.000;0.000;
26.04.2026 15:15:00;0.000;0.000;0.000;1620.916;2.365;3.063;28.303;692.866;0.000;0.000;1.000;0.000;0.000;
26.04.2026 15:30:00;0.000;0.000;0.000;1152.546;2.367;3.071;27.850;1086.033;0.000;0.000;1.000;0.000;0.000;
26.04.2026 15:45:00;0.000;0.000;0.000;1076.764;2.377;3.064;28.265;846.036;0.000;0.000;1.000;0.000;0.000;
26.04.2026 16:00:00;0.000;0.000;0.000;1076.696;2.380;3.062;28.258;864.300;0.000;0.000;1.000;0.000;0.000;
26.04.2026 16:15:00;0.000;0.000;0.000;1076.038;2.381;3.074;27.972;903.365;0.000;0.000;1.000;0.000;0.000;
26.04.2026 16:30:00;0.000;0.000;0.000;1840.316;2.346;3.122;27.337;1153.212;0.000;0.000;1.000;0.000;0.000;
26.04.2026 16:45:00;0.000;0.000;0.000;1470.439;2.360;3.095;27.178;999.398;0.000;0.000;1.000;0.000;0.000;
26.04.2026 17:00:00;0.000;0.000;0.000;1464.570;2.363;3.080;26.621;740.643;0.000;0.000;1.000;0.000;0.000;
26.04.2026 17:15:00;0.000;0.000;0.000;1644.999;2.363;3.080;25.927;515.539;0.000;0.000;1.000;0.000;0.000;
26.04.2026 17:30:00;0.000;0.000;0.000;1622.075;2.360;3.089;25.772;488.167;0.000;0.000;1.000;0.000;0.000;
26.04.2026 17:45:00;0.000;0.000;0.000;1699.674;2.356;3.097;25.338;409.645;0.000;0.000;1.000;0.000;0.000;
26.04.2026 18:00:00;0.000;0.000;0.000;1564.921;2.358;3.089;24.941;339.856;0.000;0.000;1.000;0.000;0.000;
26.04.2026 18:15:00;0.000;0.000;0.000;2526.093;2.342;3.111;24.403;294.175;0.000;0.000;1.000;0.000;0.000;
26.04.2026 18:30:00;0.000;0.000;0.000;2783.575;2.308;3.141;23.736;289.248;0.000;0.000;1.000;0.000;0.000;
26.04.2026 18:45:00;0.000;0.000;0.000;2905.789;2.296;3.137;22.855;235.417;0.000;0.000;1.000;0.000;0.000;
26.04.2026 19:00:00;0.000;0.000;0.000;2949.632;2.289;3.124;22.499;180.148;0.000;0.000;1.000;0.000;0.000;
26.04.2026 19:15:00;0.000;0.000;0.000;2909.207;2.289;3.114;21.940;148.747;0.000;0.000;1.000;0.000;0.000;
26.04.2026 19:30:00;0.000;0.000;0.000;2876.930;2.289;3.105;21.421;114.656;0.000;0.000;1.000;0.000;0.000;
26.04.2026 19:45:00;0.000;0.000;0.000;2960.487;2.288;3.107;20.876;47.243;0.000;0.000;1.000;0.000;0.000;
26.04.2026 20:00:00;0.000;0.000;0.000;2906.002;2.287;3.106;20.150;23.615;0.000;0.000;1.000;0.000;0.000;
26.04.2026 20:15:00;0.000;0.000;0.000;2878.318;2.290;3.106;19.321;11.690;0.000;0.000;1.000;0.000;0.000;
26.04.2026 20:30:00;0.000;0.000;0.000;2903.112;2.291;3.104;18.658;4.387;0.000;0.000;1.000;0.000;0.000;
26.04.2026 20:45:00;0.000;0.000;0.000;2942.104;2.291;3.109;18.248;0.778;0.000;0.000;1.000;0.000;0.000;
26.04.2026 21:00:00;0.000;0.000;0.000;3009.828;2.285;3.121;17.977;0.450;0.000;0.000;1.000;0.000;0.000;
26.04.2026 21:15:00;0.000;0.000;0.000;3014.129;2.287;3.115;17.898;0.450;0.000;0.000;1.000;0.000;0.000;
26.04.2026 21:30:00;0.000;0.000;0.000;3015.930;2.284;3.114;17.546;0.368;0.000;0.000;1.000;0.000;0.000;
26.04.2026 21:45:00;0.000;0.000;0.000;3015.949;2.282;3.113;16.998;0.450;0.000;0.000;1.000;0.000;0.000;
26.04.2026 22:00:00;0.000;0.000;0.000;3015.985;2.281;3.113;16.977;0.450;0.000;0.000;1.000;0.000;0.000;
26.04.2026 22:15:00;0.000;0.000;0.000;3015.778;2.281;3.108;16.326;0.464;0.000;0.000;1.000;0.000;0.000;
26.04.2026 22:30:00;0.000;0.000;0.000;3016.234;2.281;3.112;16.024;0.450;0.000;0.000;1.000;0.000;0.000;
26.04.2026 22:45:00;0.000;0.000;0.000;3016.109;2.281;3.109;16.004;0.477;0.000;0.000;1.000;0.000;0.000;
26.04.2026 23:00:00;0.000;0.000;0.000;3015.942;2.281;3.107;15.725;0.450;0.000;0.000;1.000;0.000;0.000;
26.04.2026 23:15:00;0.000;0.000;0.000;3014.487;2.281;3.104;15.590;0.449;0.000;0.000;1.000;0.000;0.000;
26.04.2026 23:30:00;0.000;0.000;0.000;3015.354;2.281;3.104;15.187;0.450;0.000;0.000;1.000;0.000;0.000;
26.04.2026 23:45:00;0.000;0.000;0.000;3015.603;2.280;3.106;15.138;0.450;0.000;0.000;1.000;0.000;0.000;
27.04.2026 00:00:00;0.000;0.000;0.000;3015.752;2.280;3.105;14.944;0.449;0.000;0.000;1.000;0.000;0.000;
