Einheit,kW,kW,kW,kW,m,m,°C,W/m2,mm,,,,,kW,kW
Signalname,PR_MI_SDR___:IO:Slot2:Prog_EWO_EGSHydro:IST_wert/t,PR_MI_SDR___:Prog:EWO:Last_Netto:SOL:IST_wert/t,PR_MI_SDR___:Prog:EWO:Last_Netto:IST:IST_wert/t,PR_MI_SDR___:IO:Slot3:SRL_Wirkleist_SOL:IST_wert/t,PR_M2_KWR2:KWR2N:Niveau:IST_wert/t,PR_M1_KWR1:KWR1N:Niveau:IST_wert/t,PR_MI_UBERGB:GW:Aussen_Temp:IST_wert/t,PR_MI_UBERGB:IO:Slot3:Solar_Irradiance:IST_wert/t,PR_MI_UBERGB:APPL:Regen:IST_mm_je_24h:IST_wert/t,PR_M1_KWR1:KWR1SDR:Modus_aktiv:RM_status_1/t,PR_M1_KWR1:KWR1SDR:Prog_Modus_aktiv:RM_status_1/t,PR_M1_KWR1:KWR1UEB:Modus_aktiv:RM_status_1/t,PR_M1_KWR1:KWR1N:Modus_aktiv:RM_status_1/t,PR_MI_SDR___:IO:Slot2:Prog_EWO_EGS_PV:IST_wert/t,PR_MI_SDR___:IO:Slot2:Prog_EWO_LGS:IST_wert/t
22.03.2026 00:00:00,,,,952.876,2,2.511,9.536,0.434,0,0,1,0,0,,
22.03.2026 00:15:00,,,,810.699,2.018,2.501,9.499,0.45,0,0,1,0,0,,
22.03.2026 00:30:00,,,,911.288,2.03,2.516,9.507,0.45,0,0,1,0,0,,
22.03.2026 00:45:00,,,,891.638,2.038,2.54,9.402,0.45,0,0,1,0,0,,
22.03.2026 01:00:00,,,,723.614,2.049,2.548,9.478,0.45,0,0,1,0,0,,
22.03.2026 01:15:00,,,,706.62,2.065,2.548,9.492,0.45,0,0,1,0,0,,
22.03.2026 01:30:00,,,,680.219,2.076,2.561,9.473,0.45,0,0,1,0,0,,
22.03.2026 01:45:00,,,,1067.86,2.088,2.579,9.319,0.45,0,0,1,0,0,,
22.03.2026 02:00:00,,,,752.349,2.103,2.584,9.416,0.45,0,0,1,0,0,,
22.03.2026 02:15:00,,,,719.917,2.119,2.589,9.307,0.45,0,0,1,0,0,,
22.03.2026 02:30:00,,,,679.166,2.134,2.603,9.43,0.45,0,0,1,0,0,,
22.03.2026 02:45:00,,,,752.752,2.149,2.616,9.368,0.452,0,0,1,0,0,,
22.03.2026 03:00:00,,,,698.008,2.165,2.625,9.217,0.45,0,0,1,0,0,,
22.03.2026 03:15:00,,,,653.704,2.186,2.628,9.318,0.45,0,0,1,0,0,,
22.03.2026 03:30:00,,,,743.269,2.203,2.644,9.181,0.45,0,0,1,0,0,,
22.03.2026 03:45:00,,,,1138.992,2.208,2.685,9.02,0.45,0,0,1,0,0,,
22.03.2026 04:00:00,,,,735.583,2.218,2.683,8.917,0.45,0,0,1,0,0,,
22.03.2026 04:15:00,,,,657.56,2.228,2.672,8.4,0.45,0,0,1,0,0,,
22.03.2026 04:30:00,,,,567.47,2.238,2.668,8.503,0.45,0,0,1,0,0,,
22.03.2026 04:45:00,,,,673.331,2.241,2.684,8.582,0.45,0,0,1,0,0,,
22.03.2026 05:00:00,,,,650.989,2.24,2.712,8.311,0.45,0,0,1,0,0,,
22.03.2026 05:15:00,,,,884.623,2.234,2.74,8.355,0.525,0,0,1,0,0,,
22.03.2026 05:30:00,,,,883.677,2.232,2.747,9.141,0.449,0,0,1,0,0,,
22.03.2026 05:45:00,,,,897.96,2.229,2.743,10.082,0.45,0,0,1,0,0,,
22.03.2026 06:00:00,,,,1096.533,2.224,2.737,10.449,0.45,0,0,1,0,0,,
22.03.2026 06:15:00,,,,1148.529,2.217,2.715,10.182,1.059,0,0,1,0,0,,
22.03.2026 06:30:00,,,,1237.189,2.215,2.656,9.3,4.838,0,0,1,0,0,,
22.03.2026 06:45:00,,,,1363.347,2.21,2.586,8.975,14.845,0,0,1,0,0,,
22.03.2026 07:00:00,,,,1240.332,2.206,2.512,8.697,35.498,0,0,1,0,0,,
22.03.2026 07:15:00,,,,1097.667,2.206,2.453,8.664,63.754,0,0,1,0,0,,
22.03.2026 07:30:00,,,,1187.327,2.207,2.413,8.9,95.625,0,0,1,0,0,,
22.03.2026 07:45:00,,,,1161.873,2.206,2.386,8.909,119.186,0,0,1,0,0,,
22.03.2026 08:00:00,,,,1149.235,2.207,2.353,9.289,137.531,0,0,1,0,0,,
22.03.2026 08:15:00,,,,993.453,2.212,2.306,9.706,159.637,0,0,1,0,0,,
22.03.2026 08:30:00,,,,865.347,2.219,2.26,11.624,503.459,0,0,1,0,0,,
22.03.2026 08:45:00,,,,882.647,2.226,2.214,15.137,597.712,0,0,1,0,0,,
22.03.2026 09:00:00,,,,773.06,2.235,2.167,16.703,637.939,0,0,1,0,0,,
22.03.2026 09:15:00,,,,614.5,2.245,2.127,17.599,642.796,0,0,1,0,0,,
22.03.2026 09:30:00,,,,527.916,2.25,2.089,17.985,716.381,0,0,0,1,0,,
22.03.2026 09:45:00,,,,821.692,2.247,2.076,17.302,991.743,0,0,0,1,0,,
22.03.2026 10:00:00,,,,1017.56,2.237,2.061,16.213,977.77,0,0,0,0,1,,
22.03.2026 10:15:00,,,,1149.909,2.227,2.028,15.693,799.477,0,0,0,0,1,,
22.03.2026 10:30:00,,,,1243.513,2.218,1.987,15.466,711.444,0,0,0,0,1,,
22.03.2026 10:45:00,,,,1326.747,2.212,1.96,15.434,699.328,0,0,0,0,1,,
22.03.2026 11:00:00,,,,1311.87,2.207,1.914,15.702,773.468,0,0,0,0,1,,
22.03.2026 11:15:00,,,,1248.141,2.203,1.878,15.613,906.774,0,0,0,0,1,,
22.03.2026 11:30:00,,,,1149.353,2.2,1.877,15.948,1184.064,0,0,0,0,1,,
22.03.2026 11:45:00,,,,1088.99,2.197,1.919,15.871,1197.38,0,0,0,0,1,,
22.03.2026 12:00:00,,,,1055.731,2.195,1.977,15.87,1200.218,0,0,0,0,1,,
22.03.2026 12:15:00,,,,1041.623,2.193,2.045,15.94,1235.695,0,0,0,0,1,,
22.03.2026 12:30:00,,,,1080.098,2.19,2.128,15.827,1307.98,0,0,0,0,1,,
22.03.2026 12:45:00,,,,1096.274,2.188,2.166,15.917,1259.91,0,0,0,0,1,,
22.03.2026 13:00:00,,,,1086.674,2.185,2.19,15.671,981.732,0,0,0,0,1,,
22.03.2026 13:15:00,,,,883.186,2.184,2.22,15.92,952.492,0,0,1,0,0,,
22.03.2026 13:30:00,,,,368.408,2.212,2.219,15.691,940.589,0,0,1,0,0,,
22.03.2026 13:45:00,,,,298.789,2.236,2.257,15.642,1099.94,0,0,1,0,0,,
22.03.2026 14:00:00,,,,304.397,2.247,2.323,15.611,1056.223,0,0,1,0,0,,
22.03.2026 14:15:00,,,,388.216,2.252,2.41,15.641,1020.277,0,0,1,0,0,,
22.03.2026 14:30:00,,,,517.372,2.252,2.461,15.639,933.628,0,0,1,0,0,,
22.03.2026 14:45:00,,,,557.284,2.251,2.505,15.296,760.941,0,0,1,0,0,,
22.03.2026 15:00:00,,,,458.212,2.249,2.538,15.144,648.166,0,0,1,0,0,,
22.03.2026 15:15:00,,,,428.555,2.251,2.572,15.1,562.407,0,0,1,0,0,,
22.03.2026 15:30:00,,,,544.223,2.251,2.651,14.867,447.201,0,0,1,0,0,,
22.03.2026 15:45:00,,,,535.919,2.255,2.687,14.714,404.822,0,0,1,0,0,,
22.03.2026 16:00:00,,,,550.376,2.257,2.717,14.525,449.66,0,0,1,0,0,,
22.03.2026 16:15:00,,,,800.98,2.257,2.718,14.505,289.471,0,0,1,0,0,,
22.03.2026 16:30:00,,,,657.41,2.253,2.707,14.1,170.358,0,0,1,0,0,,
22.03.2026 16:45:00,,,,902.61,2.25,2.68,13.784,120.169,0,0,1,0,0,,
22.03.2026 17:00:00,,,,960.157,2.242,2.684,13.492,79.961,0,0,1,0,0,,
22.03.2026 17:15:00,,,,963.023,2.239,2.656,13.293,108.124,0,0,1,0,0,,
22.03.2026 17:30:00,,,,1201.417,2.231,2.64,13.106,76.998,0,0,1,0,0,,
22.03.2026 17:45:00,,,,1386.844,2.216,2.659,12.999,49.907,0,0,1,0,0,,
22.03.2026 18:00:00,,,,1521.853,2.204,2.625,12.73,39.027,0,0,1,0,0,,
22.03.2026 18:15:00,,,,1535.341,2.195,2.583,12.4,19.125,0,0,1,0,0,,
22.03.2026 18:30:00,,,,1517.732,2.183,2.56,12.075,8.711,0,0,1,0,0,,
22.03.2026 18:45:00,,,,1485.775,2.168,2.556,11.689,3.036,0,0,1,0,0,,
22.03.2026 19:00:00,,,,1447.213,2.157,2.566,11.436,0.447,0,0,1,0,0,,
22.03.2026 19:15:00,,,,1432.495,2.145,2.537,11.259,0.45,0,0,1,0,0,,
22.03.2026 19:30:00,,,,1417.161,2.132,2.514,11.114,0.45,0,0,1,0,0,,
22.03.2026 19:45:00,,,,1470.906,2.117,2.506,10.785,0.45,0,0,1,0,0,,
22.03.2026 20:00:00,,,,1523.168,2.096,2.517,10.517,0.45,0,0,1,0,0,,
22.03.2026 20:15:00,,,,1342.463,2.085,2.493,10.225,0.491,0,0,1,0,0,,
22.03.2026 20:30:00,,,,1234.295,2.076,2.475,10.006,0.45,0,0,1,0,0,,
22.03.2026 20:45:00,,,,1351.744,2.067,2.467,9.552,0.456,0,0,1,0,0,,
22.03.2026 21:00:00,,,,1324.409,2.058,2.463,9.172,0.45,0,0,1,0,0,,
22.03.2026 21:15:00,,,,1308.972,2.052,2.454,8.96,0.45,0,0,1,0,0,,
22.03.2026 21:30:00,,,,1178.183,2.051,2.432,8.748,0.45,0,0,1,0,0,,
22.03.2026 21:45:00,,,,994.497,2.058,2.409,8.686,0.453,0,0,1,0,0,,
22.03.2026 22:00:00,,,,872.422,2.07,2.394,8.398,0.45,0,0,1,0,0,,
22.03.2026 22:15:00,,,,792.534,2.082,2.403,8.657,0.45,0,0,1,0,0,,
22.03.2026 22:30:00,,,,797.183,2.096,2.425,8.292,0.414,0,0,1,0,0,,
22.03.2026 22:45:00,,,,865.149,2.109,2.472,8.397,0.45,0,0,1,0,0,,
22.03.2026 23:00:00,,,,744.328,2.127,2.465,8.317,0.45,0,0,1,0,0,,
22.03.2026 23:15:00,,,,839.586,2.142,2.464,8.123,0.45,0,0,1,0,0,,
22.03.2026 23:30:00,,,,797.291,2.156,2.475,7.948,0.45,0,0,1,0,0,,
22.03.2026 23:45:00,,,,767.684,2.171,2.483,8.052,0.466,0,0,1,0,0,,
23.03.2026 00:00:00,,,,894.271,2.183,2.504,8.253,0.45,0,0,1,0,0,,
23.03.2026 00:15:00,,,,698.4,2.196,2.519,8.399,0.477,0,0,1,0,0,,
23.03.2026 00:30:00,,,,991.204,2.206,2.537,8.154,0.45,0,0,1,0,0,,
23.03.2026 00:45:00,,,,810.551,2.212,2.544,8.385,0.45,0,0,1,0,0,,
23.03.2026 01:00:00,,,,666.109,2.223,2.536,8.222,0.45,0,0,1,0,0,,
23.03.2026 01:15:00,,,,754.639,2.229,2.541,8.29,0.443,0,0,1,0,0,,
23.03.2026 01:30:00,,,,769.712,2.231,2.556,8.299,0.45,0,0,1,0,0,,
23.03.2026 01:45:00,,,,1044.378,2.227,2.594,7.801,0.45,0,0,1,0,0,,
23.03.2026 02:00:00,,,,823.951,2.228,2.617,7.624,0.45,0,0,1,0,0,,
23.03.2026 02:15:00,,,,775.04,2.23,2.598,7.501,0.463,0,0,1,0,0,,
23.03.2026 02:30:00,,,,749.708,2.23,2.589,7.29,0.451,0,0,1,0,0,,
23.03.2026 02:45:00,,,,812.005,2.232,2.601,7.498,0.424,0,0,1,0,0,,
23.03.2026 03:00:00,,,,882.569,2.23,2.639,7.174,0.45,0,0,1,0,0,,
23.03.2026 03:15:00,,,,940.431,2.232,2.656,6.8,0.45,0,0,1,0,0,,
23.03.2026 03:30:00,,,,824.596,2.231,2.665,6.743,0.45,0,0,1,0,0,,
23.03.2026 03:45:00,,,,1197.81,2.229,2.671,6.825,0.454,0,0,1,0,0,,
23.03.2026 04:00:00,,,,837.531,2.229,2.67,6.983,0.501,0,0,1,0,0,,
23.03.2026 04:15:00,,,,838.377,2.233,2.666,7.197,0.45,0,0,1,0,0,,
23.03.2026 04:30:00,,,,842.841,2.233,2.678,6.891,0.45,0,0,1,0,0,,
23.03.2026 04:45:00,,,,817.367,2.232,2.696,6.873,0.449,0,0,1,0,0,,
23.03.2026 05:00:00,,,,794.471,2.235,2.728,6.699,0.449,0,0,1,0,0,,
23.03.2026 05:15:00,,,,872.215,2.234,2.726,6.722,0.45,0,0,1,0,0,,
23.03.2026 05:30:00,,,,1044.485,2.229,2.73,6.685,0.45,0,0,1,0,0,,
23.03.2026 05:45:00,,,,1051.544,2.224,2.739,6.691,0.45,0,0,1,0,0,,
23.03.2026 06:00:00,,,,1309.878,2.212,2.739,6.641,0.464,0,0,1,0,0,,
23.03.2026 06:15:00,,,,1296.751,2.208,2.69,6.643,1.099,0,0,1,0,0,,
23.03.2026 06:30:00,,,,1442.179,2.203,2.632,6.432,4.838,0,0,1,0,0,,
23.03.2026 06:45:00,,,,1389.279,2.196,2.566,6.669,11.036,0,0,1,0,0,,
23.03.2026 07:00:00,,,,1340.46,2.192,2.505,6.461,24.94,0,0,1,0,0,,
23.03.2026 07:15:00,,,,1179.773,2.195,2.449,6.46,51.05,0,0,1,0,0,,
23.03.2026 07:30:00,,,,1160.167,2.195,2.416,6.878,76.355,0,0,1,0,0,,
23.03.2026 07:45:00,,,,1312.623,2.191,2.394,7.285,81.282,0,0,1,0,0,,
23.03.2026 08:00:00,,,,1306.889,2.186,2.367,7.3,122.354,0,0,1,0,0,,
23.03.2026 08:15:00,,,,1378,2.184,2.318,8.085,82.505,0,0,1,0,0,,
23.03.2026 08:30:00,,,,1388.957,2.175,2.28,8.097,67.706,0,0,1,0,0,,
23.03.2026 08:45:00,,,,1401.444,2.164,2.237,7.889,128.873,0,0,1,0,0,,
23.03.2026 09:00:00,,,,1267.411,2.158,2.183,8.927,567.195,0,0,1,0,0,,
23.03.2026 09:15:00,,,,666.131,2.171,2.107,12.199,649.876,0,0,1,0,0,,
23.03.2026 09:30:00,,,,587.964,2.197,2.045,16.028,833.295,0,0,1,0,0,,
23.03.2026 09:45:00,,,,1080.515,2.207,2.046,16.86,122.826,0,0,1,0,0,,
23.03.2026 10:00:00,,,,1030.841,2.204,2.056,14.468,160.137,0,0,1,0,0,,
23.03.2026 10:15:00,,,,858.128,2.208,2.037,13.305,599.762,0,0,1,0,0,,
23.03.2026 10:30:00,,,,555.477,2.231,1.924,17.092,966.095,0,0,1,0,0,,
23.03.2026 10:45:00,,,,465.571,2.249,1.84,20.407,1046.74,0,0,1,0,0,,
23.03.2026 11:00:00,,,,1148.174,2.243,1.86,21.489,324.549,0,0,1,0,0,,
23.03.2026 11:15:00,,,,1049.158,2.226,1.915,18.196,403.244,0,0,1,0,0,,
23.03.2026 11:30:00,,,,1183.172,2.218,1.956,16.413,1205.233,0,0,1,0,0,,
23.03.2026 11:45:00,,,,633.481,2.223,1.969,18.8,1241.686,0,0,1,0,0,,
23.03.2026 12:00:00,,,,365.798,2.24,1.979,20.692,1297.248,0,0,1,0,0,,
23.03.2026 12:15:00,,,,333.994,2.252,2.041,22.836,1128.125,0,0,1,0,0,,
23.03.2026 12:30:00,,,,353.137,2.258,2.115,22.636,457.846,0,0,1,0,0,,
23.03.2026 12:45:00,,,,372.655,2.26,2.167,21.739,1234.216,0,0,1,0,0,,
23.03.2026 13:00:00,,,,284.658,2.263,2.194,22.709,1257.234,0,0,1,0,0,,
23.03.2026 13:15:00,,,,249.117,2.266,2.216,23.9,797.43,0,0,1,0,0,,
23.03.2026 13:30:00,,,,807.073,2.262,2.304,22.793,1086.895,0,0,0,1,0,,
23.03.2026 13:45:00,,,,1201.918,2.237,2.427,20.507,361.695,0,0,0,0,1,,
23.03.2026 14:00:00,,,,1428.657,2.217,2.492,18.2,368.227,0,0,0,0,1,,
23.03.2026 14:15:00,,,,1535.975,2.202,2.509,16.482,216.677,0,0,0,0,1,,
23.03.2026 14:30:00,,,,1503.643,2.189,2.498,15.378,200.572,0,0,0,0,1,,
23.03.2026 14:45:00,,,,1374.067,2.18,2.469,15.102,281.569,0,0,0,0,1,,
23.03.2026 15:00:00,,,,1210.412,2.177,2.461,15.12,234.441,0,0,0,0,1,,
23.03.2026 15:15:00,,,,1082.862,2.176,2.487,15.586,269.977,0,0,0,0,1,,
23.03.2026 15:30:00,,,,1046.984,2.177,2.559,15.945,369.675,0,0,0,0,1,,
23.03.2026 15:45:00,,,,1033.443,2.177,2.616,16.398,205.749,0,0,0,0,1,,
23.03.2026 16:00:00,,,,1041.241,2.177,2.681,15.998,166.725,0,0,0,0,1,,
23.03.2026 16:15:00,,,,1135.153,2.175,2.721,15.383,70.936,0,0,0,0,1,,
23.03.2026 16:30:00,,,,1207.235,2.172,2.722,14.779,58.656,0,0,0,0,1,,
23.03.2026 16:45:00,,,,1251.198,2.168,2.692,14.161,98.038,0,0,0,0,1,,
23.03.2026 17:00:00,,,,1244.113,2.165,2.656,13.731,123.999,0,0,0,0,1,,
23.03.2026 17:15:00,,,,1210.143,2.161,2.624,13.6,127.418,0,0,0,0,1,,
23.03.2026 17:30:00,,,,1173.262,2.158,2.61,13.016,83.582,0,0,0,0,1,,
23.03.2026 17:45:00,,,,1204.02,2.154,2.611,13.066,59.848,0,0,1,0,0,,
23.03.2026 18:00:00,,,,1571.235,2.137,2.636,12.737,23.625,0,0,1,0,0,,
23.03.2026 18:15:00,,,,1552.162,2.116,2.629,12.511,10.35,0,0,1,0,0,,
23.03.2026 18:30:00,,,,1520.31,2.098,2.598,12.435,4.338,0,0,1,0,0,,
23.03.2026 18:45:00,,,,1605.671,2.082,2.566,12.406,1.721,0,0,1,0,0,,
23.03.2026 19:00:00,,,,1613.238,2.058,2.559,12.253,0.486,0,0,1,0,0,,
23.03.2026 19:15:00,,,,1515.71,2.038,2.544,12.005,0.449,0,0,1,0,0,,
23.03.2026 19:30:00,,,,1549.955,2.017,2.533,11.824,0.447,0,0,1,0,0,,
23.03.2026 19:45:00,,,,1448.225,2.002,2.515,11.809,0.45,0,0,1,0,0,,
23.03.2026 20:00:00,,,,1471.114,1.986,2.507,11.772,0.487,0,0,1,0,0,,
23.03.2026 20:15:00,,,,1400.736,1.967,2.506,11.554,0.45,0,0,1,0,0,,
23.03.2026 20:30:00,,,,1381.446,1.953,2.491,11.299,0.45,0,0,1,0,0,,
23.03.2026 20:45:00,,,,1346.734,1.94,2.472,11.304,0.45,0,0,1,0,0,,
23.03.2026 21:00:00,,,,1294.358,1.932,2.452,11.19,0.45,0,0,1,0,0,,
23.03.2026 21:15:00,,,,1309.376,1.927,2.442,10.56,0.451,0,0,1,0,0,,
23.03.2026 21:30:00,,,,1074.575,1.926,2.426,10.5,0.45,0,0,1,0,0,,
23.03.2026 21:45:00,,,,975.424,1.933,2.413,10.516,0.45,0,0,1,0,0,,
23.03.2026 22:00:00,,,,897.433,1.943,2.402,10.371,0.45,0,0,1,0,0,,
23.03.2026 22:15:00,,,,845.579,1.957,2.406,10.115,0.45,0,0,1,0,0,,
23.03.2026 22:30:00,,,,841.303,1.967,2.43,9.668,0.45,0,0,1,0,0,,
23.03.2026 22:45:00,,,,1039.67,1.973,2.464,9.482,0.45,0,0,1,0,0,,
23.03.2026 23:00:00,,,,876.215,1.979,2.476,9.219,0.45,0,0,1,0,0,,
23.03.2026 23:15:00,,,,1001.204,1.983,2.486,9.063,0.45,0,0,1,0,0,,
23.03.2026 23:30:00,,,,912.556,1.991,2.479,9.015,0.449,0,0,1,0,0,,
23.03.2026 23:45:00,,,,836.124,2,2.478,8.724,0.45,0,0,1,0,0,,
24.03.2026 00:00:00,,,,1006.655,2.007,2.499,8.358,0.45,0,0,1,0,0,,
24.03.2026 00:15:00,,,,918.354,2.015,2.511,8.325,0.45,0,0,1,0,0,,
24.03.2026 00:30:00,,,,1155.032,2.018,2.536,8.328,0.45,0,0,1,0,0,,
24.03.2026 00:45:00,,,,943.793,2.018,2.551,8.291,0.45,0,0,1,0,0,,
24.03.2026 01:00:00,,,,892.137,2.024,2.544,7.799,0.45,0,0,1,0,0,,
24.03.2026 01:15:00,,,,893.388,2.032,2.54,7.689,0.45,0,0,1,0,0,,
24.03.2026 01:30:00,,,,887.136,2.039,2.552,7.689,0.45,0,0,1,0,0,,
24.03.2026 01:45:00,,,,1208.957,2.04,2.584,7.71,0.45,0,0,1,0,0,,
24.03.2026 02:00:00,,,,910.661,2.044,2.592,7.561,0.45,0,0,1,0,0,,
24.03.2026 02:15:00,,,,954.209,2.05,2.595,7.488,0.45,0,0,1,0,0,,
24.03.2026 02:30:00,,,,940.292,2.054,2.626,7.325,0.45,0,0,1,0,0,,
24.03.2026 02:45:00,,,,959.973,2.061,2.616,7.23,0.45,0,0,1,0,0,,
24.03.2026 03:00:00,,,,885.752,2.069,2.609,7.023,0.45,0,0,1,0,0,,
24.03.2026 03:15:00,,,,764.817,2.083,2.609,6.88,0.45,0,0,1,0,0,,
24.03.2026 03:30:00,,,,946.186,2.093,2.637,6.691,0.496,0,0,1,0,0,,
24.03.2026 03:45:00,,,,1284.077,2.091,2.688,6.552,0.542,0,0,1,0,0,,
24.03.2026 04:00:00,,,,956.141,2.091,2.696,6.418,0.45,0,0,1,0,0,,
24.03.2026 04:15:00,,,,985.175,2.097,2.683,6.311,0.45,0,0,1,0,0,,
24.03.2026 04:30:00,,,,911.456,2.104,2.673,6.109,0.458,0,0,1,0,0,,
24.03.2026 04:45:00,,,,950.273,2.112,2.68,6.008,0.45,0,0,1,0,0,,
24.03.2026 05:00:00,,,,1022.536,2.114,2.709,5.881,0.45,0,0,1,0,0,,
24.03.2026 05:15:00,,,,869.456,2.119,2.722,5.873,0.45,0,0,1,0,0,,
24.03.2026 05:30:00,,,,1040.901,2.124,2.738,5.948,0.465,0,0,1,0,0,,
24.03.2026 05:45:00,,,,1121.536,2.121,2.751,5.358,0.484,0,0,1,0,0,,
24.03.2026 06:00:00,,,,1388.926,2.108,2.747,5.401,0.496,0,0,1,0,0,,
24.03.2026 06:15:00,,,,1434.424,2.096,2.7,5.226,3.825,0,0,1,0,0,,
24.03.2026 06:30:00,,,,1498.747,2.08,2.639,5.33,6.602,0,0,1,0,0,,
24.03.2026 06:45:00,,,,1533.366,2.071,2.561,5.328,19.323,0,0,1,0,0,,
24.03.2026 07:00:00,,,,1510.635,2.059,2.506,5.522,32.975,0,0,1,0,0,,
24.03.2026 07:15:00,,,,1425.598,2.042,2.47,5.503,45.263,0,0,1,0,0,,
24.03.2026 07:30:00,,,,1630.051,2.018,2.452,5.75,64.053,0,0,1,0,0,,
24.03.2026 07:45:00,,,,1661.119,1.992,2.42,6.246,81.332,0,0,1,0,0,,
24.03.2026 08:00:00,,,,1679.797,1.966,2.373,6.319,86.62,0,0,1,0,0,,
24.03.2026 08:15:00,,,,1675.752,1.941,2.314,6.385,131.668,0,0,1,0,0,,
24.03.2026 08:30:00,,,,1662.005,1.914,2.262,8.724,448.546,0,0,1,0,0,,
24.03.2026 08:45:00,,,,1601.025,1.887,2.223,12.392,444.68,0,0,1,0,0,,
24.03.2026 09:00:00,,,,1555.395,1.869,2.178,15.119,525.846,0,0,1,0,0,,
24.03.2026 09:15:00,,,,1196.456,1.859,2.127,16.703,648.732,0,0,1,0,0,,
24.03.2026 09:30:00,,,,1177.046,1.858,2.08,18.408,558.791,0,0,1,0,0,,
24.03.2026 09:45:00,,,,1144.266,1.856,2.051,19.126,577.483,0,0,1,0,0,,
24.03.2026 10:00:00,,,,1056.936,1.857,2.019,19.887,836.038,0,0,1,0,0,,
24.03.2026 10:15:00,,,,1146.612,1.854,1.997,20.967,679.09,0,0,1,0,0,,
24.03.2026 10:30:00,,,,1180.555,1.852,1.956,22.195,644.235,0,0,1,0,0,,
24.03.2026 10:45:00,,,,1169.168,1.851,1.904,22.499,658.735,0,0,1,0,0,,
24.03.2026 11:00:00,,,,1189.101,1.847,1.879,22.996,673.282,0,0,1,0,0,,
24.03.2026 11:15:00,,,,1029.973,1.841,1.88,23.298,995.331,0,0,1,0,0,,
24.03.2026 11:30:00,,,,1274.366,1.834,1.914,24.476,1106.135,0,0,1,0,0,,
24.03.2026 11:45:00,,,,1336.549,1.816,1.984,25.029,1179.55,0,0,1,0,0,,
24.03.2026 12:00:00,,,,1059.327,1.805,2.026,25.179,1061.964,0,0,1,0,0,,
24.03.2026 12:15:00,,,,734.673,1.817,2.032,25.169,1175.523,0,0,1,0,0,,
24.03.2026 12:30:00,,,,529.818,1.841,2.06,23.39,1293.109,0,0,1,0,0,,
24.03.2026 12:45:00,,,,586.145,1.866,2.115,24.675,1115.424,0,0,1,0,0,,
24.03.2026 13:00:00,,,,335.791,1.893,2.179,24.527,1011.87,0,0,1,0,0,,
24.03.2026 13:15:00,,,,393.03,1.925,2.232,24.768,952.581,0,0,1,0,0,,
24.03.2026 13:30:00,,,,509.763,1.952,2.292,24.4,919.879,0,0,1,0,0,,
24.03.2026 13:45:00,,,,596.541,1.974,2.343,23.884,997.832,0,0,1,0,0,,
24.03.2026 14:00:00,,,,986.117,1.996,2.379,22.133,914.969,0,0,1,0,0,,
24.03.2026 14:15:00,,,,479.425,2.017,2.413,21.653,1015.551,0,0,1,0,0,,
24.03.2026 14:30:00,,,,523.627,2.044,2.462,21.309,942.459,0,0,1,0,0,,
24.03.2026 14:45:00,,,,656.33,2.068,2.479,21.076,739.739,0,0,1,0,0,,
24.03.2026 15:00:00,,,,671.505,2.085,2.523,20.777,826.23,0,0,1,0,0,,
24.03.2026 15:15:00,,,,642.325,2.099,2.573,20.308,649.182,0,0,1,0,0,,
24.03.2026 15:30:00,,,,972.003,2.11,2.63,19.896,474.812,0,0,1,0,0,,
24.03.2026 15:45:00,,,,886.969,2.115,2.679,19.691,428.862,0,0,1,0,0,,
24.03.2026 16:00:00,,,,940.883,2.122,2.71,19.374,431.643,0,0,1,0,0,,
24.03.2026 16:15:00,,,,752.891,2.138,2.703,19.083,432.818,0,0,1,0,0,,
24.03.2026 16:30:00,,,,921.783,2.154,2.685,18.683,197.961,0,0,1,0,0,,
24.03.2026 16:45:00,,,,871.249,2.16,2.679,18.109,270.926,0,0,1,0,0,,
24.03.2026 17:00:00,,,,1208.225,2.159,2.677,17.765,348.118,0,0,1,0,0,,
24.03.2026 17:15:00,,,,1195.633,2.156,2.664,17.378,210.463,0,0,1,0,0,,
24.03.2026 17:30:00,,,,1473.704,2.142,2.656,16.784,129.983,0,0,1,0,0,,
24.03.2026 17:45:00,,,,1599.263,2.119,2.648,16.436,71.684,0,0,1,0,0,,
24.03.2026 18:00:00,,,,1645.329,2.095,2.626,16.161,51.638,0,0,1,0,0,,
24.03.2026 18:15:00,,,,1409.322,2.083,2.576,15.605,42.3,0,0,1,0,0,,
24.03.2026 18:30:00,,,,1396.356,2.071,2.556,15.021,22.064,0,0,1,0,0,,
24.03.2026 18:45:00,,,,1472.534,2.057,2.556,14.491,4.261,0,0,1,0,0,,
24.03.2026 19:00:00,,,,1568.953,2.039,2.569,13.895,1.013,0,0,1,0,0,,
24.03.2026 19:15:00,,,,1503.279,2.018,2.569,13.398,0.45,0,0,1,0,0,,
24.03.2026 19:30:00,,,,1339.653,2.003,2.541,12.695,0.45,0,0,1,0,0,,
24.03.2026 19:45:00,,,,1370.549,1.992,2.513,12.184,0.45,0,0,1,0,0,,
24.03.2026 20:00:00,,,,1299.69,1.98,2.496,11.871,0.45,0,0,1,0,0,,
24.03.2026 20:15:00,,,,1382.496,1.969,2.493,11.672,0.45,0,0,1,0,0,,
24.03.2026 20:30:00,,,,1419.651,1.954,2.5,11.467,0.445,0,0,1,0,0,,
24.03.2026 20:45:00,,,,1328.082,1.942,2.487,11.304,0.45,0,0,1,0,0,,
24.03.2026 21:00:00,,,,1398.568,1.93,2.467,11.253,0.409,0,0,1,0,0,,
24.03.2026 21:15:00,,,,1491.906,1.914,2.461,11.151,0.444,0,0,1,0,0,,
24.03.2026 21:30:00,,,,1018.005,1.912,2.422,10.751,0.451,0,0,1,0,0,,
24.03.2026 21:45:00,,,,939.257,1.922,2.389,10.668,0.45,0,0,1,0,0,,
24.03.2026 22:00:00,,,,774.168,1.934,2.384,10.504,0.437,0,0,1,0,0,,
24.03.2026 22:15:00,,,,924.273,1.943,2.411,10.499,0.45,0,0,1,0,0,,
24.03.2026 22:30:00,,,,771.47,1.956,2.433,10.222,0.452,0,0,1,0,0,,
24.03.2026 22:45:00,,,,838.299,1.969,2.456,10.054,0.452,0,0,1,0,0,,
24.03.2026 23:00:00,,,,781.774,1.982,2.469,9.495,0.448,0,0,1,0,0,,
24.03.2026 23:15:00,,,,931.877,1.993,2.481,9.186,0.453,0,0,1,0,0,,
24.03.2026 23:30:00,,,,900.471,2.002,2.488,9.209,0.45,0,0,1,0,0,,
24.03.2026 23:45:00,,,,855.847,2.011,2.495,9.562,0.448,0,0,1,0,0,,
25.03.2026 00:00:00,,,,1106.83,2.016,2.511,9.426,0.45,0,0,1,0,0,,
25.03.2026 00:15:00,,,,1383.909,1.996,2.559,9.057,0.45,0,0,1,0,0,,
25.03.2026 00:30:00,,,,1367.449,1.987,2.549,8.923,0.45,0,0,1,0,0,,
25.03.2026 00:45:00,,,,1392.168,1.97,2.547,8.966,0.45,0,0,1,0,0,,
25.03.2026 01:00:00,,,,1353.391,1.953,2.542,8.7,0.45,0,0,1,0,0,,
25.03.2026 01:15:00,,,,1314.426,1.94,2.537,8.067,0.45,0,0,1,0,0,,
25.03.2026 01:30:00,,,,1274.803,1.926,2.549,8.183,0.439,0,0,1,0,0,,
25.03.2026 01:45:00,,,,1381.051,1.921,2.56,8.287,0.45,0,0,1,0,0,,
25.03.2026 02:00:00,,,,1462.292,1.897,2.607,8.304,0.45,0,0,1,0,0,,
25.03.2026 02:15:00,,,,1292.237,1.878,2.615,8.019,0.45,0,0,1,0,0,,
25.03.2026 02:30:00,,,,1275.665,1.862,2.609,7.772,0.448,0,0,1,0,0,,
25.03.2026 02:45:00,,,,1325.967,1.853,2.598,7.469,0.449,0,0,1,0,0,,
25.03.2026 03:00:00,,,,1279.682,1.841,2.611,7.399,0.45,0,0,1,0,0,,
25.03.2026 03:15:00,,,,1150.19,1.837,2.617,7.306,0.45,0,0,1,0,0,,
25.03.2026 03:30:00,,,,1309.688,1.828,2.648,7.195,0.45,0,0,1,0,0,,
25.03.2026 03:45:00,,,,1331.293,1.822,2.666,7.206,0.45,0,0,1,0,0,,
25.03.2026 04:00:00,,,,1313.408,1.805,2.69,7.512,0.45,0,0,1,0,0,,
25.03.2026 04:15:00,,,,1314.494,1.793,2.69,6.959,0.45,0,0,1,0,0,,
25.03.2026 04:30:00,,,,1342.818,1.778,2.693,7.248,0.449,0,0,1,0,0,,
25.03.2026 04:45:00,,,,1276.883,1.762,2.696,6.903,0.45,0,0,1,0,0,,
25.03.2026 05:00:00,,,,1286.786,1.749,2.699,6.685,0.45,0,0,1,0,0,,
25.03.2026 05:15:00,,,,1270.387,1.74,2.704,6.354,0.449,0,0,1,0,0,,
25.03.2026 05:30:00,,,,1202.359,1.738,2.709,6.397,0.45,0,0,1,0,0,,
25.03.2026 05:45:00,,,,1277.986,1.729,2.737,6.097,0.451,0,0,1,0,0,,
25.03.2026 06:00:00,,,,1237.319,1.725,2.719,5.978,0.45,0,0,1,0,0,,
25.03.2026 06:15:00,,,,1460.802,1.714,2.687,6.117,1.92,0,0,1,0,0,,
25.03.2026 06:30:00,,,,1292.985,1.705,2.622,6.001,7.599,0,0,1,0,0,,
25.03.2026 06:45:00,,,,1340.111,1.703,2.548,6.132,13.162,0,0,1,0,0,,
25.03.2026 07:00:00,,,,1561.367,1.686,2.526,6.102,19.428,0,0,1,0,0,,
25.03.2026 07:15:00,,,,1483.309,1.663,2.499,6.339,24.867,0,0,1,0,0,,
25.03.2026 07:30:00,,,,1538.18,1.648,2.444,5.929,29.905,0,0,1,0,0,,
25.03.2026 07:45:00,,,,1358.159,1.634,2.388,6.25,35.243,0,0,1,0,0,,
25.03.2026 08:00:00,,,,1422.23,1.626,2.339,6.573,42.857,0,0,1,0,0,,
25.03.2026 08:15:00,,,,1006.038,1.626,2.283,6.567,56.443,0,0,1,0,0,,
25.03.2026 08:30:00,,,,975.108,1.635,2.241,9.351,421.032,0,0,1,0,0,,
25.03.2026 08:45:00,,,,775.244,1.654,2.201,14.051,619.992,0,0,1,0,0,,
25.03.2026 09:00:00,,,,789.845,1.674,2.176,17.025,685.051,0,0,1,0,0,,
25.03.2026 09:15:00,,,,1065.574,1.679,2.178,18.71,538.683,0,0,1,0,0,,
25.03.2026 09:30:00,,,,925.749,1.688,2.137,21.076,798.55,0,0,1,0,0,,
25.03.2026 09:45:00,,,,513.437,1.719,2.042,20.079,768.699,0,0,1,0,0,,
25.03.2026 10:00:00,,,,437.975,1.757,1.975,22.791,940.138,0,0,1,0,0,,
25.03.2026 10:15:00,,,,711.761,1.78,1.966,23.307,825.914,0,0,1,0,0,,
25.03.2026 10:30:00,,,,732.612,1.8,1.958,25.272,730.66,0,0,1,0,0,,
25.03.2026 10:45:00,,,,470.409,1.83,1.909,26.451,1011.526,0,0,1,0,0,,
25.03.2026 11:00:00,,,,746.587,1.866,1.875,27.601,333.224,0,0,1,0,0,,
25.03.2026 11:15:00,,,,1123.922,1.866,1.937,23.868,281.378,0,0,1,0,0,,
25.03.2026 11:30:00,,,,928.024,1.866,1.954,21.39,577.466,0,0,1,0,0,,
25.03.2026 11:45:00,,,,673.627,1.878,1.957,22.441,1448.702,0,0,1,0,0,,
25.03.2026 12:00:00,0,,,1425.386,1.868,2.032,24.285,377.867,0,0,1,0,0,0,0
25.03.2026 12:15:00,0,,,1489.721,1.844,2.112,22.5,445.6,0,0,1,0,0,0,0
25.03.2026 12:30:00,0,,,1319.865,1.822,2.144,21.392,404.796,0,0,1,0,0,0,0
25.03.2026 12:45:00,0,,,1394.306,1.804,2.156,20.907,358.833,0,0,1,0,0,0,0
25.03.2026 13:00:00,0,,,970.287,1.799,2.159,22.827,1244.571,0,0,1,0,0,0,0
25.03.2026 13:15:00,0,,,574.414,1.823,2.153,25.756,1401.131,0,0,1,0,0,0,0
25.03.2026 13:30:00,0,,,1262.706,1.83,2.239,24.947,475.686,0,0,1,0,0,0,0
25.03.2026 13:45:00,0,0,0,901.587,1.83,2.326,23.451,462.653,0,0,1,0,0,0,0
25.03.2026 14:00:00,0,0,0,829.707,1.835,2.382,22.089,349.857,0,0,1,0,0,0,0
25.03.2026 14:15:00,0,0,0,711.425,1.858,2.397,21.299,291.007,0,0,1,0,0,0,0
25.03.2026 14:30:00,0,0,0,831.971,1.874,2.437,20.378,194.865,0,0,1,0,0,0,0
25.03.2026 14:45:00,0,0,0,882.467,1.883,2.496,19.299,128.353,0,0,1,0,0,0,0
25.03.2026 15:00:00,0,0,0,985.341,1.889,2.545,17.947,60.927,0,0,1,0,0,0,0
25.03.2026 15:15:00,0,0,0,1022.359,1.889,2.597,15.952,108.105,0,0,1,0,0,0,0
25.03.2026 15:30:00,0,0,0,1165.216,1.879,2.641,14.598,24.637,0.2,0,0,1,0,0,0
25.03.2026 15:45:00,803.249,1731.374,2181.596,1192.304,1.874,2.67,12.792,13.72,1,0,0,1,0,4.75,1736.124
25.03.2026 16:00:00,803.229,1696.6,2226.332,1207.606,1.869,2.704,11.554,14.813,2.4,0,1,1,0,4.75,1701.469
25.03.2026 16:15:00,902.402,1876.124,2151.663,1111.907,1.869,2.723,10.678,35.275,3,0,1,0,0,4.75,1880.874
25.03.2026 16:30:00,1002.338,1930.097,2156.782,1083.899,1.88,2.718,9.901,42.439,3.2,0,1,0,0,4.749,1934.683
25.03.2026 16:45:00,1002.249,1986.017,2303.751,1257.728,1.883,2.683,9.598,24.114,3.2,0,1,0,0,4.748,1990.751
25.03.2026 17:00:00,1002.303,1945.486,2256.456,1164.668,1.881,2.651,9.615,53.851,3.2,0,1,0,0,4.75,1950.202
25.03.2026 17:15:00,1002.423,1852.188,2249.932,1331.27,1.878,2.632,9.54,17.55,3.4,0,1,0,0,4.75,1857.154
25.03.2026 17:30:00,1102.518,1945.319,2405.464,1576.089,1.863,2.636,9.029,8.775,3.6,0,1,0,0,4.637,1949.97
25.03.2026 17:45:00,1303.022,1958.25,2277.957,1640.316,1.841,2.64,9.122,13.725,3.8,0,1,0,0,4.75,1962.999
25.03.2026 18:00:00,1403.178,2141.622,2415.217,1651.714,1.821,2.621,8.978,6.598,4,0,1,0,0,4.75,2146.373
25.03.2026 18:15:00,1403.124,2173.065,2289.292,1574.457,1.801,2.6,8.847,3.824,4.4,0,1,0,0,4.762,2177.715
25.03.2026 18:30:00,1403.048,2102.998,2343.051,1658.597,1.781,2.581,8.677,1.753,4.8,0,1,0,0,4.75,2107.748
25.03.2026 18:45:00,1402.954,2273.623,2227.953,1411.307,1.768,2.549,8.586,0.588,5.2,0,1,0,0,4.75,2278.373
25.03.2026 19:00:00,1403.01,2280.748,2206.294,1365.526,1.761,2.532,8.397,0.45,5.6,0,1,0,0,4.75,2285.311
25.03.2026 19:15:00,1403.053,2203.788,2310.792,1573.665,1.747,2.56,8.398,0.491,5.6,0,1,0,0,4.75,2208.603
25.03.2026 19:30:00,1403.202,2196.33,2238.655,1461.392,1.733,2.544,8.244,0.45,6,0,1,0,0,4.743,2201.106
25.03.2026 19:45:00,1402.989,2159.998,2239.448,1545.893,1.716,2.526,7.797,0.45,6,0,1,0,0,4.625,2164.748
25.03.2026 20:00:00,1403.563,2192.644,2290.775,1555.616,1.703,2.504,7.775,0.45,6,0,1,0,0,4.75,2197.412
25.03.2026 20:15:00,1403.292,2093.998,2173.897,1545.066,1.68,2.501,7.714,0.45,6,0,1,0,0,4.75,2098.748
25.03.2026 20:30:00,1403.052,2035.499,2160.016,1530.58,1.66,2.491,7.829,0.45,6,0,1,0,0,4.75,2040.139
25.03.2026 20:45:00,1403.275,1958.17,2093.473,1616.236,1.636,2.482,7.795,0.45,6,0,1,0,0,4.75,1962.972
25.03.2026 21:00:00,1403.163,1901.694,2060.281,1600.252,1.613,2.465,7.658,0.45,6,0,1,0,0,4.73,1906.374
25.03.2026 21:15:00,1303.413,2024.249,2243.136,1531.918,1.594,2.446,7.204,0.487,6,0,1,0,0,4.75,2028.999
25.03.2026 21:30:00,1202.771,1978.499,2142.114,1435.042,1.577,2.43,7.027,0.45,6.2,0,1,0,0,4.75,1983.113
25.03.2026 21:45:00,1202.701,1883.249,2075.033,1454.019,1.561,2.426,6.681,0.499,6.4,0,1,0,0,4.75,1887.999
25.03.2026 22:00:00,1202.835,1799.25,2043.415,1369.303,1.548,2.42,6.616,0.485,6.4,0,0,1,0,4.75,1803.999
25.03.2026 22:15:00,1202.727,1844.999,2125.625,1165.98,1.547,2.404,6.406,0.576,6.4,0,0,1,0,4.75,1849.749
25.03.2026 22:30:00,1202.554,1810.124,2056.293,1061.295,1.552,2.405,6.131,0.721,6.4,0,0,0,1,4.75,1814.874
25.03.2026 22:45:00,1203.209,2001.906,2181.264,973.821,1.561,2.423,6.328,0.516,6.6,0,0,0,1,4.649,2006.547
25.03.2026 23:00:00,1202.907,1856.629,2108.544,930.789,1.572,2.448,6.387,0.573,6.8,0,0,0,1,4.75,1861.363
25.03.2026 23:15:00,1203.122,1943.624,2142.293,914.102,1.583,2.468,6.308,0.532,6.8,0,0,0,1,4.75,1948.374
25.03.2026 23:30:00,1202.692,1817.198,2049.833,902.381,1.594,2.482,6.007,0.482,6.8,0,0,0,1,4.75,1821.987
25.03.2026 23:45:00,1202.969,1689.387,1888.277,900.335,1.605,2.495,6.184,0.481,6.8,0,0,0,1,4.75,1694.129
26.03.2026 00:00:00,1203.045,1764.437,2083.292,940.222,1.616,2.523,6.389,0.47,6.8,0,0,0,1,4.734,1769.126
26.03.2026 00:15:00,703.249,1974.753,1922.403,726.807,1.634,2.497,6.301,0.459,0.2,0,0,0,1,4.749,1979.349
26.03.2026 00:30:00,703.249,2112.412,2295.341,658.705,1.659,2.487,6.315,0.48,0.2,0,0,0,1,4.721,2117.106
26.03.2026 00:45:00,703.249,2178.646,2236.792,640.358,1.685,2.509,5.986,0.478,0.4,0,0,0,1,4.746,2183.206
26.03.2026 01:00:00,703.249,2053.499,2019.639,650.882,1.709,2.544,5.934,0.574,0.4,0,0,0,1,4.75,2058.248
26.03.2026 01:15:00,703.249,1919.986,1928.193,666.533,1.732,2.569,6.06,0.523,0.4,0,0,0,1,4.749,1924.645
26.03.2026 01:30:00,703.249,1782.786,1760.231,672.731,1.756,2.579,5.981,0.635,0.4,0,0,0,1,4.747,1787.506
26.03.2026 01:45:00,703.225,2024.195,2196.075,675.908,1.78,2.583,5.8,0.671,0.4,0,0,0,1,4.75,2028.829
26.03.2026 02:00:00,703.249,2176.529,2179.707,661.284,1.804,2.581,5.889,0.479,0.4,0,0,0,1,4.75,2181.259
26.03.2026 02:15:00,703.251,2055.433,2006.053,640.405,1.828,2.587,5.728,0.529,0.6,0,0,0,1,4.632,2060.123
26.03.2026 02:30:00,703.247,1845.094,1824.034,623.947,1.852,2.599,5.574,0.859,0.6,0,0,0,1,4.723,1849.749
26.03.2026 02:45:00,703.249,1735.198,1755.981,606.825,1.877,2.609,5.511,0.656,0.6,0,0,0,1,4.685,1739.874
26.03.2026 03:00:00,703.249,1676.313,1682.47,602.642,1.901,2.621,5.483,0.738,0.6,0,0,0,1,4.678,1680.999
26.03.2026 03:15:00,803.221,1654.427,1750.369,609.419,1.926,2.635,5.403,0.709,0.6,0,0,0,1,4.747,1658.767
26.03.2026 03:30:00,902.878,1669.132,1827.039,606.514,1.95,2.645,5.37,0.5,0.8,0,0,0,1,4.748,1673.874
26.03.2026 03:45:00,1002.829,2167.177,2451.931,595.296,1.973,2.656,5.221,0.482,0.8,0,0,0,1,4.733,2171.873
26.03.2026 04:00:00,1102.922,2300.998,2291.909,587.344,1.998,2.668,5.401,0.642,0.8,0,0,0,1,4.75,2305.748
26.03.2026 04:15:00,1203.325,2199.726,2101.917,793.128,2.014,2.696,5.192,0.533,0.8,0,0,0,1,4.75,2204.701
26.03.2026 04:30:00,1203.049,1998.762,2061.686,830.762,2.026,2.707,5.209,0.553,0.8,0,0,0,1,4.747,2003.501
26.03.2026 04:45:00,1203.002,1903.625,1960.078,852.005,2.038,2.712,5.294,0.468,0.8,0,0,0,1,4.714,1908.249
26.03.2026 05:00:00,1203.33,1813.874,1947.929,854.846,2.05,2.711,5.312,0.575,0.8,0,0,0,1,4.668,1818.624
26.03.2026 05:15:00,1202.941,1779.012,1925.94,838.812,2.062,2.712,5.128,0.703,0.8,0,0,0,1,4.746,1783.749
26.03.2026 05:30:00,1203.05,1760.64,1933.821,815.11,2.074,2.721,4.966,0.514,0.8,0,0,0,1,4.621,1765.374
26.03.2026 05:45:00,1202.907,1830.375,2044.625,817.46,2.087,2.733,5.014,0.465,0.8,0,0,0,1,4.75,1835.124
26.03.2026 06:00:00,1203.048,1897.874,2041.375,1268.26,2.093,2.725,4.927,0.606,0.8,0,1,0,0,4.75,1902.624
26.03.2026 06:15:00,1203.283,1909.126,2099.469,1311.929,2.075,2.717,5.061,0.493,0.8,0,1,0,0,4.75,1913.876
26.03.2026 06:30:00,1203.444,1974.75,2135.695,1389.832,2.059,2.666,4.943,0.739,0.8,0,1,0,0,4.75,1979.499
26.03.2026 06:45:00,1203.1,1995.197,2093.97,1342.687,2.048,2.584,4.832,1.336,0.8,0,1,0,0,4.747,1999.168
26.03.2026 07:00:00,1203.171,2024.196,2228.1,1446.59,2.037,2.515,4.802,3.826,1,0,1,0,0,4.749,2028.982
26.03.2026 07:15:00,1203.23,2073.912,2238.711,1319.069,2.023,2.461,4.62,7.478,1,0,1,0,0,4.718,2078.519
26.03.2026 07:30:00,1203.453,2077.76,2172.314,1321.594,2.005,2.432,4.589,7.579,1,0,1,0,0,4.75,2082.539
26.03.2026 07:45:00,1203.3,2116.123,2500.314,1599.264,1.984,2.417,4.835,12.5,1,0,1,0,0,4.75,2120.873
26.03.2026 08:00:00,1203.13,2120.232,2689.464,1743.94,1.954,2.443,4.801,11.71,1,0,1,0,0,4.75,2124.871
26.03.2026 08:15:00,1203.545,2236.873,2558.651,1539.918,1.931,2.373,4.641,15.758,1,0,1,0,0,4.75,2241.623
26.03.2026 08:30:00,1203.211,2171.292,2511.539,1499.183,1.915,2.259,4.691,28.252,1,0,1,0,0,28,2199.004
26.03.2026 08:45:00,1203.465,2179.982,2483.655,1513.334,1.895,2.173,4.895,34.463,1,0,1,0,0,30.499,2210.494
26.03.2026 09:00:00,1203.352,2221.627,2480.477,1473.976,1.87,2.135,5.015,31.717,1,0,1,0,0,32.75,2254.377
26.03.2026 09:15:00,1203.524,2262.498,2640.926,1536.465,1.844,2.118,4.978,32.726,1,0,1,0,0,30.5,2292.998
26.03.2026 09:30:00,1102.891,2205.123,2601.26,1605.262,1.813,2.119,4.884,53.416,1,0,1,0,0,32.75,2237.873
26.03.2026 09:45:00,1102.553,2181.123,2556.03,1503.742,1.786,2.087,4.819,54.69,1,0,1,0,0,36.5,2217.623
26.03.2026 10:00:00,1102.769,2179.848,2562.092,1529.183,1.764,2.031,5.196,58.388,1,0,1,0,0,37.949,2217.623
26.03.2026 10:15:00,1102.724,2164.506,2682.576,1638.388,1.739,1.986,5.39,69.062,1.2,0,1,0,0,40.28,2204.871
26.03.2026 10:30:00,1102.876,2135.202,2809.062,1649.647,1.71,1.949,5.469,74.572,1.2,0,1,0,0,44.044,2179.377
26.03.2026 10:45:00,1102.865,2138.177,2637.598,1634.073,1.682,1.906,5.685,69.632,1.2,0,1,0,0,48.403,2186.689
26.03.2026 11:00:00,1103.106,2150.92,2702.046,1614.171,1.655,1.879,5.615,58.61,1.2,0,1,0,0,49.889,2200.854
26.03.2026 11:15:00,1102.929,2120.789,2739.36,1583.172,1.626,1.878,5.976,104.393,1.2,0,1,0,0,51.059,2171.849
26.03.2026 11:30:00,1102.731,2139.076,2916.844,1523.7,1.597,1.91,5.798,120.518,1.2,0,1,0,0,53.308,2192.294
26.03.2026 11:45:00,1102.777,2180.053,3024.88,1630.85,1.567,1.958,6.3,251.599,1.2,0,1,0,0,55.856,2235.996
26.03.2026 12:00:00,1102.789,2194.641,2805.574,1652.615,1.537,1.931,6.811,225.209,1.2,0,1,0,0,55.999,2250.628
26.03.2026 12:15:00,1102.569,2055.599,2402.674,1549.132,1.512,1.892,6.854,348.038,1.2,0,1,0,0,55.912,2111.498
26.03.2026 12:30:00,1102.415,1917.634,2247.756,1365.436,1.498,1.86,8.717,446.043,1.2,0,1,0,0,58.497,1976.124
26.03.2026 12:45:00,1102.636,1842.296,2256.049,1417.979,1.484,1.863,9.356,465.326,1.2,0,1,0,0,62.237,1904.499
26.03.2026 13:00:00,1102.693,1830.336,2334.377,1525.733,1.462,1.898,8.576,173.84,1.2,0,1,0,0,63.111,1893.613
26.03.2026 13:15:00,1102.781,1856.735,2392.224,830.25,1.471,1.874,7.826,238.169,1.2,0,1,0,0,56.94,1913.874
26.03.2026 13:30:00,1002.483,1879.331,2447.224,612.789,1.498,1.885,7.97,340.666,1.2,0,1,0,0,56.877,1936.452
26.03.2026 13:45:00,902.915,1778.856,2352.215,552.673,1.528,1.944,8.736,415.517,1.2,0,1,0,0,59.604,1838.41
26.03.2026 14:00:00,803.249,1802.508,2376.97,535.77,1.558,2.026,9,329.832,1.4,0,1,0,0,58.26,1860.818
26.03.2026 14:15:00,703.249,1736.499,2270.664,544.805,1.59,2.108,8.504,471.862,1.4,0,1,0,0,52.903,1789.575
26.03.2026 14:30:00,703.249,1780.077,2365.213,572.284,1.621,2.177,8.718,357.797,1.4,0,1,0,0,53.11,1833.249
26.03.2026 14:45:00,703.249,1785.293,2209.175,601.118,1.654,2.226,8.404,190.722,1.4,0,1,0,0,53.287,1838.498
26.03.2026 15:00:00,703.249,1817.279,2232.241,638.496,1.686,2.286,7.028,48.738,1.4,0,1,0,0,51.957,1869.203
26.03.2026 15:15:00,703.247,1835.377,2243.878,641.712,1.717,2.308,6.189,142.199,1.6,0,1,0,0,45.521,1880.874
26.03.2026 15:30:00,703.249,1901.97,2293.649,613.142,1.747,2.337,6.896,281.849,1.6,0,1,0,0,42.627,1944.436
26.03.2026 15:45:00,703.245,1855.213,2359.206,716.692,1.775,2.385,7.754,223.036,1.6,0,0,1,0,40.26,1895.499
26.03.2026 16:00:00,703.249,1998.742,2384.227,1379.301,1.774,2.492,7.448,260.805,1.6,0,0,1,0,37.817,2036.498
26.03.2026 16:15:00,703.246,1999.575,2403.526,1369.463,1.757,2.544,7.124,257.366,1.6,0,0,1,0,29.25,2028.563
26.03.2026 16:30:00,703.249,2068.184,2411.185,1424.039,1.748,2.524,7.1,203.099,1.6,0,0,0,1,25.5,2093.729
26.03.2026 16:45:00,703.249,2161.396,2502.205,1475.221,1.739,2.485,6.477,65.027,1.6,0,0,0,1,21.75,2183.131
26.03.2026 17:00:00,803.249,2231.135,2450.004,1510.82,1.728,2.449,6.04,171.018,1.6,0,0,0,1,19.5,2250.628
26.03.2026 17:15:00,902.532,2292.505,2487.837,1111.896,1.726,2.403,6.091,132.305,1.6,0,1,0,0,16.998,2309.41
26.03.2026 17:30:00,1102.664,2385.879,2395.382,1115.93,1.733,2.388,6.152,253.638,1.6,0,1,0,0,13.25,2399.127
26.03.2026 17:45:00,1303.807,2493.248,2359.715,1099.201,1.74,2.398,6.141,25.126,1.6,0,1,0,0,12,2505.097
26.03.2026 18:00:00,1303.617,2585.127,2357.745,1038.458,1.746,2.424,5.494,6.424,1.6,0,1,0,0,9.75,2594.877
26.03.2026 18:15:00,1303.736,2590.752,2414.719,1207.734,1.75,2.454,4.984,4.398,1.6,0,1,0,0,9.75,2600.502
26.03.2026 18:30:00,1303.894,2637.748,2515.507,1216.601,1.753,2.462,4.938,6.323,1.6,0,1,0,0,4.75,2642.498
26.03.2026 18:45:00,1303.909,2674.503,2590.854,1256.213,1.752,2.459,4.758,3.26,1.8,0,1,0,0,4.75,2679.252
26.03.2026 19:00:00,1303.859,2705.623,2522.337,1140.096,1.75,2.44,4.592,0.671,1.8,0,1,0,0,4.75,2710.373
26.03.2026 19:15:00,1303.689,2680.403,2641.413,1338.442,1.745,2.43,4.471,0.778,1.8,0,1,0,0,4.75,2685.058
26.03.2026 19:30:00,1303.803,2663.655,2615.864,1338.117,1.732,2.435,4.29,0.708,1.8,0,1,0,0,4.731,2668.365
26.03.2026 19:45:00,1303.846,2588.624,2593.184,1329.837,1.72,2.432,4.208,0.708,1.8,0,1,0,0,4.75,2593.373
26.03.2026 20:00:00,1303.569,2518.873,2486.489,1307.484,1.701,2.441,4.2,0.846,1.8,0,1,0,0,4.75,2523.623
26.03.2026 20:15:00,1303.885,2408.958,2551.983,1491.341,1.689,2.432,4.032,0.728,1.8,0,1,0,0,4.75,2413.737
26.03.2026 20:30:00,1303.713,2288.248,2398.272,1461.671,1.667,2.438,4.058,0.516,1.8,0,1,0,0,4.75,2292.998
26.03.2026 20:45:00,1303.68,2259.36,2393.06,1497.707,1.652,2.426,4.2,0.93,1.8,0,1,0,0,4.75,2263.94
26.03.2026 21:00:00,1303.63,2167.253,2294.238,1458.713,1.631,2.43,4.272,0.736,1.8,0,1,0,0,4.715,2171.877
26.03.2026 21:15:00,1303.836,2327.632,2506.738,1499.386,1.618,2.43,4.164,0.538,1.8,0,1,0,0,4.75,2332.658
26.03.2026 21:30:00,1203.176,2339.157,2358.651,1108.119,1.625,2.373,4,0.687,1.8,0,0,0,1,4.746,2343.972
26.03.2026 21:45:00,1203.259,2220.373,2264.762,1451.411,1.616,2.393,3.913,0.518,1.8,0,0,0,1,4.75,2225.123
26.03.2026 22:00:00,1203.285,2158.207,2149.646,1538.413,1.592,2.439,4.007,0.548,1.8,0,0,0,1,4.721,2162.873
26.03.2026 22:15:00,1002.691,2112.401,2155.239,1416.386,1.572,2.452,4.182,0.792,1.8,0,0,0,1,4.737,2117.122
26.03.2026 22:30:00,803.246,2084.936,2134.203,1299.155,1.561,2.436,3.978,0.635,1.8,0,0,0,1,4.747,2089.78
26.03.2026 22:45:00,803.249,2163.425,2256.073,1127.299,1.559,2.421,4.012,0.831,1.8,0,0,0,1,4.692,2168.123
26.03.2026 23:00:00,803.147,2131.557,2113.329,1002.028,1.564,2.424,4.132,0.655,1.8,0,0,0,1,4.621,2136.383
26.03.2026 23:15:00,803.025,2126.805,2206.236,941.246,1.572,2.445,3.906,0.641,1.8,0,0,0,1,4.441,2131.351
26.03.2026 23:30:00,803.249,2089.002,2125.091,949.462,1.58,2.475,3.75,0.825,1.8,0,0,0,1,4.657,2093.493
26.03.2026 23:45:00,803.249,1991.414,2040.187,998.254,1.586,2.504,3.609,0.755,1.8,0,0,0,1,4.702,1995.998
27.03.2026 00:00:00,803.249,2020.569,2157.501,1040.617,1.591,2.521,3.79,0.532,1.8,0,0,0,1,4.624,2025.457
27.03.2026 00:15:00,602.999,2075.676,2114.934,730.313,1.606,2.504,3.7,0.529,0,0,0,0,1,4.635,2080.075
27.03.2026 00:30:00,552.991,2222.294,2374.738,654.524,1.632,2.489,3.896,0.912,0,0,0,0,1,4.631,2226.998
27.03.2026 00:45:00,552.999,2293.386,2331.078,615.582,1.658,2.51,3.674,0.498,0.2,0,0,0,1,4.747,2298.211
27.03.2026 01:00:00,552.999,2162.155,2112.03,603.217,1.684,2.538,3.609,0.605,0.2,0,0,0,1,4.558,2166.623
27.03.2026 01:15:00,552.999,2020.036,1957.409,612.989,1.711,2.563,3.685,0.79,0.2,0,0,0,1,4.644,2024.616
27.03.2026 01:30:00,552.999,1878.48,1783.524,624.901,1.737,2.573,3.523,0.848,0.2,0,0,0,1,4.428,1882.639
27.03.2026 01:45:00,552.959,2130.201,2341.756,641.068,1.764,2.581,3.599,0.929,0.2,0,0,0,1,4.605,2134.807
27.03.2026 02:00:00,552.999,2291.677,2236.438,613.991,1.787,2.585,3.839,0.729,0.2,0,0,0,1,4.662,2296.308
27.03.2026 02:15:00,552.999,2163.587,2013.265,563.99,1.812,2.586,3.706,0.63,0.2,0,0,0,1,4.581,2168.123
27.03.2026 02:30:00,552.999,1943.195,1926.996,525.738,1.839,2.594,3.712,0.87,0.2,0,0,0,1,4.401,1947.547
27.03.2026 02:45:00,552.999,1825.059,1767.242,521.922,1.867,2.609,3.813,0.764,0.2,0,0,0,1,4.528,1829.499
27.03.2026 03:00:00,552.999,1762.859,1717.415,535.194,1.894,2.626,3.9,0.554,0.2,0,0,0,1,4.382,1767.249
27.03.2026 03:15:00,552.999,1740.999,1934.417,573.972,1.922,2.645,3.815,0.636,0.2,0,0,0,1,4.26,1745.124
27.03.2026 03:30:00,552.999,1755.224,1917.33,589.485,1.947,2.656,3.609,0.487,0.2,0,0,0,1,4.395,1759.749
27.03.2026 03:45:00,552.999,2280.826,2565.534,580.589,1.971,2.661,3.569,0.826,0.2,0,0,0,1,4.493,2285.458
27.03.2026 04:00:00,552.999,2421.053,2284.584,563.831,1.997,2.664,3.58,0.551,0.2,0,0,0,1,4.583,2425.905
27.03.2026 04:15:00,552.999,2313.837,2124.719,772.793,2.013,2.687,3.6,0.815,0.2,0,0,0,1,4.725,2318.498
27.03.2026 04:30:00,602.999,2105.195,2109.555,820.092,2.026,2.705,3.6,0.541,0.2,0,0,0,1,4.592,2109.623
27.03.2026 04:45:00,703.249,2001.208,2075.071,846.967,2.038,2.713,3.517,0.565,0.2,0,0,0,1,4.276,2005.386
27.03.2026 05:00:00,803.206,1907.12,1894.346,840.592,2.049,2.713,3.596,0.553,0.2,0,0,0,1,4.454,1911.949
27.03.2026 05:15:00,903.038,1874.552,1787.917,804.174,2.06,2.713,3.568,0.849,0.2,0,0,0,1,4.503,1878.847
27.03.2026 05:30:00,1002.921,1852.199,1961.167,747.068,2.071,2.717,3.325,0.768,0.2,0,0,0,1,4.604,1857.117
27.03.2026 05:45:00,1103,1925.838,2040.511,731.708,2.085,2.726,3.3,0.895,0.2,0,0,0,1,4.631,1930.39
27.03.2026 06:00:00,1203.47,1997.03,2277.383,1331.517,2.09,2.73,3.346,0.83,0.2,0,1,0,0,4.631,2001.799
27.03.2026 06:15:00,1203.278,2008.161,2230.969,1453.535,2.069,2.735,3.268,2.107,0.2,0,1,0,0,4.704,2012.796
27.03.2026 06:30:00,1203.716,2075.912,2313.43,1450.822,2.053,2.696,3.134,4.919,0.2,0,1,0,0,4.659,2080.446
27.03.2026 06:45:00,1203.334,2099.699,2315.405,1368.769,2.045,2.634,3.278,8.804,0.2,0,1,0,0,4.601,2104.373
27.03.2026 07:00:00,1203.699,2130.787,2396.477,1521.951,2.027,2.606,3.386,17.848,0.2,0,1,0,0,4.707,2135.403
27.03.2026 07:15:00,1203.686,2182.012,2316.59,1351.319,2.014,2.572,3.39,24.692,0.2,0,1,0,0,4.75,2186.583
27.03.2026 07:30:00,1203.358,2187.431,2298.812,1350.161,2.003,2.546,3.606,63.351,0.2,0,1,0,0,4.699,2192.525
27.03.2026 07:45:00,1203.524,2226.014,2375.734,1382.554,1.989,2.533,4.006,98.582,0.2,0,1,0,0,4.745,2230.748
27.03.2026 08:00:00,1203.647,2229.374,2560.963,1556.489,1.972,2.526,4.291,81.253,0.2,0,1,0,0,4.75,2234.123
27.03.2026 08:15:00,1203.662,2353.869,2482.738,1422.254,1.953,2.504,4.553,103.182,0.2,0,1,0,0,4.747,2358.62
27.03.2026 08:30:00,1203.669,2308.124,2571.325,1506.022,1.936,2.473,4.731,122.07,0.2,0,1,0,0,4.75,2312.873
27.03.2026 08:45:00,1203.4,2319.467,2641.181,1598.11,1.919,2.439,4.968,139.162,0.2,0,1,0,0,4.725,2324.128
27.03.2026 09:00:00,1203.42,2368.721,2471.162,1341.922,1.9,2.409,5.09,154.274,0.2,0,1,0,0,4.695,2373.575
27.03.2026 09:15:00,1203.456,2406.633,2630.352,1480.23,1.891,2.373,5.267,221.027,0.2,0,1,0,0,4.705,2411.186
27.03.2026 09:30:00,1103.387,2350.569,2643.586,1453.565,1.877,2.357,6.092,335.945,0.2,0,1,0,0,4.636,2355.248
27.03.2026 09:45:00,1103.222,2326.877,2608.076,1435.346,1.864,2.345,7.21,381.777,0.2,0,1,0,0,4.75,2331.865
27.03.2026 10:00:00,1103.396,2327.299,2458.485,1287.939,1.856,2.326,8.001,471.735,0.2,0,1,0,0,4.61,2331.872
27.03.2026 10:15:00,1103.107,2311.882,2589.448,1443.027,1.854,2.302,9.295,563.838,0.2,0,1,0,0,4.7,2316.627
27.03.2026 10:30:00,1102.968,2289.758,2606.957,1462.647,1.843,2.271,9.92,398.287,0.2,0,1,0,0,4.699,2294.498
27.03.2026 10:45:00,1003.054,2295.381,2481.206,1237.927,1.837,2.229,10.338,423.016,0.2,0,1,0,0,4.745,2300.121
27.03.2026 11:00:00,1003.04,2308.157,2465.128,1206.102,1.838,2.196,9.827,423.005,0.2,0,1,0,0,4.739,2312.873
27.03.2026 11:15:00,1002.913,2280.751,2478.566,1228.929,1.836,2.184,11.216,415.8,0.2,0,1,0,0,4.683,2285.498
27.03.2026 11:30:00,1002.88,2303.057,2567.921,1335.336,1.83,2.182,11.353,999.972,0.2,0,1,0,0,4.692,2307.623
27.03.2026 11:45:00,1002.876,2346.851,2773.048,1491.726,1.82,2.172,12.089,724.726,0.4,0,1,0,0,4.721,2351.498
27.03.2026 12:00:00,1003.001,2365.202,2708.358,1435.086,1.807,2.151,12.87,638.008,0.4,0,1,0,0,4.564,2369.873
27.03.2026 12:15:00,1002.847,2216.626,2386.616,1170.596,1.807,2.09,11.8,824.433,0.6,0,1,0,0,4.489,2221.373
27.03.2026 12:30:00,1002.618,2073.76,2185.504,1204.927,1.806,2.051,12.704,1331.775,0.6,0,1,0,0,4.681,2078.502
27.03.2026 12:45:00,1002.535,1998.906,2222.818,1186.18,1.807,2.028,12.701,496.485,1,0,1,0,0,4.706,2003.6
27.03.2026 13:00:00,1002.542,1986.065,2226.279,1253.677,1.804,2.022,12.555,622.462,1.2,0,1,0,0,4.731,1990.749
27.03.2026 13:15:00,1002.816,2007.962,2359.342,1399.589,1.8,2.019,12.398,944.313,1.6,0,1,0,0,4.746,2012.825
27.03.2026 13:30:00,1002.655,2033.951,2353.414,1332.782,1.792,2.015,10.791,481.151,1.8,0,1,0,0,4.647,2038.374
27.03.2026 13:45:00,902.794,1929.605,2412.788,1357.001,1.785,2.01,10.332,582.523,2.2,0,1,0,0,4.696,1933.95
27.03.2026 14:00:00,803.249,1952.68,2308.657,1223.526,1.782,2.001,10.535,487.083,2.6,0,1,0,0,4.606,1957.494
27.03.2026 14:15:00,703.249,1878.224,2281.503,1134.259,1.779,2.023,10.112,396.849,3,0,1,0,0,4.299,1882.74
27.03.2026 14:30:00,703.249,1924.095,2487.75,1299.897,1.771,2.094,9.771,402.269,3.2,0,1,0,0,4.537,1928.713
27.03.2026 14:45:00,703.249,1929.656,2309.387,1146.898,1.758,2.175,9.734,366.845,3.4,0,1,0,0,4.34,1933.85
27.03.2026 15:00:00,703.24,1960.359,2345.039,1049.925,1.757,2.225,8.731,315.236,3.8,0,1,0,0,4.514,1964.873
27.03.2026 15:15:00,703.249,1971.629,2318.912,1132.661,1.756,2.28,9.201,337.973,4,0,1,0,0,4.459,1976.035
27.03.2026 15:30:00,703.249,2040.794,2291.852,947.61,1.76,2.329,9.766,366.903,4.2,0,1,0,0,4.737,2045.427
27.03.2026 15:45:00,703.249,1988.103,2357.548,1137.196,1.758,2.393,9.42,349.651,4.6,0,1,0,0,4.624,1992.624
27.03.2026 16:00:00,703.248,2137.932,2310.97,959.902,1.766,2.44,9,324.511,4.6,0,1,0,0,4.724,2142.505
27.03.2026 16:15:00,703.249,2130.684,2176.268,740.325,1.785,2.437,8.653,270.426,5,0,1,0,0,4.408,2135.309
27.03.2026 16:30:00,703.249,2199.869,2288.749,871.065,1.805,2.415,8.323,234.506,5.2,0,1,0,0,4.518,2204.505
27.03.2026 16:45:00,703.249,2291.669,2158.931,785.162,1.824,2.382,8.218,202.453,5.4,0,1,0,0,4.725,2296.365
27.03.2026 17:00:00,803.249,2363.29,2204.734,846.262,1.844,2.343,8.126,164.937,5.6,0,1,0,0,4.737,2367.998
27.03.2026 17:15:00,902.833,2425.165,2274.642,884.872,1.864,2.304,8.01,140.764,5.8,0,1,0,0,4.701,2429.945
27.03.2026 17:30:00,1102.956,2518.875,2232.959,863.506,1.875,2.287,7.723,92.809,5.8,0,1,0,0,4.749,2523.623
27.03.2026 17:45:00,1303.597,2630.696,2191.692,914.199,1.885,2.264,7.222,72.558,6,0,1,0,0,4.729,2635.373
27.03.2026 18:00:00,1303.723,2724.042,2433.418,992.227,1.901,2.226,6.457,42.139,6.2,0,1,0,0,4.735,2728.748
27.03.2026 18:15:00,1303.676,2731.498,2341.461,1009.771,1.91,2.204,5.787,31.77,6.2,0,1,0,0,4.75,2736.248
27.03.2026 18:30:00,1303.884,2774.995,2362.792,967.192,1.92,2.172,5.517,19.266,6.2,0,1,0,0,4.75,2779.906
27.03.2026 18:45:00,1303.908,2815.498,2405.255,979.811,1.931,2.141,5.405,7.576,6.2,0,1,0,0,4.702,2820.248
27.03.2026 19:00:00,1303.924,2846.352,2498.346,1106.553,1.938,2.122,4.992,1.712,6.2,0,1,0,0,4.75,2850.884
27.03.2026 19:15:00,1303.979,2821.14,2557.617,1126.728,1.941,2.101,4.809,0.492,6.2,0,1,0,0,4.75,2826.017
27.03.2026 19:30:00,1303.725,2802.748,2542.279,1071.872,1.944,2.067,4.776,0.507,6.2,0,1,0,0,4.75,2807.498
27.03.2026 19:45:00,1303.987,2723.998,2321.411,946.429,1.953,2.021,4.799,0.475,6.2,0,1,0,0,4.75,2728.748
27.03.2026 20:00:00,1303.785,2650.91,2336.769,1014.558,1.96,1.993,4.617,0.551,6.4,0,1,0,0,4.741,2655.623
27.03.2026 20:15:00,1303.758,2533.467,2447.729,1255.451,1.957,1.99,4.532,0.57,6.4,0,1,0,0,4.668,2538.24
27.03.2026 20:30:00,1303.677,2408.981,2376.282,1251.469,1.949,1.971,4.257,0.946,6.4,0,1,0,0,4.75,2413.744
27.03.2026 20:45:00,1303.809,2375.998,2193.339,1221.853,1.944,1.931,3.998,0.643,6.4,0,1,0,0,4.75,2380.748
27.03.2026 21:00:00,1303.818,2280.79,2326.392,1342.829,1.935,1.9,3.821,0.797,6.4,0,1,0,0,4.737,2285.498
27.03.2026 21:15:00,1303.904,2449.162,2400.395,1381.685,1.926,1.863,3.588,0.708,6.4,0,1,0,0,4.685,2453.873
27.03.2026 21:30:00,1203.496,2460.485,2367.022,1131.471,1.93,1.812,3.311,0.807,6.4,0,0,1,0,4.718,2465.123
27.03.2026 21:45:00,1203.486,2335.611,2183.771,1166.116,1.929,1.791,2.995,0.54,6.4,0,0,0,1,4.75,2340.447
27.03.2026 22:00:00,1203.631,2271.708,2159.697,1179.901,1.926,1.778,2.791,0.548,6.4,0,0,0,1,4.504,2276.398
27.03.2026 22:15:00,1002.968,2224.167,2207.592,1107.34,1.923,1.788,2.657,0.697,6.4,0,0,0,1,4.612,2228.873
27.03.2026 22:30:00,803.242,2195.646,2177.431,1042.79,1.922,1.817,2.488,0.539,6.4,0,0,0,1,4.71,2200.156
27.03.2026 22:45:00,703.148,2277.292,2378.986,998.638,1.922,1.857,2.304,0.693,6.4,0,0,0,1,4.653,2281.663
27.03.2026 23:00:00,703.215,2242.703,2269.76,980.912,1.924,1.901,2.326,0.65,6.4,0,0,0,1,4.512,2247.248
27.03.2026 23:15:00,703.177,2236.993,2396.94,979.503,1.926,1.942,2.171,0.81,6.4,0,0,0,1,4.475,2241.623
27.03.2026 23:30:00,703.251,2199.191,2163.738,999.122,1.928,1.979,1.869,0.608,6.4,0,0,0,1,4.433,2203.894
27.03.2026 23:45:00,703.243,2095.479,2120.092,1019.824,1.929,2.008,1.66,0.676,6.4,0,0,0,1,4.392,2099.505
28.03.2026 00:00:00,703.236,2127.788,2198.344,1022.389,1.93,2.037,1.466,0.86,6.4,0,0,0,1,4.498,2131.833
28.03.2026 00:15:00,603.001,2075.991,2174.773,812.965,1.938,2.048,1.449,0.579,0,0,0,0,1,4.325,2080.204
28.03.2026 00:30:00,602.999,2222.635,2513.686,741.437,1.952,2.073,1.315,0.71,0,0,0,0,1,4.541,2226.998
28.03.2026 00:45:00,603.001,2293.749,2364.449,711.95,1.967,2.111,1.195,0.916,0,0,0,0,1,4.671,2298.248
28.03.2026 01:00:00,603.001,2162.211,2108.351,703.639,1.982,2.155,1.02,0.695,0,0,0,0,1,4.47,2166.623
28.03.2026 01:15:00,602.999,2020.732,1984.872,713.54,1.998,2.196,1.086,0.929,0,0,0,0,1,4.085,2024.739
28.03.2026 01:30:00,602.999,1878.5,2005.175,727.627,2.013,2.231,1.079,0.526,0,0,0,0,1,4.161,1882.723
28.03.2026 01:45:00,603.001,2130.195,2469.815,737.387,2.027,2.26,0.792,0.852,0,0,0,0,1,4.15,2134.566
28.03.2026 02:00:00,603.001,2291.921,2352.063,732.191,2.042,2.284,0.912,0.832,0,0,0,0,1,4.308,2296.373
28.03.2026 02:15:00,602.999,2163.84,2159.778,718.808,2.056,2.313,0.799,0.555,0,0,0,0,1,4.101,2168.077
28.03.2026 02:30:00,602.999,1943.523,1924.836,709.997,2.071,2.345,0.602,0.501,0,0,0,0,1,3.975,1947.476
28.03.2026 02:45:00,602.999,1825.577,1921.457,702.811,2.085,2.379,0.711,0.832,0,0,0,0,1,3.887,1829.499
28.03.2026 03:00:00,602.999,1763.225,1898.582,703.8,2.1,2.413,0.476,0.67,0,0,0,0,1,3.966,1767.233
28.03.2026 03:15:00,602.995,1741.125,1959.96,703.464,2.115,2.445,0.477,0.673,0,0,0,0,1,3.873,1745.124
28.03.2026 03:30:00,602.999,1755.692,1782.159,718.933,2.131,2.476,0.373,0.544,0,0,0,0,1,4.069,1759.749
28.03.2026 03:45:00,603.001,2281.231,2422.599,712.304,2.144,2.511,0.279,0.649,0,0,0,0,1,4.369,2285.494
28.03.2026 04:00:00,603.001,2421.264,2335.626,702.982,2.158,2.54,0.777,0.661,0,0,0,0,1,4.229,2425.324
28.03.2026 04:15:00,602.999,2314.196,2202.044,1150.563,2.154,2.601,0.317,0.771,0,0,0,0,1,4.44,2318.498
28.03.2026 04:30:00,603.001,2105.008,2050.583,1237.311,2.142,2.639,0.288,1.522,0,0,0,0,1,4.251,2109.547
28.03.2026 04:45:00,703.249,2001.087,2035.661,1273.046,2.129,2.659,0.507,1.276,0,0,0,0,1,4.142,2005.394
28.03.2026 05:00:00,803.249,1907.874,1984.156,1256.613,2.115,2.67,1.68,2.445,0,0,0,0,1,4.006,1911.589
28.03.2026 05:15:00,903.206,1874.604,1930.773,1225.874,2.103,2.684,1.635,2.139,0,0,0,0,1,4.253,1878.999
28.03.2026 05:30:00,1003.172,1852.761,1947.272,1197.102,2.092,2.714,0.814,1.226,0,0,0,0,1,4.233,1856.874
28.03.2026 05:45:00,1103.197,1925.959,1931.519,1215.627,2.081,2.738,1.628,2.41,0,0,0,0,1,4.296,1930.396
28.03.2026 06:00:00,1203.579,1972.537,2042.506,1235.529,2.07,2.736,1.146,3.08,0,0,1,0,0,29.25,2001.743
28.03.2026 06:15:00,1203.417,1972.85,2062.859,1312.097,2.056,2.713,0.239,6.24,0,0,1,0,0,32.75,2005.813
28.03.2026 06:30:00,1203.545,2172.713,1973.849,1026.121,2.056,2.646,0.655,10.743,0,0,1,0,0,34.06,2206.572
28.03.2026 06:45:00,1203.614,2153.73,2154.417,1281.999,2.053,2.61,1.034,18.482,0,0,1,0,0,52.928,2206.744
28.03.2026 07:00:00,1203.696,2144.564,2180.678,1295.797,2.043,2.604,0.928,27.201,0,0,1,0,0,61.998,2206.476
28.03.2026 07:15:00,1203.741,2135.927,2183.823,1266.615,2.033,2.592,0.289,32.567,0,0,1,0,0,70.75,2206.58
28.03.2026 07:30:00,1203.555,2128.747,2098.563,1250.819,2.022,2.57,0.481,48.017,0,0,1,0,0,78,2206.537
28.03.2026 07:45:00,1303.945,2123.748,2150.551,1396.221,2.007,2.551,1.817,56.622,0,0,1,0,0,83,2206.748
28.03.2026 08:00:00,1303.894,2110.357,2130.312,1353.501,1.992,2.52,0.416,68.778,0,0,1,0,0,96.271,2206.726
28.03.2026 08:15:00,1303.986,2098.782,2133.425,1379.818,1.978,2.486,0.964,135.339,0,0,1,0,0,107.85,2206.736
28.03.2026 08:30:00,1303.92,2089.748,2045.855,1300.66,1.964,2.456,4.199,531.407,0,0,1,0,0,117,2206.748
28.03.2026 08:45:00,1303.763,2000.82,2121.565,1424.196,1.946,2.441,8.534,647.221,0,0,1,0,0,105.288,2105.816
28.03.2026 09:00:00,1303.769,1887.708,2033.116,1517.09,1.923,2.427,11.594,680.836,0,0,1,0,0,118.25,2006.427
28.03.2026 09:15:00,1303.827,1773.375,2071.599,1603.189,1.897,2.41,13.4,679.046,0,0,1,0,0,133,1906.374
28.03.2026 09:30:00,1303.571,1668.374,2078.161,1629.172,1.87,2.381,14.117,698.922,0,0,1,0,0,139,1807.374
28.03.2026 09:45:00,1303.868,1556.332,2071.486,1635.798,1.842,2.348,14.655,765.855,0.2,0,1,0,0,148.832,1705.104
28.03.2026 10:00:00,1303.821,1342.234,1991.258,1635.451,1.815,2.314,15.698,694.532,0.6,0,1,0,0,163.499,1505.681
28.03.2026 10:15:00,1303.669,1328.813,1967.823,1625.581,1.788,2.285,16.218,555.354,1.2,0,1,0,0,177,1506.193
28.03.2026 10:30:00,1303.798,1324.037,2006.798,1620.506,1.761,2.267,15.825,583.925,1.8,0,1,0,0,181.75,1506.108
28.03.2026 10:45:00,1303.786,1318.114,1879.862,1618.806,1.734,2.246,16.162,634.637,2.4,0,1,0,0,188,1506.202
28.03.2026 11:00:00,1303.788,1309.21,1897.467,1621.075,1.708,2.226,17.04,743.791,3,0,1,0,0,196.596,1506.281
28.03.2026 11:15:00,1303.766,1299.25,1880.194,1594.861,1.683,2.205,17.972,795.407,3.8,0,0,1,0,206.828,1506.086
28.03.2026 11:30:00,1303.863,1298.422,1913.531,1467.031,1.664,2.163,19.072,975.798,4.6,0,0,0,1,207.667,1506.531
28.03.2026 11:45:00,1303.925,1296.531,1976.947,1328.287,1.653,2.122,19.596,1292.198,5.2,0,0,0,1,210.247,1506.624
28.03.2026 12:00:00,1303.879,1286.771,1872.552,1320.517,1.646,2.101,19.095,1448.889,6,0,0,0,1,219.673,1506.336
28.03.2026 12:15:00,1303.839,1273.369,1743.724,1016.231,1.653,2.069,18.967,1448.886,6.6,0,0,0,1,233,1506.222
28.03.2026 12:30:00,1303.785,1268.149,1796.876,992.836,1.662,2.055,18.69,1448.886,7.2,0,0,0,1,238,1506.19
28.03.2026 12:45:00,1303.927,1295.578,1693.25,1006.454,1.671,2.048,17.683,1448.886,7.8,0,0,0,1,210.191,1506.16
28.03.2026 13:00:00,1303.911,1291.314,1764.009,1054.077,1.679,2.041,18.141,1103.999,8.2,0,0,0,1,214.617,1506.024
28.03.2026 13:15:00,1303.821,1283.996,1794.556,1069.966,1.685,2.02,17.237,848.79,8.6,0,0,0,1,222,1505.912
28.03.2026 13:30:00,1303.673,1286.517,1676.265,1050.614,1.691,2.005,16.55,913.157,9,0,0,0,1,219.75,1506.08
28.03.2026 13:45:00,903.267,1351.444,1742.393,1035.494,1.698,1.999,15.673,888.243,9.4,0,0,0,1,153.954,1505.407
28.03.2026 14:00:00,803.249,1351.654,1698.61,1018.063,1.704,2.007,15.323,818.701,9.6,0,0,0,1,153.896,1505.341
28.03.2026 14:15:00,703.249,1361.249,1671.49,979.918,1.711,2.029,15.002,774.556,9.8,0,1,0,0,144,1505.456
28.03.2026 14:30:00,703.249,1367.376,1742.386,1061.606,1.716,2.039,14.473,632.926,10,0,1,0,0,137.75,1505.313
28.03.2026 14:45:00,703.249,1378.665,1688.601,1056.913,1.719,2.063,14.096,488.361,10.2,0,1,0,0,126.75,1505.226
28.03.2026 15:00:00,703.249,1401.459,1744.366,1025.916,1.723,2.092,13.195,438.45,10.2,0,1,0,0,103.8,1505.506
28.03.2026 15:15:00,703.249,1412.442,1778.406,1038.567,1.73,2.106,12.694,382.868,10.4,0,1,0,0,92.75,1505.387
28.03.2026 15:30:00,703.249,1421.154,1839.038,1107.617,1.731,2.135,12.283,346.076,10.4,0,1,0,0,84,1505.199
28.03.2026 15:45:00,703.249,1430.911,1892.424,1077.515,1.734,2.156,11.361,301.163,10.6,0,1,0,0,74.25,1505.287
28.03.2026 16:00:00,703.251,1542.169,1871.738,1047.055,1.739,2.167,10.885,246.369,10.6,0,1,0,0,64.095,1605.999
28.03.2026 16:15:00,703.246,1690.591,1984.43,984.069,1.747,2.163,10.759,177.397,10.6,0,1,0,0,14.464,1704.99
28.03.2026 16:30:00,703.249,1803.066,1849.638,780.88,1.764,2.131,10.184,147.705,10.6,0,1,0,0,3.805,1807.051
28.03.2026 16:45:00,703.249,1902.098,1897.037,714.141,1.785,2.103,9.61,93.571,10.6,0,1,0,0,3.943,1906.354
28.03.2026 17:00:00,803.249,2363.71,2026.557,805.458,1.807,2.089,9.104,97.01,10.6,0,1,0,0,4.3,2367.998
28.03.2026 17:15:00,903.321,2425.045,2039.012,792.135,1.819,2.099,8.309,88.942,10.6,0,1,0,0,4.293,2429.864
28.03.2026 17:30:00,1103.446,2518.976,2154.113,927.699,1.834,2.086,8.072,81.714,10.6,0,1,0,0,4.721,2523.623
28.03.2026 17:45:00,1403.825,2513.873,2012.849,959.579,1.841,2.078,7.821,53.365,10.6,0,1,0,0,9.75,2523.623
28.03.2026 18:00:00,1403.999,2513.873,2136.323,1010.358,1.851,2.048,7.315,34.12,10.6,0,0,1,0,9.75,2523.623
28.03.2026 18:15:00,1403.965,2518.945,2102.798,1095.111,1.858,2.029,6.604,31.837,10.6,0,0,1,0,4.732,2523.623
28.03.2026 18:30:00,1403.928,2518.874,2061.72,1260.001,1.855,2.024,6.731,17.543,10.6,0,0,0,1,4.75,2523.623
28.03.2026 18:45:00,1403.805,2518.931,2147.744,1335.185,1.845,2.013,6.423,3.262,10.6,0,0,0,1,4.519,2523.623
28.03.2026 19:00:00,1403.924,2518.886,2269.994,1331.443,1.834,1.99,6.295,1.027,10.8,0,0,0,1,4.671,2523.623
28.03.2026 19:15:00,1403.929,2519.127,2351.8,1284.195,1.827,1.955,6.054,0.537,10.8,0,0,0,1,4.616,2523.623
28.03.2026 19:30:00,1403.9,2519.009,2388.511,1195.332,1.822,1.923,6.069,0.451,11,0,0,0,1,4.616,2523.623
28.03.2026 19:45:00,1403.814,2518.902,2261.786,1131.602,1.82,1.904,5.786,0.542,11,0,0,0,1,4.682,2523.623
28.03.2026 20:00:00,1403.914,2518.873,2239.767,1107.205,1.82,1.895,5.648,0.502,11,0,0,0,1,4.75,2523.623
28.03.2026 20:15:00,1403.935,2518.939,2204.793,1117.25,1.819,1.891,5.499,0.528,11,0,0,0,1,4.731,2523.623
28.03.2026 20:30:00,1403.793,2518.909,2157.449,1149.503,1.818,1.888,5.571,0.795,11,0,0,0,1,4.737,2523.623
28.03.2026 20:45:00,1403.814,2376.101,2156.74,1191.308,1.816,1.877,5.441,0.693,11,0,0,0,1,4.593,2380.748
28.03.2026 21:00:00,1403.999,2281.144,2066.461,1215.516,1.812,1.857,5.41,0.959,11,0,0,0,1,4.498,2285.498
28.03.2026 21:15:00,1403.916,2449.144,2191.809,1226.347,1.809,1.833,5.368,0.777,11,0,0,0,1,4.743,2453.873
28.03.2026 21:30:00,1403.953,2460.43,2089.075,1219.958,1.805,1.81,5.037,0.71,11,0,0,0,1,4.635,2465.127
28.03.2026 21:45:00,1403.8,2335.712,2040.446,1194.971,1.802,1.788,5.029,0.556,11,0,0,0,1,4.601,2340.555
28.03.2026 22:00:00,1403.956,2271.772,1931.409,1177.874,1.799,1.771,5.146,0.592,11,0,0,0,1,4.649,2276.307
28.03.2026 22:15:00,1403.854,2224.41,2038.855,844.318,1.809,1.763,5.107,0.506,11,0,0,0,1,4.552,2228.873
28.03.2026 22:30:00,803.249,2196.292,1890.818,766.898,1.822,1.792,5.082,0.745,11,0,0,0,1,4.427,2200.29
28.03.2026 22:45:00,703.251,2277.608,2017.107,739.46,1.836,1.847,5.098,0.691,11.2,0,0,0,1,4.232,2281.741
28.03.2026 23:00:00,703.249,2242.902,1944.247,754.286,1.85,1.906,5.17,0.524,11.4,0,0,0,1,4.204,2247.248
28.03.2026 23:15:00,703.249,2237.57,2032.207,794.433,1.863,1.954,5.107,0.529,11.6,0,0,0,1,4.086,2241.623
28.03.2026 23:30:00,703.251,2199.754,1981.578,824.381,1.876,1.987,5.101,0.701,11.8,0,0,0,1,4.02,2203.638
28.03.2026 23:45:00,703.251,2095.81,1964.135,834.734,1.888,2.01,5.008,0.638,12,0,0,0,1,3.989,2100.244
29.03.2026 00:00:00,703.251,2127.953,2042.698,828.621,1.9,2.03,5.042,0.518,12.2,0,0,0,1,3.995,2131.794
29.03.2026 00:15:00,602.961,2076.313,1970.421,818.854,1.913,2.056,5.087,0.579,0,0,0,0,1,4.129,2080.377
29.03.2026 00:30:00,603.001,2222.711,2274.539,814.813,1.925,2.092,5.083,0.559,0.2,0,0,0,1,4.332,2226.998
29.03.2026 00:45:00,602.993,2294.177,2244.628,812.25,1.937,2.128,5.033,0.474,0.4,0,0,0,1,4.052,2298.248
29.03.2026 01:00:00,603.001,2162.447,2058.099,806.925,1.949,2.162,4.865,0.7,0.4,0,0,0,1,4.022,2166.623
29.03.2026 01:15:00,603.001,2020.781,1876.82,811.74,1.962,2.195,4.798,0.636,0.6,0,0,0,1,4.133,2024.472
29.03.2026 01:30:00,602.999,1878.826,1718.645,810.413,1.975,2.224,4.625,0.489,0.6,0,0,0,1,3.876,1882.626
29.03.2026 01:45:00,603.007,2131.036,2265.177,806.712,1.987,2.253,4.548,0.684,0.8,0,0,0,1,4.164,2134.64
29.03.2026 03:00:00,703.249,1763.126,2195.673,798.92,2,2.284,4.586,0.495,0.8,0,0,0,1,3.785,1767.231
29.03.2026 03:15:00,703.476,2314.492,2119.742,583.477,2.017,2.389,4.736,0.75,0.8,0,0,0,1,4.371,2318.498
29.03.2026 03:30:00,703.249,2105.283,2029.477,618.382,2.034,2.486,4.889,0.692,1,0,0,0,1,4.337,2109.623
29.03.2026 03:45:00,703.249,2001.603,2624.339,672.56,2.052,2.548,5.013,0.475,1,0,0,0,1,3.698,2005.39
29.03.2026 04:00:00,803.249,1908.025,2385.824,721.458,2.07,2.574,4.937,0.695,1.2,0,0,0,1,4.027,1911.999
29.03.2026 04:15:00,803.249,1902.292,2127.986,731.244,2.087,2.586,5.04,0.618,1.2,0,0,0,1,3.864,1906.238
29.03.2026 04:30:00,803.248,1902.204,2015.398,713.26,2.105,2.598,4.94,0.698,1.2,0,0,0,1,4.238,1906.374
29.03.2026 04:45:00,803.249,1902.541,1859.803,692.034,2.123,2.62,4.821,0.64,1.2,0,0,0,1,3.802,1906.374
29.03.2026 05:00:00,803.249,1902.433,1759.295,689.33,2.14,2.656,4.784,0.518,1.2,0,0,0,1,3.988,1906.374
29.03.2026 05:15:00,903.234,1875.15,1671.149,994.39,2.143,2.719,4.59,0.702,1.4,0,0,0,1,3.732,1878.843
29.03.2026 05:30:00,1003.242,1852.912,1784.368,1058.641,2.142,2.762,4.514,0.934,1.4,0,0,0,1,4.504,1856.876
29.03.2026 05:45:00,1103.512,1926.313,1740.19,1113.635,2.141,2.763,4.678,0.49,1.4,0,0,0,1,4.373,1930.38
29.03.2026 06:00:00,1203.576,1972.915,1731.458,1153.434,2.14,2.738,4.889,0.646,1.4,0,0,0,1,29.247,2001.775
29.03.2026 06:15:00,1303.967,1877.124,1632.199,1307.555,2.131,2.706,4.651,0.823,1.6,0,0,0,1,29.25,1906.374
29.03.2026 06:30:00,1303.642,1873.624,1645.764,1307.362,2.121,2.666,4.674,0.68,1.6,0,0,0,1,32.75,1906.374
29.03.2026 06:45:00,1303.957,1872.378,1664.178,1310.418,2.113,2.624,4.766,0.721,1.6,0,0,0,1,33.999,1906.205
29.03.2026 07:00:00,1303.987,1853.271,1701.521,1306.001,2.105,2.595,4.883,0.837,1.6,0,0,0,1,53.149,1906.374
29.03.2026 07:15:00,1303.839,1844.57,1650.401,1301.107,2.095,2.577,4.883,2.607,1.6,0,0,0,1,61.529,1906.374
29.03.2026 07:30:00,1303.909,1835.691,1630.47,1300.393,2.085,2.56,4.848,5.63,1.6,0,0,0,1,70.731,1906.374
29.03.2026 07:45:00,1303.984,1828.315,1689.615,1304.115,2.076,2.543,4.748,24.176,1.6,0,0,0,1,78,1906.358
29.03.2026 08:00:00,1303.926,1823.374,1668.107,1364.804,2.064,2.508,4.995,30.054,1.6,0,0,0,1,83,1906.374
29.03.2026 08:15:00,1303.917,1810.124,1790.858,1410.974,2.056,2.432,4.952,41.502,1.8,0,1,0,0,96.25,1906.374
29.03.2026 08:30:00,1303.93,1798.917,1822.325,1307.194,2.052,2.312,5.08,57.722,1.8,0,1,0,0,107.597,1906.374
29.03.2026 08:45:00,1303.834,1789.375,1843.283,1341.965,2.046,2.235,5.214,122.832,2,0,1,0,0,117,1906.374
29.03.2026 09:00:00,1303.925,1801.297,1824.427,1336.942,2.034,2.203,5.671,105.821,2,0,1,0,0,105.14,1906.374
29.03.2026 09:15:00,1303.786,1788.225,1823.273,1382.928,2.022,2.185,6.015,203.994,2,0,1,0,0,118.224,1906.374
29.03.2026 09:30:00,1303.962,1773.374,1854.934,1477.366,2.005,2.176,6.429,240.631,2.2,0,1,0,0,133,1906.374
29.03.2026 09:45:00,1303.969,1767.374,1854.945,1445.604,1.987,2.143,7.269,319.608,2.4,0,1,0,0,139,1906.374
29.03.2026 10:00:00,1303.985,1757.557,1889.892,1491.287,1.969,2.094,8.096,339.984,2.4,0,1,0,0,148.771,1906.374
29.03.2026 10:15:00,1303.999,1643.971,1893.28,1592.627,1.947,2.052,8.696,362.969,2.4,0,1,0,0,163.472,1807.371
29.03.2026 10:30:00,1303.982,1528.317,1903.822,1661.847,1.92,2.015,8.693,333.697,2.6,0,1,0,0,177,1705.89
29.03.2026 10:45:00,1303.965,1424.249,2018.393,1661.631,1.892,1.971,8.772,524.497,2.6,0,0,1,0,181.75,1605.999
29.03.2026 11:00:00,1303.902,1318.187,2043.62,1591.206,1.866,1.921,9.204,403.354,2.6,0,0,1,0,188,1506.201
29.03.2026 11:15:00,1303.827,1309.506,2040.173,1235.322,1.859,1.854,9.502,427.99,2.6,0,0,0,1,196.506,1505.84
29.03.2026 11:30:00,1103.05,1299.124,1953.51,1024.716,1.858,1.834,9.669,588.376,2.6,0,0,0,1,206.754,1505.9
29.03.2026 11:45:00,1103.262,1297.987,1904.864,915.666,1.862,1.858,11.285,524.117,2.6,0,0,0,1,207.744,1505.623
29.03.2026 12:00:00,1103.073,1295.339,1950.359,905.249,1.866,1.919,11.689,936.035,2.6,0,0,0,1,210.038,1505.981
29.03.2026 12:15:00,1103.079,1286.33,1979.567,953.151,1.868,1.986,12.47,648.664,2.6,0,0,0,1,219.591,1506.304
29.03.2026 12:30:00,1103.344,1272.837,1942.489,1028.95,1.869,2.035,13.275,644.048,2.6,0,0,0,1,233,1506.053
29.03.2026 12:45:00,1103.182,1267.982,1901.544,1106.285,1.868,2.055,13.273,587.611,2.6,0,0,0,1,238,1506.149
29.03.2026 13:00:00,1103.376,1295.515,1919.028,1102.548,1.866,2.068,12.812,485.14,2.6,0,0,0,1,210.025,1505.579
29.03.2026 13:15:00,1103.243,1291.504,1827.829,1089.048,1.864,2.079,11.736,552.195,2.6,0,0,0,1,214.325,1505.973
29.03.2026 13:30:00,1103.261,1284.181,1815.948,1040.719,1.862,2.105,12.152,558.226,2.6,0,0,0,1,222,1505.858
29.03.2026 13:45:00,903.341,1285.97,1831.898,1001.189,1.861,2.151,11.98,616.17,2.6,0,0,0,1,219.709,1505.546
29.03.2026 14:00:00,803.249,1305.152,1712.13,982.503,1.861,2.21,12.705,744.839,2.6,0,0,0,1,200.021,1505.429
29.03.2026 14:15:00,703.251,1306.548,1807.839,984.074,1.86,2.269,12.746,565.522,2.6,0,0,0,1,199.001,1505.319
29.03.2026 14:30:00,703.249,1306.282,1618.185,999.67,1.86,2.32,12.1,795.586,2.6,0,0,0,1,199,1505.461
29.03.2026 14:45:00,703.249,1312.552,1688.852,1016.87,1.86,2.363,12.494,642.328,2.6,0,0,0,1,192.75,1505.387
29.03.2026 15:00:00,703.251,1337.95,1629.344,1027.978,1.859,2.404,12.484,595.228,2.6,0,0,0,1,167.273,1505.383
29.03.2026 15:15:00,703.251,1347.461,1638.999,947.728,1.858,2.455,12.705,1055.343,2.6,0,0,0,1,157.88,1505.133
29.03.2026 15:30:00,703.247,1356.527,1807.654,938.008,1.857,2.555,12.785,394.633,2.6,0,0,0,1,148.751,1505.657
29.03.2026 15:45:00,703.249,1367.543,1894.916,966.959,1.856,2.649,10.798,321.207,2.6,0,0,0,1,137.75,1505.178
29.03.2026 16:00:00,703.249,1401.395,1844.256,1005.145,1.855,2.717,10.136,256.44,2.6,0,0,0,1,103.752,1505.197
29.03.2026 16:15:00,703.249,1417.488,1807.465,1204.642,1.849,2.745,9.467,268.396,2.6,0,1,0,0,87.75,1505.28
29.03.2026 16:30:00,703.249,1432.107,2006.528,1221.669,1.846,2.737,9.293,322.382,2.6,0,1,0,0,73.234,1505.194
29.03.2026 16:45:00,703.249,1545.861,1948.669,1120.573,1.843,2.713,9.485,189.655,2.6,0,1,0,0,59.975,1605.927
29.03.2026 17:00:00,803.249,1654.963,2092.218,1149.648,1.841,2.698,9.217,207.227,2.6,0,1,0,0,50.011,1705.001
29.03.2026 17:15:00,903.225,1768.221,2047.274,1108.259,1.836,2.691,9.577,257.124,2.6,0,1,0,0,39,1807.204
29.03.2026 17:30:00,1103.196,1882.125,2102.492,1214.969,1.827,2.683,9.581,151.288,2.6,0,1,0,0,24.25,1906.374
29.03.2026 17:45:00,1303.856,1996.385,1976.708,1241.677,1.819,2.663,9.587,98.146,2.6,0,1,0,0,9.75,2006.174
29.03.2026 18:00:00,1303.958,2096.224,2173.808,1315.922,1.813,2.632,9.192,70.369,2.6,0,1,0,0,9.721,2105.873
29.03.2026 18:15:00,1303.795,2202.149,2137.886,1182.472,1.811,2.595,8.479,63.307,2.6,0,1,0,0,4.513,2206.733
29.03.2026 18:30:00,1303.995,2303.03,2164.324,1186.779,1.808,2.577,8.201,53.481,2.6,0,1,0,0,4.519,2307.623
29.03.2026 18:45:00,1303.956,2303.237,2278.683,1171.258,1.805,2.562,7.822,47.303,2.6,0,1,0,0,4.362,2307.623
29.03.2026 19:00:00,1303.948,2302.911,2174.992,1178.409,1.798,2.559,7.786,32.369,2.6,0,1,0,0,4.41,2307.623
29.03.2026 19:15:00,1303.883,2303.025,2431.078,1338.278,1.791,2.546,7.505,24.126,2.6,0,1,0,0,4.711,2307.623
29.03.2026 19:30:00,1303.969,2303.073,2317.505,1305.174,1.778,2.529,7.276,9.338,2.6,0,1,0,0,4.542,2307.472
29.03.2026 19:45:00,1303.995,2303.193,2248.539,1183.069,1.773,2.484,7.06,2.654,2.6,0,1,0,0,4.357,2307.623
29.03.2026 20:00:00,1303.969,2303.094,2149.27,1209.68,1.766,2.458,6.708,1.017,2.6,0,1,0,0,4.44,2307.623
29.03.2026 20:15:00,1303.982,2303.088,2188.162,1209.501,1.761,2.437,6.598,0.45,2.6,0,1,0,0,4.549,2307.623
29.03.2026 20:30:00,1303.915,2303.22,2206.037,1256.778,1.749,2.435,6.465,0.45,2.6,0,1,0,0,4.652,2307.623
29.03.2026 20:45:00,1303.876,2302.955,2212.323,1221.828,1.745,2.409,6.383,0.447,2.6,0,1,0,0,4.724,2307.623
29.03.2026 21:00:00,1303.968,2302.894,1966.633,1080.088,1.741,2.384,6.299,0.453,2.6,0,1,0,0,4.405,2307.623
29.03.2026 21:15:00,1303.997,2303.02,2233.601,1256.667,1.738,2.369,6.273,0.45,2.6,0,1,0,0,4.505,2307.559
29.03.2026 21:30:00,1203.743,2302.887,2076.869,1041.039,1.736,2.345,6.124,0.45,2.6,0,1,0,0,4.468,2307.623
29.03.2026 21:45:00,1203.7,2303.125,2039.326,993.024,1.74,2.318,6.108,0.45,2.6,0,1,0,0,4.494,2307.623
29.03.2026 22:00:00,1203.749,2303.337,1886.125,940.785,1.748,2.294,5.882,0.455,2.6,0,0,1,0,4.587,2307.623
29.03.2026 22:15:00,1003.425,2224.338,1881.546,1013.833,1.749,2.306,6.01,0.451,2.6,0,0,0,1,4.401,2228.873
29.03.2026 22:30:00,803.249,2196.249,1951.94,984.126,1.75,2.329,5.826,0.45,2.6,0,0,0,1,4.313,2200.34
29.03.2026 22:45:00,803.249,2277.604,2011.995,949.369,1.753,2.35,5.773,0.45,2.6,0,0,0,1,4.131,2281.553
29.03.2026 23:00:00,803.249,2242.905,1958.56,925.503,1.757,2.366,5.597,0.491,2.6,0,0,0,1,4.403,2247.248
29.03.2026 23:15:00,803.249,2237.295,1974.793,909.61,1.763,2.379,5.52,0.497,2.6,0,0,0,1,4.587,2241.623
29.03.2026 23:30:00,803.249,2199.594,1962.59,905.612,1.769,2.392,5.398,0.664,2.6,0,0,0,1,4.478,2204.382
29.03.2026 23:45:00,803.249,2095.916,1880.686,913.264,1.775,2.408,5.256,0.545,2.6,0,0,0,1,4.063,2100.114
30.03.2026 00:00:00,803.249,2128.042,2020.905,948.162,1.781,2.443,5.074,0.477,2.6,0,0,0,1,4.409,2132.577
30.03.2026 00:15:00,602.999,2076.556,1957.177,712.387,1.797,2.42,5.031,0.453,0,0,0,0,1,4.254,2080.464
30.03.2026 00:30:00,603.001,2222.874,2248.29,646.461,1.817,2.419,5.03,0.474,0,0,0,0,1,4.209,2226.998
30.03.2026 00:45:00,602.999,2294.277,2188.78,614.204,1.837,2.443,4.798,0.526,0,0,0,0,1,4.105,2298.247
30.03.2026 01:00:00,602.999,2162.651,2020.503,614.728,1.857,2.474,4.842,0.466,0,0,0,0,1,4.148,2166.623
30.03.2026 01:15:00,603.001,2020.537,1813.316,634.625,1.877,2.501,4.934,0.522,0,0,0,0,1,3.915,2024.544
30.03.2026 01:30:00,602.999,1878.739,1679.23,651.618,1.896,2.516,4.786,0.461,0,0,0,0,1,3.752,1882.745
30.03.2026 01:45:00,603.001,2130.507,2197.301,667.983,1.916,2.526,4.748,0.635,0,0,0,0,1,3.939,2134.875
30.03.2026 02:00:00,603.001,2292.498,2051.81,669.78,1.935,2.536,4.793,0.496,0,0,0,0,1,4.042,2296.373
30.03.2026 02:15:00,603.001,2164.013,1971.739,663.257,1.954,2.544,4.504,0.617,0,0,0,0,1,4.254,2168.123
30.03.2026 02:30:00,603.002,1943.508,1688.853,646.433,1.973,2.556,4.294,0.697,0,0,0,0,1,3.843,1947.478
30.03.2026 02:45:00,603.001,1825.82,1613.998,634.014,1.992,2.572,4.49,0.509,0,0,0,0,1,3.862,1829.499
30.03.2026 03:00:00,602.774,1763.343,1569.006,628.375,2.012,2.589,4.647,0.678,0,0,0,0,1,3.901,1767.249
30.03.2026 03:15:00,602.999,1741.006,1742.149,630.268,2.031,2.606,4.83,0.509,0,0,0,0,1,3.786,1745.103
30.03.2026 03:30:00,602.998,1756.034,1684.794,632.866,2.05,2.62,4.58,0.465,0,0,0,0,1,3.866,1759.749
30.03.2026 03:45:00,603.017,2281.312,2455.578,631.351,2.07,2.632,4.809,0.454,0,0,0,0,1,3.815,2285.498
30.03.2026 04:00:00,603.001,2421.204,2248.515,628.276,2.089,2.645,4.608,0.49,0,0,0,0,1,4.055,2425.572
30.03.2026 04:15:00,602.999,2313.969,2176.927,627.871,2.109,2.657,4.895,0.641,0,0,0,0,1,4.273,2318.498
30.03.2026 04:30:00,603.001,2105.771,1957.763,639.534,2.129,2.672,5.064,0.536,0,0,0,0,1,4.044,2109.463
30.03.2026 04:45:00,703.249,2001.619,1879.41,640.922,2.148,2.688,5.105,0.465,0,0,0,0,1,3.972,2005.456
30.03.2026 05:00:00,803.249,1907.781,1769.316,634.482,2.167,2.704,5.085,0.745,0,0,0,0,1,4.038,1911.941
30.03.2026 05:15:00,903.362,1874.858,1691.524,919.449,2.182,2.726,4.886,0.832,0,0,0,0,1,4.037,1878.984
30.03.2026 05:30:00,1002.823,1852.512,1759.342,1301.599,2.173,2.774,4.612,0.579,0,0,0,0,1,4.23,1856.864
30.03.2026 05:45:00,1103.21,1926.074,1930.812,1341.065,2.158,2.786,4.712,0.781,0,0,0,0,1,4.249,1930.598
30.03.2026 06:00:00,1203.525,1972.537,2032.589,1399.688,2.143,2.763,4.811,0.485,0,0,0,0,1,29.25,2001.595
30.03.2026 06:15:00,1203.439,1983.339,2004.529,1419.496,2.127,2.726,4.8,0.681,0,0,1,0,0,29.25,2013.009
30.03.2026 06:30:00,1203.685,2047.881,2157.758,1227.705,2.122,2.662,4.7,0.621,0,0,1,0,0,32.75,2080.447
30.03.2026 06:45:00,1203.573,2070.373,2240.2,1348.756,2.11,2.642,4.884,0.471,0,0,1,0,0,34,2104.373
30.03.2026 07:00:00,1203.736,2082.538,2272.358,1374.431,2.093,2.646,5.034,0.47,0,0,1,0,0,53.05,2135.454
30.03.2026 07:15:00,1203.729,2124.75,2292.318,1326.563,2.078,2.643,5.039,1.937,0,0,1,0,0,62.08,2186.502
30.03.2026 07:30:00,1203.673,2121.49,2167.294,1305.829,2.066,2.622,4.593,5.651,0,0,1,0,0,70.75,2192.395
30.03.2026 07:45:00,1203.508,2152.748,2303.685,1372.256,2.053,2.604,4.776,10.007,0,0,1,0,0,78,2230.748
30.03.2026 08:00:00,1303.957,2151.123,2295.735,1496.485,2.032,2.601,4.613,16.242,0,0,1,0,0,83,2234.123
30.03.2026 08:15:00,1303.915,2310.443,2432.017,1395.786,2.017,2.572,5.052,24.457,0,0,1,0,0,96.35,2406.632
30.03.2026 08:30:00,1303.877,2299.115,2479.381,1472.539,1.996,2.559,5.212,28.356,0,0,1,0,0,107.864,2406.8
30.03.2026 08:45:00,1303.938,2309.455,2496.438,1455.921,1.978,2.541,5.331,35.605,0,0,1,0,0,117,2426.49
30.03.2026 09:00:00,1303.949,2350.267,2548.957,1419.794,1.96,2.518,5.371,33.32,0,0,1,0,0,105.526,2455.742
30.03.2026 09:15:00,1303.869,2388.873,2458.002,1360.105,1.943,2.5,4.946,37.524,0,0,1,0,0,118.25,2507.123
30.03.2026 09:30:00,1303.984,2273.367,2457.47,1416.345,1.923,2.493,4.85,38.601,0,0,1,0,0,133,2406.944
30.03.2026 09:45:00,1303.996,2368.12,2529.142,1437.866,1.906,2.477,5.191,78.58,0,0,1,0,0,139.001,2506.85
30.03.2026 10:00:00,1303.932,2358.11,2412.837,1273.715,1.892,2.454,5.153,81.547,0.2,0,1,0,0,148.955,2507.123
30.03.2026 10:15:00,1303.946,2343.623,2520.737,1499.908,1.876,2.446,5.413,93.777,0.2,0,1,0,0,163.5,2507.123
30.03.2026 10:30:00,1303.889,2330.123,2565.573,1599.937,1.848,2.451,5.668,70.682,0.2,0,1,0,0,177,2507.123
30.03.2026 10:45:00,1303.872,2325.373,2481.925,1520.426,1.821,2.43,5.734,110.854,0.2,0,1,0,0,181.75,2507.123
30.03.2026 11:00:00,1303.924,2319.116,2578.461,1602.638,1.799,2.396,5.994,130.455,0.4,0,1,0,0,188,2507.123
30.03.2026 11:15:00,1303.907,2309.984,2508.308,1561.871,1.773,2.377,5.796,198.537,0.4,0,1,0,0,196.949,2507.123
30.03.2026 11:30:00,1303.702,2299.621,2535.983,1579.097,1.747,2.367,6.573,268.386,0.4,0,1,0,0,207.5,2507.123
30.03.2026 11:45:00,1303.868,2298.358,2619.994,1571.465,1.719,2.376,7.364,344.923,0.4,0,1,0,0,208.668,2507.12
30.03.2026 12:00:00,1303.784,2296.178,2673.397,1571.566,1.69,2.388,7.978,293.36,0.4,0,1,0,0,210.888,2507.123
30.03.2026 12:15:00,1303.782,2287.373,2260.5,1283.315,1.669,2.38,8.957,389.634,0.4,0,1,0,0,219.75,2507.123
30.03.2026 12:30:00,1203.492,2274.123,2031.095,1045.984,1.67,2.349,9.906,569.757,0.4,0,1,0,0,233,2507.123
30.03.2026 12:45:00,1102.771,2268.993,1688.976,672.635,1.681,2.337,11.199,1448.886,0.4,0,1,0,0,238,2507.084
30.03.2026 13:00:00,1003.228,2296.225,1949.855,637.409,1.701,2.347,12.442,1448.882,0.4,0,1,0,0,210.828,2507.119
30.03.2026 13:15:00,1002.953,2191.874,1624.96,576.873,1.715,2.391,14.241,1448.882,0.4,0,1,0,0,214.749,2406.496
30.03.2026 13:30:00,1002.792,2085.623,1907.918,889.893,1.731,2.434,15.645,433.639,0.4,0,1,0,0,222,2307.623
30.03.2026 13:45:00,902.917,1986.854,1881.571,814.465,1.736,2.482,14.162,431.401,0.4,0,1,0,0,219.75,2206.709
30.03.2026 14:00:00,803.249,2006.371,1917.468,732.581,1.751,2.496,13.101,358.256,0.4,0,1,0,0,200.296,2206.748
30.03.2026 14:15:00,703.249,1707.364,1737.065,864.132,1.756,2.524,12.99,1448.899,0.4,0,1,0,0,199.169,1906.374
30.03.2026 14:30:00,703.249,1729.478,1735.86,838.279,1.767,2.537,14.033,997.428,0.4,0,1,0,0,199.069,1928.563
30.03.2026 14:45:00,703.249,1741.406,2195.223,1083.101,1.766,2.576,12.395,119.592,0.4,0,1,0,0,192.754,1934.171
30.03.2026 15:00:00,703.249,1797.624,2125.515,1016.992,1.763,2.601,10.962,124.674,0.4,0,1,0,0,167.25,1964.874
30.03.2026 15:15:00,703.249,1817.61,2162.562,1039.377,1.763,2.614,10.103,124.035,0.6,0,1,0,0,158.417,1976.119
30.03.2026 15:30:00,703.249,1896.732,2129.729,995.988,1.764,2.631,9.575,151.33,0.6,0,1,0,0,148.885,2045.499
30.03.2026 15:45:00,703.249,1854.874,2070.896,933.516,1.764,2.657,9.502,192.669,0.6,0,1,0,0,137.75,1992.624
30.03.2026 16:00:00,703.249,2038.189,2114.3,946.934,1.772,2.674,9.531,77.004,0.6,0,1,0,0,104.29,2142.623
30.03.2026 16:15:00,703.249,2047.556,2186.702,986.08,1.776,2.703,8.894,151.266,0.6,0,1,0,0,87.75,2135.439
30.03.2026 16:30:00,703.249,2131.231,2088,908.768,1.781,2.71,8.914,138.474,0.6,0,1,0,0,73.25,2204.425
30.03.2026 16:45:00,703.249,2235.567,2177.868,923.297,1.79,2.709,8.917,101.548,0.6,0,1,0,0,60.931,2296.373
30.03.2026 17:00:00,803.249,2317.339,2271.627,1061.944,1.795,2.714,8.667,84.248,0.6,0,1,0,0,51.033,2367.998
30.03.2026 17:15:00,903.041,2391.238,2234.356,1007.998,1.797,2.708,7.792,133.145,0.8,0,1,0,0,39.005,2430.101
30.03.2026 17:30:00,1102.79,2499.373,2263.777,1017.558,1.801,2.685,7.53,100.888,0.8,0,1,0,0,24.25,2523.623
30.03.2026 17:45:00,1303.542,2625.623,2162.191,943.92,1.807,2.653,7.455,26.981,1,0,1,0,0,9.75,2635.373
30.03.2026 18:00:00,1303.826,2718.998,2367.915,1102.47,1.809,2.637,7.005,53.119,1.6,0,1,0,0,9.75,2728.748
30.03.2026 18:15:00,1303.786,2731.525,2203.253,974.371,1.814,2.606,6.9,40.513,2,0,1,0,0,4.695,2736.248
30.03.2026 18:30:00,1303.437,2775.373,2270.733,1002.695,1.819,2.587,6.754,24.858,2.2,0,1,0,0,4.75,2780.035
30.03.2026 18:45:00,1303.732,2815.638,2363.6,1079.568,1.821,2.574,6.596,18.779,2.6,0,1,0,0,4.75,2820.298
30.03.2026 19:00:00,1303.549,2846.615,2282.291,1038.353,1.826,2.548,6.417,9.827,2.8,0,1,0,0,4.75,2851.372
30.03.2026 19:15:00,1303.681,2821.432,2379.922,1097.814,1.83,2.531,6.478,4.838,3,0,1,0,0,4.75,2826.23
30.03.2026 19:30:00,1303.404,2802.748,2365.625,1080.614,1.831,2.515,6.406,3.262,3.4,0,1,0,0,4.75,2807.498
30.03.2026 19:45:00,1303.398,2723.998,2356.554,1154.443,1.834,2.495,6.356,1.234,3.6,0,1,0,0,4.75,2728.748
30.03.2026 20:00:00,1303.534,2650.873,2315.854,982.439,1.837,2.467,6.205,0.58,4,0,1,0,0,4.75,2655.623
30.03.2026 20:15:00,1303.7,2533.498,2321.532,1163.516,1.841,2.45,6.109,0.456,4.2,0,1,0,0,4.75,2538.248
30.03.2026 20:30:00,1303.332,2408.989,2305.161,1197.926,1.836,2.443,5.851,0.511,4.6,0,1,0,0,4.75,2413.747
30.03.2026 20:45:00,1303.14,2375.998,2140.677,1105.227,1.833,2.416,5.696,0.54,5,0,1,0,0,4.75,2380.748
30.03.2026 21:00:00,1302.956,2280.748,2247.503,1350.24,1.828,2.4,5.684,0.715,5.4,0,1,0,0,4.75,2285.498
30.03.2026 21:15:00,1303.407,2449.123,2417.541,1302.233,1.822,2.376,5.686,0.622,6,0,1,0,0,4.75,2453.873
30.03.2026 21:30:00,1203.06,2460.417,2339.473,1122.305,1.818,2.34,5.512,0.592,6.4,0,1,0,0,4.741,2465.128
30.03.2026 21:45:00,1202.733,2335.812,2199.384,1118.02,1.814,2.317,5.474,0.529,6.4,0,1,0,0,4.75,2340.486
30.03.2026 22:00:00,1202.812,2271.65,2079.359,913.813,1.812,2.295,5.402,0.625,6.4,0,0,1,0,4.75,2276.472
30.03.2026 22:15:00,1002.226,2224.079,2079.542,1024.487,1.814,2.296,5.636,0.577,6.6,0,0,0,1,4.764,2228.873
30.03.2026 22:30:00,803.249,2196.207,2056.401,964.552,1.815,2.316,5.502,0.657,6.6,0,0,0,1,4.743,2200.921
30.03.2026 22:45:00,703.249,2276.844,2115.512,927.255,1.818,2.341,5.459,0.503,6.6,0,0,0,1,4.666,2281.709
30.03.2026 23:00:00,703.249,2242.499,1998.782,911.217,1.823,2.363,5.38,0.501,6.6,0,0,0,1,4.75,2247.248
30.03.2026 23:15:00,703.249,2236.889,2104.823,902.916,1.827,2.383,5.462,0.553,6.6,0,0,0,1,4.663,2241.623
30.03.2026 23:30:00,703.249,2200.073,2044.277,916.388,1.833,2.401,5.338,0.712,6.6,0,0,0,1,4.712,2204.822
30.03.2026 23:45:00,703.249,2095.652,2020.167,941.31,1.837,2.414,5.2,0.453,6.6,0,0,0,1,4.749,2100.454
31.03.2026 00:00:00,703.249,2128.007,2172.714,949.341,1.841,2.425,5.201,0.477,6.6,0,0,0,1,4.593,2132.759
31.03.2026 00:15:00,602.999,1957.836,1950.264,736.29,1.855,2.416,5.411,0.466,0.2,0,0,0,1,4.74,1962.737
31.03.2026 00:30:00,602.998,2143.498,2299.498,696.094,1.872,2.429,5.407,0.453,0.4,0,0,0,1,4.75,2148.248
31.03.2026 00:45:00,602.999,2245.978,2295.534,680.081,1.888,2.457,5.19,0.555,0.6,0,0,0,1,4.637,2250.657
31.03.2026 01:00:00,602.999,2038.993,2083.83,690.834,1.905,2.484,5.027,0.558,0.6,0,0,0,1,4.716,2043.624
31.03.2026 01:15:00,602.995,1883.345,1812.993,705.719,1.922,2.502,4.939,0.797,0.6,0,0,0,1,4.451,1887.988
31.03.2026 01:30:00,602.999,1783.422,1718.02,698.731,1.937,2.509,4.895,0.473,0.8,0,0,0,1,4.353,1787.579
31.03.2026 01:45:00,602.999,2048.256,2170.154,676.803,1.954,2.515,4.845,0.516,0.8,0,0,0,1,4.745,2052.997
31.03.2026 02:00:00,602.999,2162.037,2252.657,652.323,1.97,2.525,4.863,0.682,0.8,0,0,0,1,4.704,2166.623
31.03.2026 02:15:00,602.887,2016.32,1990.898,632.548,1.986,2.541,4.87,0.731,0.8,0,0,0,1,4.684,2021.386
31.03.2026 02:30:00,602.999,1860.361,1761.98,619.059,2.003,2.559,4.921,0.6,0.8,0,0,0,1,4.627,1864.904
31.03.2026 02:45:00,602.999,1713.408,1652.597,623.262,2.021,2.574,4.833,0.811,0.8,0,0,0,1,4.372,1717.753
31.03.2026 03:00:00,602.999,1720.827,1727.247,621.754,2.037,2.592,4.781,0.797,0.8,0,0,0,1,4.588,1725.377
31.03.2026 03:15:00,602.999,1658.384,1746.145,620.936,2.053,2.609,4.626,0.707,1,0,0,0,1,4.706,1662.883
31.03.2026 03:30:00,602.999,1733.314,1837.419,620.614,2.07,2.618,4.912,0.536,1.2,0,0,0,1,4.641,1737.899
31.03.2026 03:45:00,602.998,2191.386,2329.87,622.074,2.087,2.628,4.864,0.691,1.2,0,0,0,1,4.66,2196
31.03.2026 04:00:00,602.999,2340.998,2244.261,630.71,2.104,2.644,4.543,0.515,1.2,0,0,0,1,4.647,2345.833
31.03.2026 04:15:00,602.999,2099.657,2169.178,634.508,2.12,2.664,4.297,0.736,1.2,0,0,0,1,4.741,2104.186
31.03.2026 04:30:00,602.997,2099.45,2031.609,667.969,2.137,2.682,4.52,0.81,1.2,0,0,0,1,4.47,2104.201
31.03.2026 04:45:00,703.249,1960.357,2015.416,655.447,2.152,2.692,4.627,0.558,1.2,0,0,0,1,4.617,1964.874
31.03.2026 05:00:00,803.249,1912.508,1866.932,643.283,2.168,2.699,4.635,0.67,1.4,0,0,0,1,4.612,1917.249
31.03.2026 05:15:00,902.382,1824.886,1903.032,882.291,2.182,2.717,4.238,0.852,1.4,0,0,0,1,4.68,1829.469
31.03.2026 05:30:00,1002.444,1896.009,1839.332,1185.659,2.172,2.769,4.209,0.86,1.4,0,0,0,1,4.614,1900.749
31.03.2026 05:45:00,1102.548,1890.749,2094.56,1285.77,2.158,2.78,4.363,0.834,1.6,0,0,0,1,4.706,1895.499
31.03.2026 06:00:00,1202.781,1980.377,2057.81,1316.937,2.141,2.764,4.488,0.51,1.6,0,1,0,0,4.658,1985.126
31.03.2026 06:15:00,1202.88,2036.999,2082.947,1296.833,2.126,2.714,4.495,0.63,1.6,0,1,0,0,4.75,2041.749
31.03.2026 06:30:00,1203.22,2130.676,2112.34,1234.263,2.114,2.664,4.475,0.555,1.6,0,1,0,0,4.625,2135.474
31.03.2026 06:45:00,1202.913,2046.388,2235.771,1423.311,2.092,2.657,4.503,0.767,1.6,0,1,0,0,4.747,2051.127
31.03.2026 07:00:00,1202.933,2148.75,2441.802,1462.451,2.069,2.656,4.439,1.518,1.6,0,1,0,0,4.749,2153.498
31.03.2026 07:15:00,1203.292,2057.25,2398.946,1606.327,2.036,2.662,4.224,3.225,1.6,0,1,0,0,4.604,2061.998
31.03.2026 07:30:00,1203.101,2231.279,2427.007,1361.542,2.012,2.621,4.234,8.778,1.6,0,1,0,0,4.743,2236.002
31.03.2026 07:45:00,1202.911,2249.628,2296.156,1358.993,1.991,2.588,4.499,35.101,1.6,0,1,0,0,4.75,2254.377
31.03.2026 08:00:00,1303.664,2524.498,2439.024,1244.55,1.978,2.557,4.576,32.991,1.6,0,1,0,0,4.75,2529.248
31.03.2026 08:15:00,1303.689,2548.189,2503.606,1286.344,1.956,2.564,4.566,41.369,1.6,0,1,0,0,4.739,2552.884
31.03.2026 08:30:00,1303.455,2416.123,2478.994,1446.11,1.935,2.573,4.497,46.445,1.6,0,1,0,0,4.75,2420.873
31.03.2026 08:45:00,1303.412,2429.214,2488.386,1379.868,1.914,2.56,4.575,56.514,1.6,0,1,0,0,4.75,2433.99
31.03.2026 09:00:00,1303.548,2546.669,2721.865,1461.33,1.896,2.531,4.59,32.313,1.8,0,1,0,0,4.75,2551.334
31.03.2026 09:15:00,1303.729,2458.502,2727.689,1604.534,1.871,2.518,4.564,48.514,1.8,0,1,0,0,4.75,2463.252
31.03.2026 09:30:00,1303.447,2544.707,2834.391,1614.052,1.844,2.5,4.492,65.384,1.8,0,1,0,0,4.75,2549.419
31.03.2026 09:45:00,1303.433,2529.748,2653.969,1488.507,1.815,2.478,4.483,48.21,2,0,1,0,0,4.75,2534.498
31.03.2026 10:00:00,1303.586,2471.525,2558.669,1421.974,1.794,2.443,4.609,157.208,2,0,1,0,0,4.75,2476.195
31.03.2026 10:15:00,1303.738,2546.647,2604.783,1432.923,1.776,2.425,5.085,153.574,2.2,0,1,0,0,4.75,2551.529
31.03.2026 10:30:00,1303.527,2586.748,2562.223,1343.458,1.755,2.419,5.316,195.603,2.4,0,1,0,0,4.75,2591.498
31.03.2026 10:45:00,1303.812,2703.748,2420.64,1161.264,1.74,2.403,6.078,484.239,2.6,0,1,0,0,4.75,2708.498
31.03.2026 11:00:00,1303.618,2548.187,2396.481,1189.844,1.734,2.385,6.71,285.787,3,0,1,0,0,4.743,2552.983
31.03.2026 11:15:00,1303.606,2614.86,2634.875,1359.474,1.723,2.385,6.715,86.936,3.4,0,1,0,0,4.711,2619.551
31.03.2026 11:30:00,1303.878,2793.768,2743.248,1501.011,1.698,2.402,5.806,106.492,3.6,0,1,0,0,4.744,2798.434
31.03.2026 11:45:00,1303.584,2915.816,2576.117,1379.329,1.672,2.402,5.795,542.501,3.8,0,1,0,0,4.75,2920.543
31.03.2026 12:00:00,1303.914,2896.365,2527.355,1354.425,1.661,2.376,8.923,805.379,4.4,0,1,0,0,4.653,2901.04
31.03.2026 12:15:00,1303.789,2546.586,1743.574,560.612,1.667,2.334,11.86,611.68,5,0,1,0,0,4.696,2551.499
31.03.2026 12:30:00,1203.266,2288.248,1777.811,453.849,1.687,2.323,12.716,1448.889,5.2,0,1,0,0,4.75,2292.998
31.03.2026 12:45:00,1102.716,2106.569,2096.124,851.143,1.7,2.363,11.594,260.022,5.2,0,1,0,0,4.75,2111.444
31.03.2026 13:00:00,1002.432,2174.635,2241.264,890.963,1.704,2.413,8.71,173.992,5.4,0,1,0,0,4.747,2179.377
31.03.2026 13:15:00,1002.524,2374.121,2273.514,923.853,1.708,2.435,7.466,213.31,5.6,0,1,0,0,4.676,2378.873
31.03.2026 13:30:00,1002.828,2427.39,2237.478,998.091,1.699,2.458,7.712,383.722,5.6,0,1,0,0,4.746,2432.123
31.03.2026 13:45:00,902.869,2445.793,2088.304,845.825,1.705,2.449,8.192,299.51,5.6,0,1,0,0,4.669,2450.498
31.03.2026 14:00:00,803.249,2368.888,2173.773,1053.943,1.707,2.48,8.028,194.295,5.6,0,1,0,0,4.686,2373.623
31.03.2026 14:15:00,803.224,2412.486,2277.669,904.187,1.707,2.51,7.791,361.165,5.6,0,1,0,0,4.649,2417.318
31.03.2026 14:30:00,803.249,2377.89,2201.894,957.255,1.709,2.53,7.166,198.691,5.6,0,1,0,0,4.745,2382.623
31.03.2026 14:45:00,803.244,2361.464,2060.26,649.581,1.718,2.54,6.606,271.614,5.6,0,1,0,0,4.727,2366.123
31.03.2026 15:00:00,803.249,2352.305,2073.177,605.603,1.742,2.561,6.992,232.342,5.6,0,1,0,0,4.75,2357.103
31.03.2026 15:15:00,803.249,2352.373,2083.311,624.74,1.757,2.607,6.909,225.082,5.6,0,1,0,0,4.75,2357.123
31.03.2026 15:30:00,803.248,2352.366,2000.414,499.393,1.778,2.637,7.302,335.082,5.6,0,1,0,0,4.749,2357.121
31.03.2026 15:45:00,803.249,2352.422,2004.79,568.282,1.804,2.666,8.024,278.773,5.6,0,1,0,0,4.611,2357.123
31.03.2026 16:00:00,803.249,2352.387,2117.21,674.192,1.825,2.701,8.116,282.499,5.6,0,1,0,0,4.746,2357.123
31.03.2026 16:15:00,803.249,2352.375,2123.368,626.129,1.855,2.709,8.578,199.768,5.6,0,1,0,0,4.69,2357.123
31.03.2026 16:30:00,803.249,2352.372,2134.039,716.583,1.881,2.718,7.837,269.163,5.6,0,1,0,0,4.747,2357.122
31.03.2026 16:45:00,803.249,2352.388,2204.793,813.761,1.91,2.713,7.978,192.735,5.6,0,0,1,0,4.745,2357.123
31.03.2026 17:00:00,803.249,2352.38,1933.297,1219.836,1.918,2.737,7.905,251.159,5.6,0,0,1,0,4.694,2357.123
31.03.2026 17:15:00,902.601,2352.287,2119.106,1594.321,1.905,2.758,8.099,205.508,5.6,0,0,0,1,4.68,2357.097
31.03.2026 17:30:00,1102.672,2352.374,2205.248,1666.708,1.886,2.745,8.103,144.091,5.6,0,0,0,1,4.75,2357.123
31.03.2026 17:45:00,1303.543,2352.373,2167.849,1688.494,1.866,2.699,6.993,83.935,5.6,0,0,0,1,4.75,2357.123
31.03.2026 18:00:00,1303.556,2352.341,2166.96,1560.981,1.85,2.631,6.664,155.823,5.6,0,0,0,1,4.75,2357.116
31.03.2026 18:15:00,1303.718,2388.958,2220.965,1349.65,1.841,2.569,6.388,120.567,5.6,0,0,0,1,4.745,2393.641
31.03.2026 18:30:00,1303.669,2390.94,2244.712,1189.885,1.84,2.536,6.569,175.209,5.6,0,1,0,0,4.75,2395.455
31.03.2026 18:45:00,1303.464,2381.638,2314.89,1290.764,1.838,2.536,6.3,66.194,5.6,0,1,0,0,4.746,2386.373
31.03.2026 19:00:00,1303.717,2541.002,2432.705,1377.478,1.831,2.55,5.846,37.453,5.6,0,1,0,0,4.75,2545.752
31.03.2026 19:15:00,1303.588,2558.765,2398.317,1353.836,1.821,2.552,5.764,35.077,5.6,0,1,0,0,4.75,2563.69
31.03.2026 19:30:00,1303.903,2570.249,2491.219,1352.987,1.813,2.531,5.687,14.483,5.6,0,1,0,0,4.75,2574.998
31.03.2026 19:45:00,1303.737,2605.152,2412.971,1355.041,1.802,2.497,5.697,6.866,5.6,0,1,0,0,4.75,2609.884
31.03.2026 20:00:00,1303.588,2548.26,2409.172,1319.447,1.796,2.459,5.411,2.7,5.6,0,1,0,0,4.739,2552.971
31.03.2026 20:15:00,1303.874,2432.624,2399.095,1318.184,1.789,2.434,5.171,0.827,5.6,0,1,0,0,4.75,2437.373
31.03.2026 20:30:00,1303.672,2450.998,2358.834,1310.67,1.782,2.419,5.081,0.507,5.6,0,1,0,0,4.75,2455.748
31.03.2026 20:45:00,1303.718,2327.933,2395.01,1287.247,1.777,2.406,4.967,0.61,5.6,0,1,0,0,4.75,2332.718
31.03.2026 21:00:00,1303.417,2295.396,2326.149,1277.662,1.767,2.4,4.953,0.735,5.6,0,1,0,0,4.743,2300.123
31.03.2026 21:15:00,1303.675,2449.121,2469.563,1340.553,1.762,2.377,5.134,0.798,5.6,0,0,1,0,4.75,2453.873
31.03.2026 21:30:00,1203.315,2456.623,2278.855,1319.875,1.754,2.356,4.833,0.541,5.6,0,0,0,1,4.75,2461.373
31.03.2026 21:45:00,1203.296,2259.908,2270.109,1268.318,1.748,2.326,4.795,0.738,5.6,0,0,0,1,4.749,2264.671
31.03.2026 22:00:00,1203.343,2126.816,2183.983,1197.158,1.745,2.296,4.887,0.852,5.8,0,0,0,1,4.75,2131.556
31.03.2026 22:15:00,1002.685,2154.375,2312.701,1017.866,1.749,2.283,4.806,0.621,5.8,0,0,0,1,4.667,2159.123
31.03.2026 22:30:00,803.249,2108.753,2196.058,950.164,1.754,2.301,4.541,0.883,5.8,0,0,0,1,4.703,2113.368
31.03.2026 22:45:00,703.249,2182.188,2350.068,935.147,1.759,2.334,4.593,0.655,5.8,0,0,0,1,4.494,2186.502
31.03.2026 23:00:00,703.249,2196.175,2216.303,947.85,1.764,2.371,4.33,0.566,5.8,0,0,0,1,4.552,2200.902
31.03.2026 23:15:00,703.249,2187.473,2304.441,981.461,1.768,2.397,4.444,0.595,5.8,0,0,0,1,4.675,2192.127
31.03.2026 23:30:00,703.249,2198.083,2157.309,1014.122,1.771,2.411,4.245,0.834,5.8,0,0,0,1,4.651,2202.732
31.03.2026 23:45:00,703.249,2025.89,2062.976,1020.057,1.774,2.416,4.307,0.548,5.8,0,0,0,1,4.451,2030.573
01.04.2026 00:00:00,703.249,2099.831,2277.397,1015.25,1.777,2.419,4.246,0.901,5.8,0,0,0,1,4.46,2104.373
01.04.2026 00:15:00,602.999,2075.938,2145.427,776.437,1.783,2.419,4.205,0.706,0,0,0,0,1,4.649,2080.411
01.04.2026 00:30:00,602.986,2222.341,2371.888,701.456,1.801,2.416,3.992,0.725,0,0,0,0,1,4.657,2226.998
01.04.2026 00:45:00,602.999,2293.707,2286.318,670.474,1.82,2.445,3.976,0.507,0,0,0,0,1,4.602,2298.248
01.04.2026 01:00:00,602.999,2162.039,2181.046,668.266,1.839,2.475,3.602,0.936,0,0,0,0,1,4.46,2166.623
01.04.2026 01:15:00,602.999,2020.942,2023.498,685.49,1.858,2.5,3.601,0.95,0,0,0,0,1,4.421,2025.445
01.04.2026 01:30:00,602.999,1878.382,1844.714,707.679,1.876,2.516,3.393,0.809,0,0,0,0,1,4.354,1882.749
01.04.2026 01:45:00,602.999,2130.596,2294.031,711.447,1.894,2.525,3.221,0.65,0,0,0,0,1,4.568,2135.052
01.04.2026 02:00:00,602.999,2291.719,2341.234,715.127,1.912,2.534,3.167,0.677,0,0,0,0,1,4.625,2296.373
01.04.2026 02:15:00,602.999,2163.67,2181.76,706.488,1.93,2.544,3.071,0.706,0,0,0,0,1,4.549,2168.077
01.04.2026 02:30:00,602.999,1943.435,1914.34,691.122,1.947,2.556,2.798,0.534,0,0,0,0,1,4.203,1947.761
01.04.2026 02:45:00,602.999,1825.02,1885.737,679.36,1.965,2.572,2.703,0.831,0,0,0,0,1,4.33,1829.499
01.04.2026 03:00:00,602.999,1762.848,1697.388,671.283,1.983,2.588,2.771,0.952,0,0,0,0,1,4.268,1767.249
01.04.2026 03:15:00,602.999,1739.214,1719.402,672.126,2.001,2.604,2.777,0.827,0,0,0,0,1,4.176,1743.249
01.04.2026 03:30:00,602.999,1755.126,1876.294,671.433,2.02,2.619,2.674,0.79,0,0,0,0,1,4.26,1759.749
01.04.2026 03:45:00,602.898,2280.779,2474.503,665.925,2.037,2.632,2.555,0.697,0,0,0,0,1,4.725,2285.483
01.04.2026 04:00:00,602.999,2421.547,2389.098,665.145,2.055,2.645,2.508,0.814,0,0,0,0,1,4.626,2426.283
01.04.2026 04:15:00,602.975,2313.997,2242.234,661.72,2.074,2.656,2.694,0.766,0,0,0,0,1,4.56,2318.498
01.04.2026 04:30:00,602.999,2105.329,2114.559,649.083,2.091,2.671,2.627,0.643,0,0,0,0,1,4.16,2109.623
01.04.2026 04:45:00,703.249,2000.751,2075.287,648.165,2.109,2.685,2.783,0.673,0,0,0,0,1,4.671,2005.577
01.04.2026 05:00:00,803.249,1909.421,1938.978,660.39,2.129,2.704,2.881,0.67,0,0,0,0,1,4.545,1913.874
01.04.2026 05:15:00,903.143,1874.58,1831.28,933.747,2.143,2.727,3.021,0.907,0,0,0,0,1,4.447,1878.999
01.04.2026 05:30:00,1002.685,1852.069,1958.669,1244.789,2.132,2.775,3.007,0.907,0,0,0,0,1,4.558,1856.851
01.04.2026 05:45:00,1102.902,1926.004,2115.395,1327.78,2.117,2.785,2.835,0.929,0,0,0,0,1,4.621,1930.527
01.04.2026 06:00:00,1203.25,1997.631,2132.39,1303.651,2.103,2.761,2.824,0.786,0,0,1,0,0,4.666,2002.115
01.04.2026 06:15:00,1203.458,2008.132,2242.916,1530.255,2.085,2.73,3.093,0.789,0,0,1,0,0,4.567,2012.854
01.04.2026 06:30:00,1203.312,2076.007,2205.166,1384.739,2.07,2.68,2.846,0.814,0,0,1,0,0,4.699,2080.731
01.04.2026 06:45:00,1203.527,2099.822,2333.576,1476.962,2.054,2.651,2.917,0.79,0,0,1,0,0,4.64,2104.251
01.04.2026 07:00:00,1203.421,2130.916,2264.272,1376.093,2.034,2.64,3.085,1.233,0,0,1,0,0,4.51,2135.498
01.04.2026 07:15:00,1203.363,2181.978,2163.656,1245.681,2.021,2.622,3.369,5.664,0,0,1,0,0,4.563,2186.73
01.04.2026 07:30:00,1203.33,2187.92,2177.397,1273.034,2.009,2.61,3.394,20.64,0,0,1,0,0,4.707,2192.764
01.04.2026 07:45:00,1203.452,2226.021,2259.307,1308.124,1.995,2.603,3.325,27.111,0,0,1,0,0,4.744,2230.748
01.04.2026 08:00:00,1303.667,2229.373,2430.598,1538.156,1.972,2.61,3.396,53.498,0,0,1,0,0,4.546,2234.123
01.04.2026 08:15:00,1303.797,2402.337,2377.737,1488.734,1.946,2.594,3.61,119.64,0,0,1,0,0,4.75,2406.882
01.04.2026 08:30:00,1303.618,2402.353,2429.405,1539.538,1.928,2.552,4.017,93.084,0,0,1,0,0,4.744,2407.21
01.04.2026 08:45:00,1303.803,2421.814,2335.828,1448.452,1.901,2.538,4.405,112.911,0,0,1,0,0,4.513,2426.48
01.04.2026 09:00:00,1303.684,2451.11,2277.992,1374.388,1.884,2.506,4.503,199.726,0,0,1,0,0,4.715,2455.748
01.04.2026 09:15:00,1303.924,2502.455,2302.025,1459.111,1.858,2.502,5.118,181.078,0,0,1,0,0,4.66,2507.123
01.04.2026 09:30:00,1303.916,2402.426,2306.821,1484.076,1.836,2.492,5.746,277.525,0,0,1,0,0,4.696,2407.501
01.04.2026 09:45:00,1303.656,2502.373,2192.754,1353.003,1.813,2.478,6.77,338.62,0,0,1,0,0,4.702,2507.123
01.04.2026 10:00:00,1303.884,2502.271,2082.587,1189.245,1.799,2.443,8.818,595.553,0,0,1,0,0,4.749,2507.098
01.04.2026 10:15:00,1303.731,2502.373,2098.288,1168.105,1.794,2.42,11.493,658.569,0,0,1,0,0,4.75,2507.123
01.04.2026 10:30:00,1303.456,2462.09,2003.043,1072.393,1.786,2.414,13.991,753.617,0,0,1,0,0,24.25,2485.884
01.04.2026 10:45:00,1303.725,2442.203,1768.346,938.522,1.791,2.392,15.743,795.405,0,0,1,0,0,34,2476.064
01.04.2026 11:00:00,1303.996,2401.476,1919.046,907.307,1.8,2.374,17.749,785.04,0,0,1,0,0,54.451,2455.748
01.04.2026 11:15:00,1303.953,2342.358,1880.562,1006.192,1.804,2.374,18.473,776.307,0,0,1,0,0,84.032,2426.498
01.04.2026 11:30:00,1303.884,2202.17,1877.381,987.603,1.809,2.386,19.437,790.084,0,0,1,0,0,154.903,2357.123
01.04.2026 11:45:00,1303.802,2202.224,1932.787,1083.397,1.807,2.397,18.72,923.256,0,0,1,0,0,154.877,2357.123
01.04.2026 12:00:00,1303.739,2102.703,1715.218,863.808,1.805,2.398,19.015,531.269,0,0,1,0,0,204.785,2307.513
01.04.2026 12:15:00,1303.775,1901.498,1714.953,1162.262,1.8,2.403,17.682,442.375,0,0,1,0,0,305.25,2206.748
01.04.2026 12:30:00,1203.206,1901.49,1659.34,970.717,1.804,2.386,14.803,528.246,0,0,1,0,0,305.25,2206.682
01.04.2026 12:45:00,1103.182,1901.498,1514.959,724.812,1.82,2.362,14.481,593.292,0,0,1,0,0,305.25,2206.748
01.04.2026 13:00:00,1002.689,1901.376,1651.682,836.952,1.834,2.372,13.892,1097.153,0,0,1,0,0,305.25,2206.711
01.04.2026 13:15:00,1002.631,1800.623,1468.729,699.411,1.841,2.414,13.338,796.197,0.2,0,1,0,0,305.25,2105.873
01.04.2026 13:30:00,1002.768,1701.084,1390.197,787.103,1.846,2.444,13.452,899.716,0.2,0,1,0,0,305.25,2006.245
01.04.2026 13:45:00,902.846,1601.124,1110.326,533.656,1.871,2.439,15.125,1183.271,0.2,0,1,0,0,305.25,1906.374
01.04.2026 14:00:00,803.249,1601.109,1030.38,316.844,1.904,2.453,17.025,1132.781,0.2,0,1,0,0,305.25,1906.371
01.04.2026 14:15:00,703.249,1300.749,1162.533,563.481,1.927,2.516,17.364,1139.511,0.2,0,1,0,0,305.25,1605.999
01.04.2026 14:30:00,703.221,1323.062,1323.558,774.569,1.946,2.584,18.107,1447.934,0.2,0,1,0,0,305.25,1628.184
01.04.2026 14:45:00,703.179,1529.762,878.905,350.683,1.973,2.611,17.869,1383.414,0.2,0,1,0,0,204.299,1734.172
01.04.2026 15:00:00,703.142,1760.94,945.751,341.467,2.005,2.626,18.667,838.017,0.2,0,1,0,0,104.38,1865.181
01.04.2026 15:15:00,703.249,1772.583,1446.469,575.162,2.033,2.662,17.078,338.298,0.2,0,1,0,0,104.302,1876.914
01.04.2026 15:30:00,703.249,1842.165,1754.284,790.238,2.054,2.711,15.097,252.376,0.2,0,1,0,0,104.399,1946.173
01.04.2026 15:45:00,703.137,1987.929,1815.312,969.731,2.057,2.77,13.418,216.305,0.2,0,1,0,0,4.601,1992.624
01.04.2026 16:00:00,703.249,2138.038,1877.551,919.327,2.057,2.799,12.907,330.496,0.2,0,1,0,0,4.621,2142.436
01.04.2026 16:15:00,703.249,2130.837,1798.146,857.268,2.064,2.777,12.646,242.218,0.2,0,1,0,0,4.543,2135.278
01.04.2026 16:30:00,703.249,2199.927,1939.552,967.193,2.067,2.77,11.609,169.565,0.2,0,1,0,0,4.659,2204.63
01.04.2026 16:45:00,703.249,2291.737,1985.069,1081.266,2.063,2.769,11.225,164.036,0.2,0,0,1,0,4.71,2296.373
01.04.2026 17:00:00,803.249,2363.171,1937.062,1244.033,2.058,2.773,11.206,229.504,0.2,0,0,1,0,4.746,2367.974
01.04.2026 17:15:00,902.984,2425.345,1970.634,1413.652,2.041,2.79,11.072,223.916,0.2,0,0,1,0,4.749,2430.206
01.04.2026 17:30:00,1102.837,2518.939,1885.322,1458.512,2.017,2.799,11.001,174.55,0.2,0,0,0,1,4.733,2523.623
01.04.2026 17:45:00,1303.675,2502.363,1937.526,1391.793,1.996,2.783,11.29,151.497,0.2,0,0,0,1,4.75,2507.121
01.04.2026 18:00:00,1303.527,2502.246,2046.357,1280.046,1.982,2.756,11.214,144.072,0.2,0,0,0,1,4.75,2507.089
01.04.2026 18:15:00,1303.553,2502.36,2101.136,1207.883,1.973,2.726,11.174,153.311,0.2,0,0,1,0,4.749,2507.12
01.04.2026 18:30:00,1303.602,2502.22,2013.004,1186.509,1.965,2.704,11.104,122.357,0.2,0,0,1,0,4.649,2507.081
01.04.2026 18:45:00,1303.813,2502.373,2138.839,1265.001,1.955,2.691,10.697,88.113,0.2,0,0,1,0,4.75,2507.123
01.04.2026 19:00:00,1303.703,2502.373,2105.569,1229.536,1.944,2.669,10.436,64.279,0.2,0,0,1,0,4.75,2507.123
01.04.2026 19:15:00,1303.684,2502.464,2233.041,1381.077,1.933,2.639,10.185,37.351,0.2,0,0,1,0,4.724,2507.123
01.04.2026 19:30:00,1303.375,2502.373,2256.147,1306.864,1.918,2.608,9.851,22.5,0.2,0,0,1,0,4.75,2507.123
01.04.2026 19:45:00,1303.533,2402.947,2174.307,1774.295,1.879,2.61,9.299,12.805,0.2,0,0,1,0,4.665,2407.65
01.04.2026 20:00:00,1303.523,2402.918,2210.834,1609.078,1.844,2.566,8.994,3.825,0.2,0,0,0,1,4.75,2407.741
01.04.2026 20:15:00,1303.649,2402.397,2121.076,1375.511,1.824,2.491,8.442,0.452,0.2,0,0,0,1,4.75,2407.653
01.04.2026 20:30:00,1303.33,2402.539,2267.681,1287.198,1.814,2.437,8.112,0.449,0.2,0,0,1,0,4.739,2407.472
01.04.2026 20:45:00,1303.622,2375.945,2069.081,1238.746,1.801,2.421,7.841,0.45,0.2,0,0,1,0,4.75,2380.733
01.04.2026 21:00:00,1303.44,2280.758,2113.924,1627.704,1.778,2.439,7.783,0.45,0.2,0,0,0,1,4.729,2285.481
01.04.2026 21:15:00,1303.542,2449.237,2307.269,1600.44,1.745,2.443,7.569,0.451,0.2,0,0,0,1,4.747,2453.9
01.04.2026 21:30:00,1203.233,2460.383,2223.059,1504.148,1.72,2.394,7.476,0.45,0.2,0,0,0,1,4.668,2465.289
01.04.2026 21:45:00,1203.402,2335.678,2168.822,1368.523,1.704,2.326,7.386,0.45,0.2,0,0,0,1,4.647,2340.541
01.04.2026 22:00:00,1202.802,2271.78,2087.961,1265.395,1.692,2.272,7.298,0.45,0.2,0,0,0,1,4.628,2276.498
01.04.2026 22:15:00,1002.379,2222.248,2124.67,830.89,1.702,2.229,7.277,0.48,0.2,0,0,0,1,4.696,2226.998
01.04.2026 22:30:00,803.249,2196.451,1907.586,778.884,1.714,2.236,6.889,0.497,0.2,0,0,0,1,4.595,2200.775
01.04.2026 22:45:00,703.249,2276.976,2084.401,801.253,1.724,2.283,6.687,0.483,0.2,0,0,0,1,4.628,2281.741
01.04.2026 23:00:00,703.249,2242.678,2030.415,850.47,1.731,2.328,6.248,0.451,0.2,0,0,0,1,4.699,2247.248
01.04.2026 23:15:00,703.249,2236.888,2147.112,902.144,1.736,2.349,6.003,0.534,0.2,0,0,0,1,4.745,2241.623
01.04.2026 23:30:00,703.249,2199.941,2042.826,927.75,1.742,2.344,5.784,0.524,0.2,0,0,0,1,4.656,2204.435
01.04.2026 23:45:00,703.249,2095.553,1913.002,926.382,1.748,2.33,5.524,0.533,0.2,0,0,0,1,4.617,2100.224
02.04.2026 00:00:00,703.249,2126.743,2056.202,901.679,1.755,2.317,5.406,0.549,0.2,0,0,0,1,4.683,2131.174
02.04.2026 00:15:00,703.249,2075.855,2059.106,873.973,1.762,2.315,5.171,0.521,0,0,0,0,1,4.454,2080.441
02.04.2026 00:30:00,703.249,2222.341,2307.075,863.229,1.769,2.321,4.971,0.478,0,0,0,0,1,4.664,2226.998
02.04.2026 00:45:00,703.249,2293.649,2128.932,863.888,1.777,2.332,4.889,0.696,0,0,0,0,1,4.619,2298.248
02.04.2026 01:00:00,703.249,2162.069,1835.114,872,1.784,2.339,4.712,0.671,0,0,0,0,1,4.612,2166.623
02.04.2026 01:15:00,703.249,2020.956,1829.185,881.471,1.791,2.341,4.569,0.649,0,0,0,0,1,4.443,2025.252
02.04.2026 01:30:00,703.249,1878.49,1716.079,887.132,1.798,2.34,4.201,0.564,0,0,0,0,1,4.4,1882.739
02.04.2026 01:45:00,703.249,2130.956,2183.265,885.936,1.805,2.337,4.068,0.652,0,0,0,0,1,4.575,2135.216
02.04.2026 02:00:00,703.249,2291.672,2147.796,879.367,1.811,2.338,3.993,0.743,0,0,0,0,1,4.736,2296.373
02.04.2026 02:15:00,703.249,2163.489,1895.683,874.457,1.818,2.341,4.181,0.589,0,0,0,0,1,4.61,2168.127
02.04.2026 02:30:00,703.249,1943.381,1819.962,873.87,1.826,2.344,4.261,0.775,0,0,0,0,1,4.265,1948.074
02.04.2026 02:45:00,703.249,1825.273,1673.606,872.513,1.832,2.348,4.015,0.61,0,0,0,0,1,4.505,1829.499
02.04.2026 03:00:00,703.249,1762.717,1636.259,870.082,1.839,2.352,3.716,0.521,0,0,0,0,1,4.246,1767.249
02.04.2026 03:15:00,703.231,1738.703,1647.081,870.514,1.846,2.353,3.464,0.593,0,0,0,0,1,4.349,1743.249
02.04.2026 03:30:00,703.249,1755.549,1694.551,874.973,1.854,2.355,3.616,0.912,0,0,0,0,1,4.324,1759.749
02.04.2026 03:45:00,703.249,2280.693,2443.152,876.766,1.86,2.356,3.604,0.787,0,0,0,0,1,4.542,2285.441
02.04.2026 04:00:00,703.249,2421.463,2369.968,875.929,1.867,2.356,3.515,0.584,0,0,0,0,1,4.513,2426.121
02.04.2026 04:15:00,703.249,2313.858,2199.295,869.297,1.874,2.356,3.428,0.897,0,0,0,0,1,4.719,2318.498
02.04.2026 04:30:00,703.249,2105.354,2122.65,863.282,1.881,2.36,3.307,0.577,0,0,0,0,1,4.408,2109.623
02.04.2026 04:45:00,803.249,2001.13,1970.896,861.278,1.888,2.363,3.335,0.763,0,0,0,0,1,4.376,2005.508
02.04.2026 05:00:00,903.009,1909.324,1850.671,862.198,1.895,2.367,3.297,0.703,0,0,0,0,1,4.358,1913.874
02.04.2026 05:15:00,1002.538,1874.367,1834.736,968.01,1.901,2.373,3.46,0.945,0,0,0,0,1,4.521,1878.999
02.04.2026 05:30:00,1102.709,1852.375,1780.896,1448.986,1.877,2.416,3.426,0.806,0,0,0,0,1,4.607,1856.891
02.04.2026 05:45:00,1102.725,1925.799,1922.017,1564.848,1.848,2.422,3.838,0.92,0,0,0,0,1,4.656,1930.655
02.04.2026 06:00:00,1203.446,1997.762,1919.41,1625.41,1.819,2.381,3.751,0.615,0,0,0,0,1,4.515,2002.132
02.04.2026 06:15:00,1203.288,2008.331,2048.727,1627.295,1.79,2.316,3.7,0.502,0,0,0,0,1,4.507,2012.721
02.04.2026 06:30:00,1203.194,2076.499,2107.787,1598.047,1.762,2.247,3.752,0.725,0,0,0,0,1,4.637,2080.822
02.04.2026 06:45:00,1303.762,2099.754,2135.487,1554.49,1.735,2.193,3.407,0.626,0,0,0,0,1,4.505,2104.373
02.04.2026 07:00:00,1403.69,2130.915,2302.164,1523.955,1.708,2.161,3.668,3.258,0,0,0,0,1,4.703,2135.498
02.04.2026 07:15:00,1403.811,2181.95,2168.966,1515.078,1.681,2.141,3.46,7.561,0,0,0,0,1,4.746,2186.675
02.04.2026 07:30:00,1403.495,2188.042,2257.101,1512.375,1.653,2.122,3.3,24.015,0,0,0,0,1,4.569,2192.713
02.04.2026 07:45:00,1403.829,2225.998,2419.338,2397.136,1.606,2.132,3.266,42.443,0,0,0,1,0,4.649,2230.748
02.04.2026 08:00:00,1403.483,2229.383,2364.506,2257.823,1.529,2.137,3.679,59.671,0,0,0,1,0,4.698,2234.123
02.04.2026 08:15:00,1403.724,2402.727,2322.232,1758.302,1.482,2.041,3.931,73.247,0,0,0,0,1,4.733,2407.534
02.04.2026 08:30:00,1403.591,2402.413,2220.596,1410.91,1.46,1.93,4.239,103.492,0,0,0,1,0,4.749,2407.252
02.04.2026 08:45:00,1403.526,2421.757,2239.946,1173.542,1.44,1.878,4.511,116.016,0,0,0,1,0,4.712,2426.498
02.04.2026 09:00:00,1403.869,2451.042,2397.141,1482.123,1.42,1.866,4.881,154.415,0,0,1,0,0,4.736,2455.748
02.04.2026 09:15:00,1403.453,2502.433,2263.361,1454.359,1.392,1.882,5.374,203.402,0,0,1,0,0,4.729,2507.123
02.04.2026 09:30:00,1403.893,2402.204,2128.592,1272.1,1.377,1.857,5.758,256.136,0,0,1,0,0,4.622,2407.298
02.04.2026 09:45:00,1403.256,2303.046,2145.872,1252.938,1.364,1.824,6.93,338.488,0,0,1,0,0,4.701,2307.623
02.04.2026 10:00:00,1403.664,2403.01,1692.129,908.987,1.361,1.768,9.085,785.931,0,0,1,0,0,4.727,2407.51
02.04.2026 10:15:00,1403.457,2101.125,1799.501,1061.812,1.365,1.725,11.716,742.698,0,0,1,0,0,4.742,2105.867
02.04.2026 10:30:00,1403.396,1802.794,1858.941,1571.383,1.346,1.734,15.104,910.369,0,0,1,0,0,4.648,1807.374
02.04.2026 10:45:00,1403.371,1701.284,1541.95,1268.431,1.316,1.731,18.016,466.936,0,0,1,0,0,4.494,1705.455
02.04.2026 11:00:00,1303.127,1601.627,1580.249,1295.392,1.308,1.661,17.951,811.968,0,0,1,0,0,4.631,1605.999
02.04.2026 11:15:00,1303.191,1601.272,1431.439,1213.904,1.294,1.611,17.101,360.596,0,0,1,0,0,4.726,1605.981
02.04.2026 11:30:00,1202.766,1601.527,1496.285,1157.857,1.289,1.58,13.299,1010.126,0,0,1,0,0,4.506,1605.999
02.04.2026 11:45:00,1102.574,1700.527,1315.89,781.841,1.294,1.577,15.979,1137.781,0,0,1,0,0,4.59,1705.175
02.04.2026 12:00:00,1002.505,1802.929,1167.754,463.101,1.315,1.588,18.356,1059.364,0,0,1,0,0,4.381,1807.374
02.04.2026 12:15:00,1002.459,1901.936,959.407,309.787,1.351,1.609,20.193,1120.299,0,0,1,0,0,4.479,1906.264
02.04.2026 12:30:00,1002.51,1901.776,925.75,289.761,1.387,1.652,19.6,1282.592,0,0,1,0,0,4.546,1906.374
02.04.2026 12:45:00,1002.533,1802.73,848.972,295.659,1.422,1.702,21.301,1384.541,0,0,1,0,0,4.567,1807.366
02.04.2026 13:00:00,1002.349,1701.069,979.658,193.204,1.459,1.74,21.725,1428.773,0,0,1,0,0,4.481,1705.356
02.04.2026 13:15:00,1002.281,1501.863,654.62,167.661,1.502,1.781,22.199,1448.889,0,0,1,0,0,4.387,1505.948
02.04.2026 13:30:00,1002.699,1501.448,540.029,155.432,1.545,1.837,22.402,1448.885,0,0,1,0,0,4.266,1505.839
02.04.2026 13:45:00,1002.341,1601.503,1032.717,184.58,1.587,1.891,22.192,777.619,0,0,1,0,0,4.374,1605.999
02.04.2026 14:00:00,1002.33,1601.411,1430.831,717.14,1.621,1.94,19.639,443.465,0,0,1,0,0,4.408,1605.999
02.04.2026 14:15:00,1002.267,1601.386,609.757,365.32,1.637,1.996,18.484,687.294,0,0,0,1,0,4.55,1605.778
02.04.2026 14:30:00,1002.324,1601.49,1341.692,483.479,1.668,2.005,17.648,438.755,0,0,0,1,0,4.682,1605.999
02.04.2026 14:45:00,1002.25,1601.533,1323.645,431.151,1.696,2.028,16.697,517.101,0,0,0,0,1,4.661,1605.999
02.04.2026 15:00:00,1002.215,1601.486,1363.088,793.204,1.715,2.084,15.888,453.606,0,0,1,0,0,4.676,1605.999
02.04.2026 15:15:00,1002.273,1601.313,1441.089,824.651,1.717,2.155,15.099,390.101,0,0,1,0,0,4.732,1605.999
02.04.2026 15:30:00,1002.252,1601.441,1390.414,835.891,1.722,2.194,14.463,381.021,0,0,1,0,0,4.701,1605.999
02.04.2026 15:45:00,1002.272,1601.307,1432.249,901.272,1.725,2.22,14.676,389.25,0,0,1,0,0,4.61,1605.999
02.04.2026 16:00:00,1002.278,1601.319,1431.051,835.383,1.733,2.24,15.076,384.603,0,0,1,0,0,4.723,1605.997
02.04.2026 16:15:00,1002.315,1601.333,1434.261,887.471,1.737,2.26,15.059,369.755,0,0,1,0,0,4.726,1605.999
02.04.2026 16:30:00,1002.25,1700.341,1533.759,846.823,1.749,2.251,15.143,325.638,0,0,1,0,0,4.729,1705.238
02.04.2026 16:45:00,1002.294,1802.569,1687.466,848.22,1.76,2.246,14.787,287.121,0,0,1,0,0,4.692,1807.215
02.04.2026 17:00:00,1002.389,1901.624,1675.499,764.574,1.77,2.241,14.792,227.231,0,0,1,0,0,4.75,1906.374
02.04.2026 17:15:00,1002.184,2001.634,1800.291,970.872,1.781,2.239,14.12,209.054,0,0,1,0,0,4.75,2006.296
02.04.2026 17:30:00,1002.35,2101.123,1786.812,922.52,1.786,2.248,13.831,179.996,0,0,1,0,0,4.75,2105.775
02.04.2026 17:45:00,1102.646,2502.403,1841.256,1036.898,1.79,2.249,13.554,131.461,0,0,1,0,0,4.741,2507.123
02.04.2026 18:00:00,1202.754,2502.251,1825.711,948.188,1.791,2.241,13.065,209.823,0,0,1,0,0,4.75,2507.086
02.04.2026 18:15:00,1203.132,2502.4,1838.907,908.708,1.796,2.232,12.772,146.913,0,0,1,0,0,4.742,2507.123
02.04.2026 18:30:00,1203.057,2502.373,1850.407,932.805,1.799,2.231,12.75,119.015,0,0,1,0,0,4.75,2507.123
02.04.2026 18:45:00,1303.562,2502.373,1976.07,1077.412,1.796,2.236,12.709,94.732,0,0,1,0,0,4.75,2507.123
02.04.2026 19:00:00,1303.506,2502.373,2010.904,1103.754,1.787,2.248,12.403,88.863,0,0,1,0,0,4.75,2507.123
02.04.2026 19:15:00,1303.742,2502.373,2110.352,1199.014,1.783,2.24,12.206,51.189,0,0,1,0,0,4.75,2507.123
02.04.2026 19:30:00,1303.515,2502.352,2095.592,1183.813,1.772,2.239,11.177,28.012,0,0,1,0,0,4.75,2507.119
02.04.2026 19:45:00,1303.627,2402.756,2112.064,1143.91,1.767,2.216,10.127,11.527,0,0,1,0,0,4.75,2407.727
02.04.2026 20:00:00,1303.556,2403.2,2045.695,1065.518,1.761,2.212,9.59,4.387,0,0,1,0,0,4.75,2407.924
02.04.2026 20:15:00,1303.537,2403.009,2203.507,1281.303,1.749,2.225,9.203,0.45,0,0,1,0,0,4.75,2407.532
02.04.2026 20:30:00,1303.494,2403.098,2095.596,1181.201,1.737,2.227,8.956,0.45,0,0,1,0,0,4.749,2407.688
02.04.2026 20:45:00,1303.649,2376.052,2193.922,1258.048,1.729,2.217,8.911,0.454,0,0,1,0,0,4.735,2380.748
02.04.2026 21:00:00,1303.12,2280.758,2118.918,1213.428,1.719,2.215,8.925,0.45,0,0,1,0,0,4.747,2285.498
02.04.2026 21:15:00,1303.513,2449.123,2252.962,1118.126,1.713,2.205,8.914,0.45,0,0,1,0,0,4.75,2453.873
02.04.2026 21:30:00,1303.316,2460.482,2089.406,940.553,1.711,2.196,8.822,0.417,0,0,1,0,0,4.749,2465.155
02.04.2026 21:45:00,1203.019,2335.871,1970.666,874.935,1.717,2.188,8.705,0.458,0,0,1,0,0,4.745,2340.619
02.04.2026 22:00:00,1102.755,2271.746,1913.331,753.773,1.725,2.191,8.686,0.45,0,0,1,0,0,4.75,2276.362
02.04.2026 22:15:00,1002.478,2222.348,2087.725,882.555,1.735,2.207,8.556,0.45,0,0,1,0,0,4.62,2226.986
02.04.2026 22:30:00,902.666,2196.207,1993.674,705.395,1.746,2.216,8.546,0.45,0,0,1,0,0,4.645,2201.069
02.04.2026 22:45:00,902.564,2276.999,2032.361,699.335,1.76,2.224,8.34,0.45,0,0,1,0,0,4.75,2281.748
02.04.2026 23:00:00,902.504,2242.613,1946.353,624.807,1.776,2.231,7.959,0.45,0,0,1,0,0,4.688,2247.259
02.04.2026 23:15:00,902.709,2237.182,2083.984,674.51,1.796,2.236,7.545,0.453,0,0,0,1,0,4.653,2241.623
02.04.2026 23:30:00,902.62,2200.109,2044.357,771.715,1.81,2.249,7.467,0.45,0,0,0,0,1,4.728,2204.562
02.04.2026 23:45:00,902.662,2095.878,1966.751,857.97,1.818,2.262,7.216,0.45,0,0,0,0,1,4.657,2100.623
03.04.2026 00:00:00,902.67,2127.197,2129.533,899.588,1.824,2.267,7.051,0.45,0,0,0,0,1,4.664,2131.583
03.04.2026 00:15:00,803.249,1802.96,1977.575,903.83,1.829,2.266,6.884,0.45,0,0,0,0,1,4.615,1807.373
03.04.2026 00:30:00,803.246,2201.87,2297.332,869.979,1.836,2.259,6.687,0.45,0,0,0,0,1,4.699,2206.711
03.04.2026 00:45:00,803.249,2101.188,2202.512,831.465,1.844,2.258,6.685,0.45,0,0,0,0,1,4.732,2105.873
03.04.2026 01:00:00,803.249,1901.659,1923.268,807.074,1.853,2.263,6.674,0.453,0,0,0,0,1,4.431,1906.374
03.04.2026 01:15:00,803.243,1700.418,1822.546,798.332,1.862,2.274,6.6,0.529,0,0,0,0,1,4.466,1705.153
03.04.2026 01:30:00,803.249,1700.674,1584.741,800.183,1.872,2.286,6.289,0.465,0,0,0,0,1,4.555,1705.029
03.04.2026 01:45:00,803.249,2101.304,2073.943,816.277,1.881,2.296,5.82,0.47,0,0,0,0,1,4.479,2105.873
03.04.2026 02:00:00,803.249,2101.278,2088.564,824.619,1.89,2.3,5.858,0.535,0,0,0,0,1,4.64,2105.873
03.04.2026 02:15:00,803.249,2001.339,2004.097,837.164,1.899,2.303,5.779,0.631,0,0,0,0,1,4.636,2005.666
03.04.2026 02:30:00,803.249,1980.475,1734.215,837.437,1.907,2.305,5.612,0.535,0,0,0,0,1,4.459,1985.124
03.04.2026 02:45:00,803.245,1825.22,1637.192,840.012,1.916,2.308,5.694,0.568,0,0,0,0,1,4.356,1829.499
03.04.2026 03:00:00,803.249,1762.89,1551.651,825.717,1.924,2.313,5.685,0.482,0,0,0,0,1,4.39,1767.249
03.04.2026 03:15:00,803.249,1738.735,1648.204,817.226,1.933,2.32,5.617,0.483,0,0,0,0,1,4.63,1743.249
03.04.2026 03:30:00,803.047,1755.219,1723.878,813.507,1.941,2.327,5.289,0.678,0,0,0,0,1,4.563,1759.749
03.04.2026 03:45:00,803.249,2280.79,2392.796,811.554,1.95,2.333,5.381,0.746,0,0,0,0,1,4.656,2285.498
03.04.2026 04:00:00,803.249,2421.813,2193.558,813.511,1.959,2.34,5.182,0.745,0,0,0,0,1,4.673,2426.354
03.04.2026 04:15:00,803.249,2313.765,1932.822,818.013,1.968,2.344,5.381,0.457,0,0,0,0,1,4.745,2318.498
03.04.2026 04:30:00,902.607,2104.973,1809.073,820.03,1.977,2.35,5.64,0.481,0,0,0,0,1,4.719,2109.623
03.04.2026 04:45:00,1002.494,2001.465,1742.22,820.036,1.985,2.353,5.695,0.494,0,0,0,0,1,4.638,2006.329
03.04.2026 05:00:00,1102.593,1909.49,1573.253,820.417,1.994,2.357,5.713,0.45,0,0,0,0,1,4.573,1913.874
03.04.2026 05:15:00,1202.901,1874.345,1644.98,1294.451,1.997,2.374,5.918,0.448,0,0,0,0,1,4.595,1878.999
03.04.2026 05:30:00,1303.456,1852.455,1623.509,1396.914,1.976,2.414,5.799,0.45,0,0,0,0,1,4.561,1857.072
03.04.2026 05:45:00,1604.249,1926.397,1711.666,1628.953,1.945,2.425,5.667,0.45,0,0,0,0,1,4.748,1931.046
03.04.2026 06:00:00,1604.249,1801.482,1664.694,1718.397,1.913,2.378,5.828,0.484,0,0,0,0,1,5.969,1807.374
03.04.2026 06:15:00,1604.249,1701.553,1795.774,1749.746,1.88,2.296,5.985,0.414,0,0,0,0,1,5.995,1708.026
03.04.2026 06:30:00,1604.251,1750.626,1648.841,1753.803,1.848,2.204,5.94,0.551,0,0,0,0,1,7.25,1757.876
03.04.2026 06:45:00,1604.249,1600.624,1912.994,1453.727,1.817,2.122,5.649,0.52,0,0,0,1,0,7.25,1607.874
03.04.2026 07:00:00,1604.249,1600.088,1844.483,1632.726,1.798,2.048,5.199,3.263,0,0,0,1,0,9.718,1609.746
03.04.2026 07:15:00,1604.19,1601.121,1750.368,2030.374,1.751,2.051,5.05,9.106,0,0,0,0,1,15.75,1616.874
03.04.2026 07:30:00,1604.251,1601.918,1896.612,2251.124,1.689,2.044,4.796,17.639,0,0,0,0,1,20.75,1622.553
03.04.2026 07:45:00,1604.251,1501.124,1905.038,2263.276,1.622,1.993,4.633,24.796,0,0,0,0,1,28,1529.124
03.04.2026 08:00:00,1604.249,1450.124,1978.02,2143.187,1.563,1.903,4.516,32.806,0,0,0,0,1,39.011,1489.046
03.04.2026 08:15:00,1604.257,1400.254,2002.487,1964.666,1.512,1.802,4.761,39.111,0,0,0,0,1,72,1472.437
03.04.2026 08:30:00,1604.249,1352.575,1870.891,1827.624,1.468,1.729,5.059,45.356,0,0,0,0,1,94.015,1446.624
03.04.2026 08:45:00,1604.251,1302.543,1727.358,2011.776,1.413,1.706,4.875,51.168,0,0,0,0,1,122,1424.634
03.04.2026 09:00:00,1604.249,1201.503,1675.996,2000.298,1.358,1.68,5.37,57.581,0,0,0,0,1,153.168,1355.017
03.04.2026 09:15:00,1604.251,1001.258,1706.259,1986.035,1.303,1.634,5.712,369.043,0,0,0,0,1,185.5,1186.752
03.04.2026 09:30:00,1604.251,901.73,1456.659,1974.966,1.251,1.572,9.666,590.623,0,0,0,0,1,208.269,1109.874
03.04.2026 09:45:00,1604.249,800.203,1404.549,1960.567,1.199,1.506,13.318,676.362,0,0,0,0,1,213.081,1012.858
03.04.2026 10:00:00,1604.249,699.872,1131.953,1255.903,1.187,1.401,15.909,721.164,0,0,0,0,1,215.864,915.624
03.04.2026 10:15:00,1604.249,650.705,1206.905,1187.406,1.18,1.339,17.82,696.679,0,0,0,0,1,219.745,870.425
03.04.2026 10:30:00,1504.249,600.857,1192.338,1167.4,1.172,1.309,19.097,698.88,0,0,0,0,1,252.5,853.369
03.04.2026 10:45:00,1504.249,600.413,1062.574,591.787,1.193,1.247,20.25,647.798,0,0,0,0,1,284.101,884.246
03.04.2026 11:00:00,1504.249,599.901,1093.954,544.516,1.221,1.2,21.725,702.469,0,0,0,0,1,344.239,944.049
03.04.2026 11:15:00,1403.234,600.321,1034.99,571.053,1.249,1.181,23.025,705.615,0,0,0,0,1,523.85,1124.491
03.04.2026 11:30:00,1303.466,600.246,869.04,515.211,1.278,1.197,23.375,734.045,0,0,0,0,1,540.749,1140.999
03.04.2026 11:45:00,1203.084,598.945,1000.557,463.7,1.305,1.229,22.984,803.388,0,0,0,0,1,534.655,1133.499
03.04.2026 12:00:00,1002.316,599.676,964.043,412.842,1.333,1.276,23.994,987.147,0,0,0,0,1,565.347,1164.933
03.04.2026 12:15:00,902.68,601.062,725.638,399.249,1.361,1.341,25.284,983.954,0,0,0,0,1,627.499,1228.366
03.04.2026 12:30:00,803.249,600.203,737.624,389.069,1.388,1.411,25.419,1152.074,0,0,0,0,1,566.579,1166.948
03.04.2026 12:45:00,803.249,601.375,669.145,401.237,1.416,1.479,25.15,1292.395,0,0,0,0,1,517.499,1118.874
03.04.2026 13:00:00,803.249,599.254,516.806,412.921,1.444,1.535,25.588,1287.907,0,0,0,0,1,479.528,1078.749
03.04.2026 13:15:00,803.249,600.185,549.389,425.526,1.473,1.586,25.222,1220.008,0,0,0,0,1,472.837,1073.124
03.04.2026 13:30:00,803.241,601.374,364.797,426.042,1.501,1.633,25.536,1047.346,0,0,0,0,1,459,1060.374
03.04.2026 13:45:00,803.249,600.706,504.159,420.062,1.529,1.681,25.579,1101.49,0,0,0,0,1,499.25,1099.867
03.04.2026 14:00:00,803.249,601.119,535.013,416.262,1.556,1.735,25.501,1241.82,0,0,0,0,1,513.999,1115.123
03.04.2026 14:15:00,803.249,601.03,479.459,419.868,1.584,1.793,25.313,1087.882,0,0,0,0,1,600.499,1201.414
03.04.2026 14:30:00,803.223,600.739,381.973,318.889,1.616,1.844,23.874,813.39,0,0,0,0,1,556.749,1157.497
03.04.2026 14:45:00,803.249,601.117,514.601,309.434,1.65,1.895,23.802,889.907,0,0,0,0,1,514.003,1115.124
03.04.2026 15:00:00,803.249,600.191,498.11,328.122,1.684,1.952,23.397,949.041,0,0,0,0,1,493.25,1093.258
03.04.2026 15:15:00,803.249,600.108,626.549,378.048,1.716,2.014,23.28,1043.47,0,0,0,0,1,460.25,1059.864
03.04.2026 15:30:00,803.249,600,580.87,431.713,1.745,2.077,22.424,1040.6,0,0,0,0,1,405.25,1005.249
03.04.2026 15:45:00,803.249,600.596,672.721,470.839,1.773,2.13,21.925,1016.673,0,0,0,0,1,373.617,974.121
03.04.2026 16:00:00,803.249,599.396,624.088,532.33,1.799,2.182,21.291,785.207,0,0,0,0,1,341.75,941.268
03.04.2026 16:15:00,803.249,600.746,757.615,923.269,1.81,2.228,20.569,708.489,0,0,1,0,0,300.25,900.999
03.04.2026 16:30:00,902.247,598.939,905.03,1144.431,1.808,2.25,20.08,551.817,0,0,1,0,0,271.08,869.913
03.04.2026 16:45:00,1002.324,601.25,1010.844,1379.265,1.798,2.251,19.622,500.928,0,0,1,0,0,250.25,851.499
03.04.2026 17:00:00,1102.501,601.491,1028.479,1557.39,1.775,2.247,19.178,439.342,0,0,1,0,0,224.5,825.997
03.04.2026 17:15:00,1202.526,601.865,1094.913,1687.251,1.751,2.224,18.914,444.033,0,0,1,0,0,142.75,744.516
03.04.2026 17:30:00,1302.87,701.259,1146.32,1685.393,1.716,2.206,18.526,404.766,0,0,1,0,0,109.461,810.652
03.04.2026 17:45:00,1402.944,902.359,1335.17,1859.268,1.677,2.195,17.909,325.841,0,0,1,0,0,79.25,981.621
03.04.2026 18:00:00,1402.88,1101.611,1626.115,1958.484,1.64,2.179,17.617,138.595,0,0,1,0,0,58.415,1160.007
03.04.2026 18:15:00,1402.97,1201.587,1579.341,1509.984,1.608,2.167,17.041,349.082,0,0,0,1,0,49.29,1250.816
03.04.2026 18:30:00,1402.936,1401.781,1690.001,973.723,1.607,2.123,16.196,310.074,0,0,0,1,0,33.992,1435.749
03.04.2026 18:45:00,1402.948,1601.374,1768.363,859.105,1.626,2.098,15.464,271.052,0,0,0,1,0,23,1624.374
03.04.2026 19:00:00,1403.138,1801.617,1865.466,969.829,1.637,2.133,14.726,247.08,0,0,0,1,0,17,1818.622
03.04.2026 19:15:00,1402.893,1901.232,1981.789,1107.535,1.638,2.192,13.747,38.361,0,0,0,1,0,14.5,1915.524
03.04.2026 19:30:00,1403.339,2000.35,1912.233,1172.995,1.636,2.231,13.012,15.974,0,0,0,1,0,10.75,2011.189
03.04.2026 19:45:00,1403.068,1999.49,2025.391,1196.55,1.634,2.231,12.209,7.16,0,0,0,0,1,8.5,2007.605
03.04.2026 20:00:00,1402.943,2000.721,1927.515,1184.826,1.634,2.209,11.595,2.48,0,0,0,0,1,7.248,2007.705
03.04.2026 20:15:00,1403.095,1901.585,2096.72,1200.267,1.635,2.187,11.22,0.501,0,0,0,1,0,4.75,1906.364
03.04.2026 20:30:00,1402.896,1901.624,1916.895,1139.024,1.634,2.182,11.295,0.45,0,0,0,1,0,4.75,1906.374
03.04.2026 20:45:00,1402.943,1901.624,1924.136,1096.9,1.635,2.184,10.996,0.45,0,0,0,0,1,4.75,1906.374
03.04.2026 21:00:00,1403.259,1851.941,1783.871,1079.722,1.636,2.194,10.754,0.448,0,0,0,0,1,4.75,1856.563
03.04.2026 21:15:00,1403.348,2101.123,2062.349,1082.782,1.638,2.204,10.696,0.45,0,0,0,1,0,4.75,2105.873
03.04.2026 21:30:00,1402.913,2002.517,2102.835,1105.12,1.64,2.215,10.633,0.45,0,0,0,0,1,4.745,2007.006
03.04.2026 21:45:00,1403.447,1901.624,1988.196,1126.455,1.64,2.219,10.861,0.449,0,0,0,0,1,4.75,1906.374
03.04.2026 22:00:00,1402.945,1802.624,1879.314,1136.16,1.641,2.216,10.802,0.45,0,0,0,0,1,4.75,1807.374
03.04.2026 22:15:00,1303.004,1802.624,1903.513,845.942,1.655,2.191,10.953,0.45,0,0,0,0,1,4.75,1807.374
03.04.2026 22:30:00,1202.553,1802.647,1852.644,780.26,1.672,2.186,10.726,0.45,0,0,0,0,1,4.629,1807.374
03.04.2026 22:45:00,1002.407,1802.695,1886.975,748.271,1.69,2.201,10.771,0.45,0,0,0,0,1,4.73,1807.374
03.04.2026 23:00:00,1002.43,1802.63,1898.424,742.302,1.708,2.225,10.617,0.5,0,0,0,0,1,4.747,1807.373
03.04.2026 23:15:00,1002.257,1802.635,1941.297,764.84,1.726,2.247,10.71,0.45,0,0,0,0,1,4.512,1807.374
03.04.2026 23:30:00,902.346,1802.771,1832.96,802.305,1.742,2.27,10.52,0.45,0,0,0,0,1,4.5,1807.374
03.04.2026 23:45:00,902.545,1802.625,1695.274,820.361,1.76,2.26,10.701,0.45,0,0,0,0,1,4.75,1807.374
04.04.2026 00:00:00,803.249,1802.75,1803.616,812.778,1.777,2.246,10.73,0.45,0,0,0,0,1,4.683,1807.344
04.04.2026 00:15:00,902.454,1980.337,1679.507,783.133,1.793,2.242,10.796,0.45,0,0,0,0,1,4.743,1985.107
04.04.2026 00:30:00,902.747,2421.691,1950.848,764.175,1.811,2.249,10.37,0.45,0,0,0,0,1,4.659,2426.485
04.04.2026 00:45:00,902.673,2311.892,1843.191,757.082,1.828,2.262,10.161,0.45,0,0,0,0,1,4.746,2316.627
04.04.2026 01:00:00,902.535,2092.13,1692.718,753.335,1.845,2.277,10.248,0.45,0,0,0,0,1,4.748,2096.873
04.04.2026 01:15:00,902.379,1872.438,1487.145,766.927,1.862,2.288,10.024,0.45,0,0,0,0,1,4.58,1877.124
04.04.2026 01:30:00,902.402,1872.604,1458.929,772.691,1.879,2.291,10.101,0.462,0,0,0,0,1,4.685,1877.124
04.04.2026 01:45:00,902.771,2311.952,2029.196,773.459,1.896,2.292,9.902,0.45,0,0,0,0,1,4.728,2316.623
04.04.2026 02:00:00,902.9,2311.873,1903.343,773.941,1.914,2.29,9.889,0.453,0,0,0,0,1,4.75,2316.623
04.04.2026 02:15:00,902.649,2202.138,1785.315,761.466,1.931,2.292,9.862,0.45,0,0,0,0,1,4.515,2206.748
04.04.2026 02:30:00,902.663,2180.036,1611.338,756.437,1.947,2.3,9.798,0.45,0,0,0,0,1,4.74,2184.875
04.04.2026 02:45:00,902.642,2005.913,1473.65,749.015,1.964,2.309,9.633,0.45,0,0,0,0,1,4.739,2010.626
04.04.2026 03:00:00,902.603,1940.414,1389.273,745.167,1.981,2.317,9.768,0.446,0,0,0,0,1,4.531,1944.999
04.04.2026 03:15:00,902.696,1912.508,1455.916,742.798,1.998,2.325,9.996,0.45,0,0,0,0,1,4.646,1917.249
04.04.2026 03:30:00,902.56,1929.945,1502.296,746.96,2.016,2.332,9.948,0.45,0,0,0,0,1,4.419,1934.578
04.04.2026 03:45:00,902.966,2507.998,1984.542,745.423,2.033,2.333,10.076,0.448,0,0,0,0,1,4.75,2512.748
04.04.2026 04:00:00,902.778,2661.75,1856.27,743.731,2.05,2.336,10.087,0.45,0,0,0,0,1,4.749,2666.498
04.04.2026 04:15:00,902.973,2544.535,1632.291,738.696,2.067,2.337,9.867,0.45,0,0,0,0,1,4.561,2549.398
04.04.2026 04:30:00,902.852,2315.627,1446.86,732.456,2.084,2.344,9.825,0.45,0,0,0,0,1,4.711,2320.377
04.04.2026 04:45:00,1002.502,2204.046,1528.261,728.543,2.101,2.352,9.597,0.45,0,0,0,0,1,4.641,2208.623
04.04.2026 05:00:00,1102.929,2099.655,1608.88,723.793,2.118,2.359,9.6,0.45,0,0,0,0,1,4.741,2104.373
04.04.2026 05:15:00,1203.064,2059.125,1509.598,1474.775,2.13,2.381,9.772,0.45,0,0,0,0,1,4.706,2063.763
04.04.2026 05:30:00,1303.616,2038.874,1401.091,1633.413,2.098,2.455,9.796,0.45,0,0,0,0,1,4.75,2043.624
04.04.2026 05:45:00,1604.249,2117.625,1567.33,1958.822,2.056,2.469,9.472,0.45,0,0,0,0,1,4.749,2122.373
04.04.2026 06:00:00,1604.249,1980.376,1566.333,2064.365,2.011,2.403,9.644,0.45,0,0,0,0,1,4.75,1985.126
04.04.2026 06:15:00,1604.251,1871.077,1587.09,2062.482,1.968,2.297,9.744,0.463,0,0,0,0,1,5.908,1877.11
04.04.2026 06:30:00,1604.19,1927.482,1589.03,2012.902,1.926,2.188,9.511,0.45,0,0,0,0,1,6,1933.592
04.04.2026 06:45:00,1604.249,1761.419,1641.995,1924.295,1.885,2.106,9.623,0.45,0,0,0,0,1,5.946,1767.482
04.04.2026 07:00:00,1604.251,1760.841,1618.364,1877.879,1.846,2.056,9.706,1.013,0,0,0,0,1,8.5,1769.193
04.04.2026 07:15:00,1604.249,1761.294,1504.733,1873.649,1.806,2.023,9.809,5.966,0,0,0,0,1,13.25,1774.423
04.04.2026 07:30:00,1604.249,1761.517,1561.92,1557.654,1.771,1.982,9.812,13.725,0,0,1,0,0,17,1778.338
04.04.2026 07:45:00,1604.247,1650.867,1668.258,1611.433,1.75,1.915,9.852,24.727,0,0,1,0,0,23.002,1673.874
04.04.2026 08:00:00,1604.251,1596.973,1691.807,1696.354,1.724,1.872,9.849,42.506,0,0,1,0,0,31.5,1628.223
04.04.2026 08:15:00,1604.249,1540.7,1746.866,1872.854,1.687,1.848,10.113,52.465,0,0,1,0,0,59.53,1600.374
04.04.2026 08:30:00,1604.249,1487.342,1753.26,1829.167,1.649,1.796,10.059,66.321,0,0,1,0,0,79.25,1566.638
04.04.2026 08:45:00,1604.249,1432.173,1686.089,1880.467,1.609,1.738,10.113,83.453,0,0,1,0,0,104.44,1536.594
04.04.2026 09:00:00,1604.251,1321.624,1607.88,1958.962,1.567,1.677,10.496,167.862,0,0,1,0,0,137.75,1459.374
04.04.2026 09:15:00,1604.249,1321.321,1628.903,1899.01,1.526,1.61,11.296,210.281,0,0,1,0,0,154.522,1475.874
04.04.2026 09:30:00,1604.251,1321.8,1502.977,1745.85,1.482,1.56,12.12,216.92,0,0,1,0,0,175.75,1497.596
04.04.2026 09:45:00,1604.251,1323.422,1515.37,1698.101,1.452,1.492,12.688,247.585,0,0,1,0,0,185.483,1508.687
04.04.2026 10:00:00,1604.249,1322.287,1445.888,1652.567,1.422,1.446,13.255,278.642,0,0,1,0,0,199.209,1521.624
04.04.2026 10:15:00,1604.249,1321.723,1636.507,1690.336,1.386,1.416,13.878,255.706,0,0,0,1,0,233,1554.653
04.04.2026 10:30:00,1504.249,1320.52,1460.423,995.472,1.372,1.347,14.182,257.306,0,0,0,1,0,250.25,1570.914
04.04.2026 10:45:00,1504.249,1321.597,1460.308,584.838,1.398,1.272,14.508,308.431,0,0,0,1,0,240.518,1562.224
04.04.2026 11:00:00,1504.248,1321.43,1608.236,791.876,1.419,1.289,15.108,330.8,0,0,0,1,0,255,1576.579
04.04.2026 11:15:00,1403.45,1320.422,1665.469,815.624,1.427,1.362,15.699,333.803,0,0,0,1,0,329.371,1649.732
04.04.2026 11:30:00,1303.453,1320.371,1445.2,627.556,1.443,1.415,16.41,508.807,0,0,0,1,0,358.75,1679.124
04.04.2026 11:45:00,1203.224,1320.319,1515.783,654.165,1.464,1.454,17.37,417.348,0,0,0,1,0,370.084,1690.376
04.04.2026 12:00:00,1002.565,1321.121,1443.448,631.689,1.485,1.494,17.596,426.198,0,0,0,1,0,415.001,1736.124
04.04.2026 12:15:00,902.756,1321.226,1199.68,405.854,1.516,1.525,18.188,587.38,0,0,0,0,1,429.632,1750.749
04.04.2026 12:30:00,803.249,1320.322,666.042,393.663,1.551,1.565,19.753,1302.013,0,0,0,0,1,475.796,1796.147
04.04.2026 12:45:00,803.249,1300.999,788.332,466.364,1.584,1.617,23.883,1285.869,0,0,0,0,1,594.499,1895.499
04.04.2026 13:00:00,803.249,1200.277,779.94,588.494,1.611,1.679,26.264,1343.22,0,0,0,0,1,722.621,1923.045
04.04.2026 13:15:00,803.249,1100.288,763.922,329.16,1.646,1.71,27.293,1280.705,0,0,0,1,0,527.897,1628.215
04.04.2026 13:30:00,803.249,1002.368,646.757,312.315,1.689,1.736,27.455,1141.25,0,0,0,1,0,530.273,1532.845
04.04.2026 13:45:00,803.249,1001.941,747.764,300.569,1.731,1.781,27.786,1031.704,0,0,0,1,0,660.975,1662.957
04.04.2026 14:00:00,803.249,1000.077,673.26,303.086,1.774,1.835,28.296,1008.419,0,0,0,0,1,767.175,1767.246
04.04.2026 14:15:00,803.249,1002.223,624.969,316.978,1.817,1.885,28.068,1068.093,0,0,0,0,1,795.999,1798.148
04.04.2026 14:30:00,803.249,999.924,512.097,340.906,1.859,1.933,28.513,1116.964,0,0,0,0,1,703.249,1703.142
04.04.2026 14:45:00,803.249,1001.13,540.456,360.102,1.902,1.975,28.487,1190.375,0,0,0,0,1,661.787,1662.726
04.04.2026 15:00:00,803.249,1000.264,737.64,393.785,1.946,2.021,28.175,1163.701,0,0,0,0,1,631.249,1631.504
04.04.2026 15:15:00,803.249,1001.223,589.809,399.617,1.989,2.051,27.607,1084.382,0,0,0,0,1,668.839,1670.122
04.04.2026 15:30:00,803.249,1001.329,631.175,398.602,2.032,2.087,26.823,1086.062,0,0,0,0,1,569.357,1569.872
04.04.2026 15:45:00,803.247,1000.659,718.734,402.474,2.075,2.129,25.9,862,0,0,0,0,1,504.25,1504.85
04.04.2026 16:00:00,803.249,1001.749,778.098,413.218,2.119,2.177,24.699,781.736,0,0,0,0,1,450.5,1452.249
04.04.2026 16:15:00,803.249,999.999,849.176,673.646,2.154,2.247,24.509,697.845,0,0,1,0,0,410.25,1410.249
04.04.2026 16:30:00,902.407,1001.973,840.544,826.593,2.175,2.327,23.868,524.635,0,0,1,0,0,358.75,1360.742
04.04.2026 16:45:00,1002.375,1002.084,970.171,1128.577,2.191,2.389,23.303,419.636,0,0,1,0,0,319.88,1322.124
04.04.2026 17:00:00,1102.491,1001.597,941.372,1117.736,2.203,2.425,22.73,406.53,0,0,1,0,0,281.794,1283.767
04.04.2026 17:15:00,1202.716,1001.62,1142.454,1362.468,2.208,2.462,22.464,389.604,0,0,1,0,0,201.709,1203.62
04.04.2026 17:30:00,1303.258,1000.737,1293.415,1589.473,2.202,2.508,22.149,347.847,0,0,1,0,0,158.409,1159.759
04.04.2026 17:45:00,1402.916,1001.624,1374.839,1810.105,2.184,2.584,21.836,334.262,0,0,1,0,0,113.5,1115.124
04.04.2026 18:00:00,1402.965,1213.615,1551.287,1829.025,2.171,2.609,21.486,369.141,0,0,1,0,0,79.25,1292.872
04.04.2026 18:15:00,1403.048,1321.124,1605.164,1689.388,2.159,2.601,21.051,371.699,0,0,1,0,0,67,1388.124
04.04.2026 18:30:00,1402.759,1541.179,1626.648,1516.978,2.16,2.573,19.926,350.978,0,0,1,0,0,46.454,1587.624
04.04.2026 18:45:00,1403.208,1761.475,1769.386,1494.393,2.171,2.522,19.4,300.563,0,0,1,0,0,29.25,1790.707
04.04.2026 19:00:00,1402.97,1982.268,1879.319,1323.637,2.184,2.499,18.705,224.861,0,0,1,0,0,20.75,2003.318
04.04.2026 19:15:00,1403.293,2091.998,1951.043,1264.46,2.196,2.516,17.725,56.587,0,0,1,0,0,19.5,2111.498
04.04.2026 19:30:00,1403.078,2201.212,1943.264,1146.628,2.214,2.499,16.978,29.009,0,0,1,0,0,14.5,2215.738
04.04.2026 19:45:00,1402.991,2201.623,1785.405,1309.755,2.229,2.476,16.265,16.508,0,0,0,1,0,10.75,2212.373
04.04.2026 20:00:00,1403.314,2200.748,1789.785,1891.277,2.212,2.516,15.697,6.657,0,0,0,1,0,9.75,2210.498
04.04.2026 20:15:00,1403.121,2092.123,2023.061,2689.736,2.166,2.564,15.381,1.006,0,0,0,0,1,4.75,2096.873
04.04.2026 20:30:00,1403.058,2092.122,1949.9,2728.555,2.094,2.625,14.933,0.45,0,0,0,0,1,4.75,2096.873
04.04.2026 20:45:00,1403.142,2092.123,1967.614,2564.913,2.032,2.675,14.481,0.45,0,0,0,0,1,4.75,2096.542
04.04.2026 21:00:00,1403.098,2036.999,1887.933,2338.671,1.983,2.661,14.172,0.448,0,0,0,0,1,4.75,2041.703
04.04.2026 21:15:00,1403.41,2312.098,2064.621,2067.367,1.952,2.597,13.915,0.444,0,0,0,0,1,4.75,2316.688
04.04.2026 21:30:00,1403.399,2202.064,2066.271,2073.041,1.931,2.508,13.81,0.441,0,0,0,0,1,4.731,2206.748
04.04.2026 21:45:00,1403.416,2092.123,1976.913,2113.689,1.904,2.423,13.466,0.45,0,0,0,0,1,4.75,2096.873
04.04.2026 22:00:00,1403.182,1980.256,1895.449,2152.664,1.875,2.346,13.543,0.448,0,0,0,0,1,4.75,1985.091
04.04.2026 22:15:00,1303.09,1980.376,1859.077,2156.197,1.844,2.303,13.381,0.45,0,0,0,0,1,4.75,1985.126
04.04.2026 22:30:00,1202.825,1980.374,1825.328,2156.132,1.809,2.296,13.201,0.45,0,0,0,0,1,4.75,1985.124
04.04.2026 22:45:00,1002.408,1980.462,1879.51,2145.689,1.773,2.299,13,0.45,0,0,0,0,1,4.631,1985.124
04.04.2026 23:00:00,1002.267,1980.376,1865.542,2138.619,1.737,2.31,12.74,0.45,0,0,0,0,1,4.571,1985.126
04.04.2026 23:15:00,1002.298,1980.374,1906.555,2142.423,1.704,2.29,12.513,0.45,0,0,0,0,1,4.74,1985.115
04.04.2026 23:30:00,1002.396,1980.404,1864.577,2113.155,1.671,2.255,12.429,0.457,0,0,0,0,1,4.659,1985.124
04.04.2026 23:45:00,1002.387,1980.506,1637.659,2075.478,1.638,2.231,12.131,0.45,0,0,0,0,1,4.664,1985.124
05.04.2026 00:00:00,1002.669,1980.399,1733.19,2052.589,1.606,2.222,12.157,0.45,0,0,0,0,1,4.677,1985.124
05.04.2026 00:15:00,1002.415,1802.425,1812.158,2050.114,1.573,2.216,11.823,0.45,0,0,0,0,1,4.737,1807.305
05.04.2026 00:30:00,1002.572,2202.069,1976.037,2048.392,1.54,2.208,11.598,0.447,0,0,0,0,1,4.73,2206.748
05.04.2026 00:45:00,1002.394,2101.198,1958.197,2042.269,1.507,2.196,11.478,0.45,0,0,0,0,1,4.667,2105.872
05.04.2026 01:00:00,1002.283,1901.707,1704.333,2049.2,1.474,2.18,11.254,0.45,0,0,0,0,1,4.727,1906.374
05.04.2026 01:15:00,1002.338,1700.55,1567.017,2047.872,1.441,2.163,11.07,0.45,0,0,0,0,1,4.701,1705.168
05.04.2026 01:30:00,1002.266,1700.91,1432.558,2042.865,1.408,2.142,10.782,0.45,0,0,0,0,1,4.566,1705.273
05.04.2026 01:45:00,1002.62,2101.181,1890.834,2018.965,1.375,2.126,10.521,0.45,0,0,0,0,1,4.646,2105.873
05.04.2026 02:00:00,1002.609,2101.129,1839.699,1999.275,1.341,2.114,10.567,0.409,0,0,0,0,1,4.441,2105.873
05.04.2026 02:15:00,1002.539,2001.453,1789.453,1985.896,1.309,2.102,10.444,0.44,0,0,0,0,1,4.728,2005.989
05.04.2026 02:30:00,1002.422,1980.417,1531.023,1985.869,1.276,2.092,10.306,0.45,0,0,0,0,1,4.633,1985.124
05.04.2026 02:45:00,1002.441,1824.973,1445.17,1982.998,1.243,2.079,9.987,0.45,0,0,0,0,1,4.583,1829.499
05.04.2026 03:00:00,1002.343,1762.536,1404.502,1983.534,1.21,2.066,9.943,0.467,0,0,0,0,1,4.732,1767.243
05.04.2026 03:15:00,1002.268,1738.749,1395.846,1548.819,1.202,2.017,10.066,0.45,0,0,0,0,1,4.57,1743.249
05.04.2026 03:30:00,1002.335,1755.13,1485.917,1495.372,1.197,1.997,9.922,0.445,0,0,0,0,1,4.564,1759.749
05.04.2026 03:45:00,1002.544,2280.751,2084.785,1472.728,1.191,2,9.853,0.442,0,0,0,0,1,4.749,2285.498
05.04.2026 04:00:00,1002.307,2421.766,1893.192,1478.657,1.186,2.008,9.777,0.45,0,0,0,0,1,4.745,2426.347
05.04.2026 04:15:00,1002.379,2313.873,1744.939,1505.673,1.179,2.007,9.548,0.45,0,0,0,0,1,4.662,2318.498
05.04.2026 04:30:00,1002.46,2104.905,1516.544,1521.744,1.173,1.991,9.591,0.45,0,0,0,0,1,4.688,2109.623
05.04.2026 04:45:00,1002.693,2001.151,1448.442,1524.056,1.166,1.969,9.586,0.45,0,0,0,0,1,4.736,2006.326
05.04.2026 05:00:00,1102.507,1909.25,1478.903,1515.686,1.16,1.943,9.392,0.45,0,0,0,0,1,4.706,1913.874
05.04.2026 05:15:00,1203.262,1874.188,1361.68,1494.27,1.153,1.925,9.276,0.5,0,0,0,0,1,4.736,1878.781
05.04.2026 05:30:00,1303.295,1852.757,1336.265,1479.965,1.147,1.913,9.133,0.45,0,0,0,0,1,4.745,1857.573
05.04.2026 05:45:00,1604.249,1926.663,1380.733,1474.056,1.141,1.904,9.086,0.45,0,0,0,0,1,4.748,1931.538
05.04.2026 06:00:00,1604.251,1802.652,1447.365,1474.965,1.135,1.895,9.064,0.45,0,0,0,0,1,4.741,1807.374
05.04.2026 06:15:00,1604.249,1700.792,1431.208,1479.399,1.129,1.885,8.987,0.417,0,0,0,0,1,7.25,1707.696
05.04.2026 06:30:00,1604.249,1751.315,1628.049,1483.779,1.123,1.869,8.852,0.45,0,0,0,0,1,8.484,1759.751
05.04.2026 06:45:00,1604.249,1601.22,1597.365,1483.224,1.116,1.851,8.697,0.972,0,0,0,0,1,8.477,1609.719
05.04.2026 07:00:00,1604.249,1600.874,1572.309,1474.508,1.11,1.831,8.391,4.387,0,0,0,0,1,10.75,1611.624
05.04.2026 07:15:00,1604.249,1600.499,1550.664,1433.125,1.105,1.811,8.279,9.337,0,0,0,0,1,18.25,1618.749
05.04.2026 07:30:00,1604.247,1600.751,1688.55,1425.413,1.101,1.8,8.367,14.738,0,0,0,0,1,25.5,1626.438
05.04.2026 07:45:00,1604.249,1502.624,1687.318,1421.568,1.096,1.789,8.658,18.106,0,0,0,0,1,34,1536.624
05.04.2026 08:00:00,1604.249,1450.676,1635.677,1012.947,1.098,1.887,8.476,16.273,0,0,0,1,0,47.981,1498.888
05.04.2026 08:15:00,1604.249,1400.763,1704.178,1103.548,1.097,2.067,8.614,21.936,0,0,0,1,0,86.5,1487.164
05.04.2026 08:30:00,1604.249,1350.249,1640.991,1149.627,1.09,2.259,8.877,29.358,0,0,0,0,1,114.75,1464.999
05.04.2026 08:45:00,1604.249,1301.996,1611.701,1104.271,1.082,2.452,9.043,38.211,0,0,0,1,0,142.751,1444.749
05.04.2026 09:00:00,1604.249,1202.999,1511.069,1025.871,1.079,2.632,9.289,40.571,0,0,0,1,0,175.75,1378.749
05.04.2026 09:15:00,1604.298,1001.501,1275.685,755.756,1.094,2.762,9.6,426.307,0,0,0,1,0,219.75,1221.251
05.04.2026 09:30:00,1604.249,900.983,1144.148,677.045,1.119,2.854,14.522,624.091,0,0,0,1,0,245.255,1146.249
05.04.2026 09:45:00,1604.249,801.822,1219.135,758.138,1.148,2.902,18.736,699.776,0,0,0,1,0,245.269,1047.219
05.04.2026 10:00:00,1604.249,702.271,997.661,631.477,1.178,2.897,22.063,709.48,0,0,0,1,0,247.782,950.18
05.04.2026 10:15:00,1604.249,700.375,955.861,548.19,1.217,2.869,24.135,746.634,0,0,0,1,0,297.75,998.261
05.04.2026 10:30:00,1504.249,701.514,834.174,621.204,1.254,2.85,25.213,724.923,0,0,0,1,0,340.496,1041.999
05.04.2026 10:45:00,1504.249,699.06,788.875,573.498,1.285,2.834,26.193,687.962,0,0,0,1,0,386.979,1085.985
05.04.2026 11:00:00,1504.249,701.397,778.935,579.374,1.32,2.81,27.375,621.577,0,0,0,1,0,475.993,1177.316
05.04.2026 11:15:00,1403.003,700.45,647.299,476.281,1.36,2.78,28.303,606.135,0,0,0,1,0,372.574,1073.126
05.04.2026 11:30:00,1303.356,700.396,537.768,481.831,1.403,2.751,28.401,686.69,0,0,0,0,1,451.75,1151.951
05.04.2026 11:45:00,1202.872,700.167,567.155,481.295,1.445,2.748,29.681,1133.433,0,0,0,0,1,712.176,1412.347
05.04.2026 12:00:00,1002.484,701.807,609.8,481.229,1.486,2.757,30.906,944.971,0,0,0,0,1,1015.75,1717.302
05.04.2026 12:15:00,902.361,700.687,521.395,481.184,1.527,2.773,31.987,821.108,0,0,0,0,1,513.999,1214.814
05.04.2026 12:30:00,803.249,700.624,372.392,481.921,1.568,2.79,32.295,972.465,0,0,0,1,0,555.499,1256.124
05.04.2026 12:45:00,803.249,700.334,399.716,197.052,1.616,2.859,33.035,1302.604,0,0,0,1,0,885.147,1585.594
05.04.2026 13:00:00,803.238,699.25,413.258,197.066,1.664,2.892,33.621,1385.826,0,0,0,1,0,1199.999,1899.249
05.04.2026 13:15:00,803.248,699.754,602.321,196.806,1.712,2.881,33.715,1259.265,0,0,0,0,0,1323.966,2023.574
05.04.2026 13:30:00,803.249,700.215,481.728,196.99,1.76,2.852,33.677,1035.117,0,0,0,0,0,1084.286,1784.245
05.04.2026 13:45:00,803.249,700.514,433.448,196.983,1.808,2.831,33.482,951.569,0,0,0,0,0,944.991,1646.013
05.04.2026 14:00:00,803.249,699.935,163.591,196.817,1.857,2.816,33.7,989.404,0,0,0,1,0,839.999,1539.979
05.04.2026 14:15:00,803.249,699.902,262.374,197.21,1.906,2.803,33.904,1091.767,0,0,0,1,0,875.251,1575.572
05.04.2026 14:30:00,803.249,700.25,286.078,196.955,1.955,2.797,33.637,994.915,0,0,0,1,0,693.499,1393.749
05.04.2026 14:45:00,803.249,700.625,292.28,299.518,2.004,2.78,33.685,996.054,0,0,0,1,0,588.499,1289.035
05.04.2026 15:00:00,803.249,699.909,1262.421,299.455,2.054,2.75,32.604,184.04,0,0,0,0,0,486.824,1186.749
05.04.2026 15:15:00,803.249,701.81,827.909,299.439,2.104,2.757,30.09,415.772,0,0,0,0,0,525.109,1226.874
05.04.2026 15:30:00,803.249,699.126,1007.757,402.594,2.156,2.772,28.557,470.227,0,0,1,0,0,456.5,1155.736
05.04.2026 15:45:00,803.249,700.458,883.466,587.996,2.189,2.805,27.99,450.305,0,0,1,0,0,389.225,1089.626
05.04.2026 16:00:00,803.249,698.799,559.187,606.615,2.221,2.797,28.311,405.03,0,0,1,0,0,321.324,1020.049
05.04.2026 16:15:00,803.249,699.722,473.502,546.538,2.248,2.778,27.717,1052.949,0,0,1,0,0,296.5,996.241
05.04.2026 16:30:00,902.28,701.862,858.625,546.396,2.256,2.792,28.234,719.83,0,0,1,0,0,261.25,963.007
05.04.2026 16:45:00,1002.25,699.651,946.886,725.173,2.265,2.798,28.3,341.076,0,0,1,0,0,212.077,911.874
05.04.2026 17:00:00,1102.504,701.374,747.13,568.412,2.263,2.831,27.6,535.815,0,0,1,0,0,173.25,874.363
05.04.2026 17:15:00,1202.474,700.25,994.271,983.236,2.252,2.866,27.157,506.371,0,0,1,0,0,125.75,825.999
05.04.2026 17:30:00,1302.847,700.133,1057.027,931.277,2.252,2.859,26.664,360.466,0,0,1,0,0,96.25,796.63
05.04.2026 17:45:00,1402.815,901.25,1248.436,1197.654,2.247,2.889,26.24,245.312,0,0,1,0,0,65.75,966.999
05.04.2026 18:00:00,1402.779,1099.96,1397.188,1680.132,2.231,2.857,25.397,305.793,0,0,1,0,0,48.043,1148.124
05.04.2026 18:15:00,1402.944,1200.802,1458.608,1700.359,2.222,2.775,24.47,125.872,0,0,1,0,0,48.276,1249.001
05.04.2026 18:30:00,1402.771,1403.593,1465.863,1491.038,2.226,2.673,23.578,195.743,0,0,1,0,0,34,1437.616
05.04.2026 18:45:00,1403.054,1600.749,1555.172,1432.994,2.234,2.654,22.997,137.268,0,0,1,0,0,21.75,1622.499
05.04.2026 19:00:00,1504.249,1800.999,1561.466,1303.563,2.242,2.66,22.492,145.854,0,0,1,0,0,15.75,1816.749
05.04.2026 19:15:00,1604.249,1901.665,1779.828,1511.534,2.244,2.666,21.331,48.286,0,0,1,0,0,15.75,1917.407
05.04.2026 19:30:00,1604.249,2002.34,1763.51,1960.473,2.241,2.657,20.79,28.414,0,0,0,1,0,12,2014.074
05.04.2026 19:45:00,1604.249,2000.733,1876.112,2082.339,2.218,2.686,20.15,10.92,0,0,0,0,1,9.75,2010.475
05.04.2026 20:00:00,1604.249,2001.947,1767.264,2082.528,2.205,2.692,19.386,3.206,0,0,0,0,1,8.5,2010.569
05.04.2026 20:15:00,1604.249,1900.376,1786.183,2082.336,2.195,2.703,18.906,0.45,0,0,0,0,1,6,1906.376
05.04.2026 20:30:00,1604.249,1900.374,1693.904,2082.675,2.185,2.72,18.678,0.422,0,0,0,0,1,6,1906.374
05.04.2026 20:45:00,1604.249,1901.625,1677.819,2082.323,2.176,2.737,18.217,0.45,0,0,0,0,1,4.75,1906.374
05.04.2026 21:00:00,1604.249,1852.054,1746.859,2082.62,2.166,2.742,17.963,0.434,0,0,0,0,1,4.75,1856.786
05.04.2026 21:15:00,1604.251,2101.123,1818.331,2082.297,2.156,2.747,17.834,0.439,0,0,0,0,1,4.75,2105.873
05.04.2026 21:30:00,1604.249,2002.44,1693.022,2082.989,2.146,2.723,17.426,0.442,0,0,0,0,1,4.672,2007.235
05.04.2026 21:45:00,1604.249,1901.287,1734.637,2083.093,2.137,2.687,17.129,0.41,0,0,0,0,1,4.75,1906.28
05.04.2026 22:00:00,1604.251,1802.624,1621.396,2083.379,2.128,2.645,16.913,0.45,0,0,0,0,1,4.75,1807.374
05.04.2026 22:15:00,1604.249,1802.625,1683.911,1593.542,2.13,2.59,16.795,0.448,0,0,1,0,0,4.75,1807.374
05.04.2026 22:30:00,1504.249,1802.638,1624.614,1462.253,2.151,2.562,16.54,0.45,0,0,1,0,0,4.746,1807.374
05.04.2026 22:45:00,1402.913,1802.678,1843.661,1529.259,2.171,2.568,16.484,0.46,0,0,1,0,0,4.735,1807.374
05.04.2026 23:00:00,1303.225,1802.625,1672.681,1325.122,2.194,2.572,16.548,0.45,0,0,1,0,0,4.75,1807.374
05.04.2026 23:15:00,1202.678,1802.581,1708.368,1255.608,2.219,2.598,16.513,0.45,0,0,1,0,0,4.749,1807.362
05.04.2026 23:30:00,1002.357,1802.624,1545.683,876.012,2.247,2.602,16.017,0.455,0,0,1,0,0,4.594,1807.374
05.04.2026 23:45:00,1002.459,1802.637,1333.969,845.71,2.266,2.599,16.051,0.45,0,0,1,0,0,4.746,1807.374
06.04.2026 00:00:00,1002.3,1802.627,1469.425,804.77,2.273,2.585,16.032,0.45,0,0,1,0,0,4.749,1807.374
06.04.2026 00:15:00,1102.501,1802.716,1459.566,899.128,2.271,2.598,16.006,0.45,0,0,1,0,0,4.645,1807.344
06.04.2026 00:30:00,1102.482,2201.994,1806.98,832.887,2.274,2.607,15.725,0.45,0,0,1,0,0,4.75,2206.748
06.04.2026 00:45:00,1102.503,2101.123,1724.205,838.866,2.272,2.643,15.785,0.45,0,0,1,0,0,4.75,2105.873
06.04.2026 01:00:00,1102.521,1901.595,1480.616,884.789,2.273,2.689,15.781,0.45,0,0,1,0,0,4.733,1906.35
06.04.2026 01:15:00,1102.587,1700.95,1267.648,966.27,2.275,2.703,15.4,0.45,0,0,1,0,0,4.748,1705.632
06.04.2026 01:30:00,1102.501,1701.052,1211.415,1000.136,2.276,2.676,15.167,0.452,0,0,1,0,0,4.75,1705.96
06.04.2026 01:45:00,1102.529,2101.121,1705.723,998.233,2.277,2.632,15.009,0.447,0,0,1,0,0,4.75,2105.873
06.04.2026 02:00:00,1102.539,2101.123,1678.007,947.992,2.277,2.604,14.823,0.45,0,0,1,0,0,4.75,2105.873
06.04.2026 02:15:00,1102.501,2001.521,1574.096,934.893,2.277,2.618,14.824,0.456,0,0,1,0,0,4.75,2006.212
06.04.2026 02:30:00,1102.689,1980.402,1352.101,934.485,2.277,2.628,14.773,0.421,0,0,1,0,0,4.743,1985.124
06.04.2026 02:45:00,1102.509,1824.75,1205.36,917.493,2.277,2.625,14.632,0.447,0,0,1,0,0,4.71,1829.499
06.04.2026 03:00:00,1102.52,1762.56,1258.257,934.819,2.277,2.647,14.489,0.434,0,0,1,0,0,4.686,1767.249
06.04.2026 03:15:00,1102.519,1738.746,1335.17,855.023,2.28,2.634,14.178,0.446,0,0,1,0,0,4.502,1743.249
06.04.2026 03:30:00,1102.503,1755.028,1402.301,898.466,2.282,2.618,13.938,0.45,0,0,1,0,0,4.742,1759.749
06.04.2026 03:45:00,1102.628,2280.795,1987.704,932.778,2.278,2.654,13.867,0.45,0,0,1,0,0,4.729,2285.493
06.04.2026 04:00:00,1102.528,2421.731,1771.885,946.748,2.277,2.663,13.6,0.44,0,0,1,0,0,4.749,2426.494
06.04.2026 04:15:00,1102.502,2313.752,1592.05,954.883,2.277,2.655,13.43,0.45,0,0,1,0,0,4.75,2318.502
06.04.2026 04:30:00,1102.506,2104.972,1541.387,943.208,2.277,2.635,13.363,0.45,0,0,1,0,0,4.722,2109.623
06.04.2026 04:45:00,1102.536,2001.877,1474.86,918.147,2.277,2.643,13.062,0.45,0,0,1,0,0,4.649,2006.61
06.04.2026 05:00:00,1102.712,1909.124,1441.702,941.125,2.277,2.664,12.937,0.45,0,0,1,0,0,4.75,1913.874
06.04.2026 05:15:00,1202.826,1874.268,1488.357,959.935,2.277,2.666,12.759,0.45,0,0,1,0,0,4.744,1878.999
06.04.2026 05:30:00,1303.253,1852.764,1455.578,1022.719,2.274,2.664,12.713,0.45,0,0,1,0,0,4.75,1857.438
06.04.2026 05:45:00,1604.249,1926.838,1377.716,1180.921,2.268,2.666,12.673,0.45,0,0,1,0,0,4.75,1931.727
06.04.2026 06:00:00,1604.246,1802.627,1418.574,1311.161,2.263,2.67,12.471,0.45,0,0,1,0,0,4.749,1807.374
06.04.2026 06:15:00,1604.249,1700.91,1476.326,1504.894,2.252,2.679,12.125,0.45,0,0,1,0,0,7.25,1708.331
06.04.2026 06:30:00,1604.249,1749.458,1595.181,1543.43,2.251,2.663,12.183,0.402,0,0,1,0,0,8.5,1757.896
06.04.2026 06:45:00,1604.251,1601.249,1595.708,1710.822,2.243,2.666,12.046,1.033,0,0,1,0,0,8.5,1609.749
06.04.2026 07:00:00,1604.158,1600.874,1457.702,1583.102,2.24,2.659,12.09,4.387,0,0,1,0,0,10.75,1611.624
06.04.2026 07:15:00,1604.249,1600.499,1421.775,1557.187,2.238,2.654,11.974,10.916,0,0,1,0,0,18.25,1618.749
06.04.2026 07:30:00,1604.249,1600.13,1505.232,1554.515,2.239,2.647,11.854,16.045,0,0,1,0,0,24.25,1624.377
06.04.2026 07:45:00,1604.249,1501.422,1423.588,1589.586,2.232,2.68,11.863,24.075,0,0,1,0,0,31.486,1532.874
06.04.2026 08:00:00,1604.196,1451.701,1514.109,1664.552,2.229,2.671,11.714,35.514,0,0,1,0,0,43.996,1495.341
06.04.2026 08:15:00,1604.249,1399.77,1572.447,1808.86,2.22,2.673,11.926,48.515,0,0,1,0,0,81.762,1481.519
06.04.2026 08:30:00,1604.249,1351.006,1518.845,835.695,2.233,2.631,11.986,59.826,0,0,1,0,0,108.375,1459.374
06.04.2026 08:45:00,1604.249,1302.749,1533.244,1389.524,2.246,2.621,12.245,69.806,0,0,1,0,0,136.75,1439.499
06.04.2026 09:00:00,1604.247,1202.749,1630.94,1422.137,2.245,2.656,12.672,72.874,0,0,1,0,0,170.75,1373.499
06.04.2026 09:15:00,1604.251,1002.813,1412.796,1327.16,2.243,2.688,13.019,453.995,0,0,1,0,0,207.452,1209.974
06.04.2026 09:30:00,1604.249,901.749,1178.6,1079.135,2.238,2.921,16.695,595.506,0,0,1,0,0,231.75,1133.499
06.04.2026 09:45:00,1604.249,801.499,1228,1016.802,2.236,2.987,20,705.576,0,0,1,0,0,236.75,1038.249
06.04.2026 10:00:00,1604.249,802.603,1056.928,884.843,2.239,2.952,22.54,753.749,0,0,1,0,0,239.264,1041.973
06.04.2026 10:15:00,1504.248,800.544,941.732,855.299,2.243,2.918,24.143,705.593,0,0,1,0,0,312.536,1113.228
06.04.2026 10:30:00,1504.249,800.528,1041.07,858.731,2.244,2.92,25.369,702.666,0,0,1,0,0,347.75,1148.168
06.04.2026 10:45:00,1504.249,801.629,846.115,741.196,2.248,2.924,26.619,702.107,0,0,1,0,0,358.75,1160.315
06.04.2026 11:00:00,1504.249,801.622,752.115,451.746,2.255,2.942,27.326,737.741,0,0,1,0,0,412.5,1214.059
06.04.2026 11:15:00,1402.857,799.698,666.86,576.993,2.248,3.03,27.972,781.735,0,0,1,0,0,394.25,1194.105
06.04.2026 11:30:00,1303.185,800.923,638.93,513.876,2.245,3.048,29.02,832.976,0,0,1,0,0,462.75,1263.639
06.04.2026 11:45:00,1202.634,800.873,756.391,609.177,2.245,3.051,29.884,910.329,0,0,1,0,0,645.751,1446.624
06.04.2026 12:00:00,1002.603,801.423,638.537,534.76,2.243,3.06,30.939,1077.554,0,0,1,0,0,861.681,1662.999
06.04.2026 12:15:00,902.634,799.625,558.705,399.915,2.245,3.055,30.914,1063.527,0,0,1,0,0,958.249,1757.874
06.04.2026 12:30:00,803.249,798.658,539.105,377.296,2.252,3.046,31.496,1097.249,0,0,1,0,0,900.999,1699.681
06.04.2026 12:45:00,803.198,802.47,448.839,261.062,2.259,3.039,32.022,1204.258,0,0,1,0,0,858.645,1661.124
06.04.2026 13:00:00,803.249,802.216,380.565,207.976,2.266,3.028,32.613,1254.479,0,0,1,0,0,853.356,1655.344
06.04.2026 13:15:00,803.248,800.252,313.415,150.896,2.27,3.021,33.15,1146.673,0,0,1,0,0,959.499,1759.751
06.04.2026 13:30:00,803.249,799.518,364.255,163.106,2.272,3.025,32.793,977.846,0,0,1,0,0,819.111,1618.749
06.04.2026 13:45:00,803.249,801.918,377.313,217.692,2.274,3.032,32.624,811.641,0,0,1,0,0,716.362,1518.249
06.04.2026 14:00:00,803.249,800.106,314.03,81.727,2.276,3.044,32.465,888.522,0,0,1,0,0,623.725,1424.128
06.04.2026 14:15:00,803.244,801.49,332.645,198.595,2.276,3.062,31.13,974,0,0,1,0,0,800.796,1602.097
06.04.2026 14:30:00,803.249,801.5,471.502,231.601,2.275,3.073,30.427,1065.144,0,0,1,0,0,742.249,1543.749
06.04.2026 14:45:00,803.249,801.117,197.602,98.836,2.276,3.086,30.307,1104.864,0,0,1,0,0,656.752,1457.874
06.04.2026 15:00:00,803.249,800.5,326.141,149.693,2.274,3.097,29.21,1121.953,0,0,1,0,0,589.499,1389.999
06.04.2026 15:15:00,803.137,800.239,437.266,300.736,2.277,3.103,28.931,1050.614,0,0,1,0,0,664.596,1464.999
06.04.2026 15:30:00,803.249,801.359,394.985,202.644,2.274,3.112,28.333,1093.152,0,0,1,0,0,632.249,1433.485
06.04.2026 15:45:00,803.248,800.738,408.052,273.749,2.275,3.112,28.005,869.17,0,0,1,0,0,567.008,1367.874
06.04.2026 16:00:00,803.249,801.41,460.296,342.796,2.279,3.117,27.35,779.481,0,0,1,0,0,524.426,1325.874
06.04.2026 16:15:00,803.249,801.659,644.617,494.029,2.275,3.133,27.26,634.666,0,0,1,0,0,475.814,1278.07
06.04.2026 16:30:00,902.254,801.13,962.371,852.939,2.263,3.085,26.587,464.478,0,0,1,0,0,433.248,1234.374
06.04.2026 16:45:00,1002.25,801.888,879.69,715.325,2.269,3.027,25.882,426.517,0,0,1,0,0,379.069,1180.926
06.04.2026 17:00:00,1102.567,799.696,988.282,859.341,2.273,3.017,25.567,421.046,0,0,1,0,0,328.077,1127.744
06.04.2026 17:15:00,1202.571,802.124,1117.697,944.88,2.267,3.031,24.995,298.636,0,0,1,0,0,238,1040.124
06.04.2026 17:30:00,1302.758,800.811,1227.136,1036.638,2.272,2.937,24.424,255.579,0,0,1,0,0,191.548,992.499
06.04.2026 17:45:00,1504.249,900.498,1169.444,1101.983,2.277,2.897,24.182,255.053,0,0,1,0,0,137.75,1038.249
06.04.2026 18:00:00,1604.246,1101.138,1257.747,1049.177,2.278,2.887,23.92,306.418,0,0,1,0,0,96.457,1197.972
06.04.2026 18:15:00,1604.249,1203.374,1430.831,1489.798,2.27,2.883,23.469,260.875,0,0,0,1,0,76.75,1280.124
06.04.2026 18:30:00,1604.246,1401.287,1584.22,2145.277,2.25,2.855,22.8,221.268,0,0,0,1,0,54.739,1455.999
06.04.2026 18:45:00,1604.249,1601.313,1585.478,2691.181,2.214,2.852,22.252,85.613,0,0,0,0,1,32.75,1634.104
06.04.2026 19:00:00,1604.249,1801.249,1649.353,2769.96,2.177,2.876,21.6,92.116,0,0,0,0,1,20.75,1821.999
06.04.2026 19:15:00,1604.249,1902.991,1755.584,2634.922,2.144,2.873,20.712,71.381,0,0,0,0,1,23,1925.926
06.04.2026 19:30:00,1604.249,2002.999,1801.825,2427.912,2.123,2.834,19.758,61.538,0,0,0,0,1,17,2019.999
06.04.2026 19:45:00,1604.249,2001.111,1739.384,2188.438,2.118,2.748,19.394,18.597,0,0,0,0,1,13.25,2014.371
06.04.2026 20:00:00,1604.249,2001.277,1693.468,2109.104,2.125,2.645,18.82,6.006,0,0,0,0,1,10.75,2011.846
06.04.2026 20:15:00,1604.249,1901.001,1715.472,2152.185,2.129,2.64,18.409,2.912,0,0,0,0,1,7.25,1908.251
06.04.2026 20:30:00,1604.249,1900.376,1652.92,2314.752,2.129,2.667,17.823,0.446,0,0,0,0,1,6,1906.376
06.04.2026 20:45:00,1604.249,1901.626,1629.483,2361.21,2.121,2.709,17.431,0.45,0,0,0,0,1,4.75,1906.376
06.04.2026 21:00:00,1603.912,1850.84,1659.087,2362.447,2.113,2.761,17.14,0.405,0,0,0,0,1,6,1856.865
06.04.2026 21:15:00,1604.249,2101.123,1777.627,2582.731,2.091,2.836,16.783,0.45,0,0,0,0,1,4.75,2105.827
06.04.2026 21:30:00,1604.236,2002.38,1756.633,2589.321,2.069,2.866,16.421,0.455,0,0,0,0,1,4.75,2007.212
06.04.2026 21:45:00,1604.249,1901.545,1711.788,2585.037,2.046,2.845,16.081,0.494,0,0,0,0,1,4.75,1906.353
06.04.2026 22:00:00,1604.249,1802.624,1620.395,2571.823,2.024,2.824,15.909,0.452,0,0,0,0,1,4.75,1807.374
06.04.2026 22:15:00,1604.251,1802.624,1711.166,2565.162,2.002,2.803,15.697,0.421,0,0,0,0,1,4.75,1807.374
06.04.2026 22:30:00,1604.249,1802.624,1594.313,2554.914,1.981,2.779,15.4,0.45,0,0,0,0,1,4.75,1807.374
06.04.2026 22:45:00,1604.249,1802.624,1730.833,2550.236,1.96,2.767,15.314,0.423,0,0,0,0,1,4.75,1807.222
06.04.2026 23:00:00,1604.249,1802.624,1664.516,2550.551,1.939,2.777,15.297,0.45,0,0,0,0,1,4.75,1807.374
06.04.2026 23:15:00,1504.249,1802.624,1713.715,2554.596,1.918,2.777,15.059,0.45,0,0,0,0,1,4.75,1807.374
06.04.2026 23:30:00,1002.262,1802.645,1675.007,2549.755,1.896,2.778,14.82,0.45,0,0,0,0,1,4.69,1807.374
06.04.2026 23:45:00,1002.257,1802.677,1452.675,2548.638,1.875,2.797,14.763,0.45,0,0,0,0,1,4.713,1807.353
07.04.2026 00:00:00,1002.379,1802.624,1585.518,2549.108,1.854,2.797,14.703,0.45,0,0,0,0,1,4.75,1807.374
07.04.2026 00:15:00,2003.495,1757.275,1509.233,2546.568,1.832,2.787,14.701,0.472,0,0,0,0,1,4.75,1761.966
07.04.2026 00:30:00,2003.501,1837.969,1798.936,2546.868,1.811,2.783,14.491,0.45,0,0,0,0,1,4.75,1842.734
07.04.2026 00:45:00,2003.501,1858.374,1727.715,2546.849,1.79,2.789,14.44,0.451,0,0,0,0,1,5.887,1864.374
07.04.2026 01:00:00,2003.501,1765.261,1494.83,2551.18,1.769,2.795,14.212,0.45,0,0,0,0,1,4.75,1769.818
07.04.2026 01:15:00,2003.501,1653.249,1427.068,2550.554,1.747,2.786,13.934,0.445,0,0,0,0,1,6,1659.249
07.04.2026 01:30:00,2003.501,1531.874,1351.058,2557.923,1.726,2.779,14.08,0.45,0,0,0,0,1,4.75,1536.624
07.04.2026 01:45:00,2003.499,1723.874,1839.201,2550.375,1.703,2.778,13.853,0.453,0,0,0,0,1,4.75,1728.624
07.04.2026 02:00:00,2003.501,1782.679,1779.03,2538.973,1.682,2.795,13.584,0.45,0,0,0,0,1,4.75,1787.343
07.04.2026 02:15:00,2003.51,1778.999,1614.923,2538.234,1.661,2.789,13.201,0.442,0,0,0,0,1,4.75,1783.749
07.04.2026 02:30:00,2003.501,1621.84,1392.053,2532.483,1.639,2.782,13.098,0.462,0,0,0,0,1,4.75,1626.834
07.04.2026 02:45:00,2003.499,1513.499,1282.883,2531.444,1.619,2.778,13.084,0.45,0,0,0,0,1,4.75,1518.249
07.04.2026 03:00:00,2003.517,1354.124,1238.305,2533.48,1.598,2.779,13.008,0.45,0,0,0,0,1,4.75,1358.874
07.04.2026 03:15:00,2003.501,1383.374,1317.037,2539.387,1.577,2.782,12.796,0.446,0,0,0,0,1,4.69,1388.124
07.04.2026 03:30:00,2003.512,1443.863,1334.223,2542.282,1.555,2.799,12.479,0.45,0,0,0,0,1,4.678,1448.499
07.04.2026 03:45:00,2003.501,1832.59,1967.954,2537.46,1.533,2.802,12.409,0.45,0,0,0,0,1,6,1838.526
07.04.2026 04:00:00,2003.506,1949.874,1909.494,2531.636,1.511,2.795,12.442,0.45,0,0,0,0,1,6,1955.874
07.04.2026 04:15:00,2003.499,1797.374,1683.053,2527.563,1.49,2.785,12.483,0.45,0,0,0,0,1,4.75,1802.124
07.04.2026 04:30:00,2003.499,1714.816,1549.022,2526.906,1.469,2.777,12.438,0.45,0,0,0,0,1,4.75,1719.608
07.04.2026 04:45:00,2003.501,1662.245,1378.344,2526.768,1.448,2.777,12.102,0.45,0,0,0,0,1,6,1668.248
07.04.2026 05:00:00,2003.465,1555.12,1359.775,2527.798,1.427,2.778,12.17,0.45,0,0,0,0,1,8.5,1563.465
07.04.2026 05:15:00,2003.514,1489.715,1450.548,2528.061,1.405,2.783,12.046,0.448,0,0,0,0,1,12,1501.74
07.04.2026 05:30:00,2003.501,1446.751,1434.53,2526.883,1.384,2.786,11.819,0.459,0,0,0,0,1,18.25,1465.001
07.04.2026 05:45:00,2003.501,1595.874,1668.705,2527.361,1.363,2.789,11.856,0.45,0,0,0,0,1,19.5,1615.374
07.04.2026 06:00:00,2003.507,1649.626,1624.825,2519.418,1.34,2.791,11.768,0.414,0,0,0,0,1,28,1677.626
07.04.2026 06:15:00,2003.499,1674.744,1666.285,2513.086,1.319,2.788,11.569,0.45,0,0,0,0,1,44.604,1719.608
07.04.2026 06:30:00,2003.501,1698.075,1741.418,2513.38,1.298,2.785,11.559,0.45,0,0,0,0,1,59.75,1757.973
07.04.2026 06:45:00,2003.621,1695.024,1879.01,2518.477,1.277,2.785,11.377,1.023,0,0,0,0,1,76.75,1771.607
07.04.2026 07:00:00,2003.501,1688.749,1768.89,2517.402,1.255,2.786,11.278,4.887,0,0,0,0,1,131.75,1820.499
07.04.2026 07:15:00,2003.499,1570.302,1765.05,2513.245,1.234,2.784,11.209,11.488,0,0,0,0,1,169.5,1739.852
07.04.2026 07:30:00,2003.505,1547.396,1782.371,2514.732,1.213,2.783,11.057,17.203,0,0,0,0,1,186.786,1734.249
07.04.2026 07:45:00,2003.629,1539.251,1880.833,2514.979,1.192,2.781,11.213,21.929,0,0,0,0,1,202.44,1741.751
07.04.2026 08:00:00,2003.692,1617.249,1984.186,2514.555,1.17,2.781,11.192,25.219,0,0,0,0,1,278.25,1895.499
07.04.2026 08:15:00,2003.619,1647.671,1975.538,2332.301,1.163,2.767,11.177,29.098,0,0,0,0,1,311.971,1959.621
07.04.2026 08:30:00,2003.548,1442.624,1853.704,2330.189,1.156,2.747,11.248,31.837,0,0,0,0,1,376,1818.624
07.04.2026 08:45:00,2003.54,1564.622,1720.057,2326.912,1.149,2.728,11.446,34.983,0,0,0,0,1,437,2001.624
07.04.2026 09:00:00,2003.544,1378.384,1537.935,2324.362,1.142,2.707,11.485,37.607,0,0,0,0,1,471.25,1849.526
07.04.2026 09:15:00,2003.503,1446.81,1453.666,2322.358,1.135,2.685,11.834,583.32,0,0,0,0,1,505.329,1952.123
07.04.2026 09:30:00,2003.634,1357.186,1510.382,2322.75,1.129,2.661,16.785,656.963,0,0,0,0,1,549.249,1906.475
07.04.2026 09:45:00,2003.595,1340.171,1385.538,2322.291,1.122,2.637,21.27,709.433,0,0,0,0,1,582.251,1922.564
07.04.2026 10:00:00,2003.557,1232.866,1383.467,1794.854,1.119,2.607,23.979,749.931,0,0,0,1,0,610.258,1843.221
07.04.2026 10:15:00,2003.749,1254.029,1414.803,1227.99,1.154,2.633,26.486,740.38,0,0,0,1,0,604.959,1858.623
07.04.2026 10:30:00,2003.501,1310.625,1288.32,1206.082,1.214,2.611,27.813,802.035,0,0,0,1,0,628.749,1939.374
07.04.2026 10:45:00,2003.529,1301.153,1228.012,983.639,1.281,2.595,29.331,874.155,0,0,0,1,0,565.12,1866.249
07.04.2026 11:00:00,2003.502,1590.304,1111.869,950.469,1.349,2.676,30.245,879.035,0,0,0,1,0,272.119,1862.376
07.04.2026 11:15:00,2003.52,1327.197,1273.864,1003.522,1.4,2.775,31.113,973.502,0,0,0,1,0,485.75,1812.985
07.04.2026 11:30:00,2003.541,1584.749,1181.944,1005.703,1.449,2.643,31.201,1016.212,0,0,0,1,0,323.5,1908.249
07.04.2026 11:45:00,2003.586,1739.123,1293.163,1072.315,1.5,2.786,32.248,1092.199,0,0,0,1,0,229.5,1968.624
07.04.2026 12:00:00,2003.512,1607.51,957.315,891.61,1.547,2.924,33.147,1252.01,0,0,0,1,0,225.75,1833.253
07.04.2026 12:15:00,2003.502,1450.865,680.826,575.053,1.606,2.958,33.999,1120.361,0,0,0,1,0,195.914,1646.499
07.04.2026 12:30:00,2003.502,1388.258,525.222,488.701,1.672,2.917,34.197,939.934,0,0,0,1,0,179.25,1567.545
07.04.2026 12:45:00,2003.51,1300.035,459.118,429.898,1.746,2.874,34.161,1240.992,0,0,0,1,0,185.5,1485.476
07.04.2026 13:00:00,2003.501,1349.874,523.639,429.819,1.823,2.845,34.05,1330.517,0,0,0,1,0,179.25,1529.124
07.04.2026 13:15:00,2003.501,1514.851,581.492,407.019,1.898,2.868,34.418,1236.243,0,0,0,1,0,180.499,1695.126
07.04.2026 13:30:00,2003.549,1429.499,601.129,399.306,1.968,2.898,34.719,993.992,0,0,0,1,0,156.25,1585.749
07.04.2026 13:45:00,2003.506,1375.9,564.069,386.362,2.036,2.91,34.286,962.672,0,0,0,1,0,122,1497.972
07.04.2026 14:00:00,2003.501,1332.043,627.542,491.371,2.101,2.92,34.028,1136.123,0,0,0,1,0,92.773,1424.874
07.04.2026 14:15:00,2003.501,1359.624,694.305,496.013,2.166,2.931,34.022,1076.283,0,0,0,1,0,74.25,1433.874
07.04.2026 14:30:00,2003.501,1322.999,753.71,453.186,2.225,2.947,33.081,1035.844,0,0,0,1,0,67,1389.999
07.04.2026 14:45:00,2003.499,1334.462,693.749,477.062,2.263,2.954,32.801,1026.273,0,0,0,1,0,46.203,1380.602
07.04.2026 15:00:00,2003.499,1211.615,722.673,486.746,2.279,2.955,32.291,1099.911,0,0,0,1,0,48.503,1259.943
07.04.2026 15:15:00,2003.501,1270.719,630.901,421.765,2.288,2.952,31.993,1191.899,0,0,0,1,0,57.361,1327.81
07.04.2026 15:30:00,2003.499,1341.334,672.408,441.162,2.291,2.957,31.41,1166.172,0,0,0,1,0,34.011,1375.037
07.04.2026 15:45:00,2003.499,1539.259,731.702,526.559,2.291,2.969,31.083,1018.12,0,0,0,1,0,25.5,1565.235
07.04.2026 16:00:00,2003.501,1603.07,763.066,1086.887,2.29,3.029,30.154,853.771,0,0,1,1,0,19.489,1622.576
07.04.2026 16:15:00,2003.501,1491.874,774.541,1276.484,2.276,2.992,29.16,775.255,0,0,1,0,0,13.25,1505.124
07.04.2026 16:30:00,2003.499,1589.729,759.793,1226.992,2.278,2.979,28.923,554.339,0,0,1,0,0,7.25,1596.994
07.04.2026 16:45:00,2003.499,1616.564,850.792,1305.728,2.276,2.991,28.316,448.3,0,0,1,0,0,6,1622.247
07.04.2026 17:00:00,2003.501,1541.486,868.837,1355.67,2.271,3,27.542,400.497,0,0,1,0,0,6,1547.648
07.04.2026 17:15:00,2003.501,1609.371,987.401,1392.076,2.271,2.992,27.105,337.122,0,0,1,0,0,6,1615.374
07.04.2026 17:30:00,2003.499,1581.624,1163.934,1552.364,2.264,3.012,26.269,328.26,0,0,1,0,0,6,1587.624
07.04.2026 17:45:00,2003.499,1497.63,1234.955,1931.636,2.251,3.026,25.652,292.407,0,0,0,1,0,5.999,1503.624
07.04.2026 18:00:00,2003.499,1656.999,1300.18,2622.823,2.228,2.984,25.127,324.592,0,0,0,1,0,6,1662.999
07.04.2026 18:15:00,2003.512,1603.749,1388.894,2908.854,2.2,2.94,24.716,337.303,0,0,0,0,1,6,1609.749
07.04.2026 18:30:00,2003.501,1655.124,1356.647,2929.921,2.17,2.929,24.426,338.337,0,0,0,0,1,6,1661.124
07.04.2026 18:45:00,2003.501,1622.345,1451.125,2803.261,2.145,2.906,23.953,278.515,0,0,0,0,1,4.75,1627.647
07.04.2026 19:00:00,2003.499,1660.374,1536.382,2651.418,2.131,2.854,23.287,211.884,0,0,0,0,1,6,1666.374
07.04.2026 19:15:00,2003.501,1724.499,1491.514,2560.808,2.128,2.796,22.887,98.887,0,0,0,0,1,6,1730.499
07.04.2026 19:30:00,2003.501,1754.506,1574.052,2532.783,2.129,2.705,22.267,50.463,0,0,0,0,1,5.918,1760.532
07.04.2026 19:45:00,2003.499,1742.876,1658.87,2526.51,2.131,2.653,21.451,14.232,0,0,0,0,1,6,1748.876
07.04.2026 20:00:00,2003.523,1777.702,1756.033,2598.73,2.131,2.675,20.485,7.501,0,0,0,0,1,6,1783.612
07.04.2026 20:15:00,2003.501,1730.121,1737.397,2635.33,2.127,2.714,19.719,2.338,0,0,0,0,1,6,1736.124
07.04.2026 20:30:00,2003.509,1771.839,1666.155,2640.646,2.121,2.765,19.218,0.45,0,0,0,0,1,6,1777.392
07.04.2026 20:45:00,2003.499,1724.52,1706.752,2641.345,2.115,2.802,18.776,0.439,0,0,0,0,1,5.995,1730.499
07.04.2026 21:00:00,2003.499,1612.834,1609.14,2638.443,2.11,2.818,18.42,0.454,0,0,0,0,1,6,1618.773
07.04.2026 21:15:00,2003.503,1861.499,1854.499,2874.897,2.09,2.861,17.939,0.461,0,0,0,0,1,4.75,1866.249
07.04.2026 21:30:00,2003.499,1815.749,1754.877,2893.721,2.068,2.849,17.651,0.45,0,0,0,0,1,4.75,1820.499
07.04.2026 21:45:00,2003.499,1773.008,1613.938,2895.773,2.045,2.834,17.394,0.45,0,0,0,0,1,4.747,1777.908
07.04.2026 22:00:00,2003.501,1680.346,1575.479,2890.077,2.022,2.816,17.135,0.45,0,0,0,0,1,4.75,1685.273
07.04.2026 22:15:00,2003.497,1665.376,1608.344,2875.934,1.999,2.8,17.021,0.459,0,0,0,0,1,4.75,1670.126
07.04.2026 22:30:00,2003.501,1628.554,1557.658,2868.419,1.977,2.787,16.742,0.48,0,0,0,0,1,4.75,1633.102
07.04.2026 22:45:00,2003.501,1588.363,1697.4,2869.848,1.956,2.768,16.429,0.45,0,0,0,0,1,4.75,1593.202
07.04.2026 23:00:00,2003.499,1658.262,1621.278,2872.456,1.934,2.762,16.275,0.45,0,0,0,0,1,4.746,1662.999
07.04.2026 23:15:00,2003.501,1712.999,1662.876,2875.341,1.912,2.765,16.053,0.45,0,0,0,0,1,4.75,1717.749
07.04.2026 23:30:00,2003.564,1663.5,1578.146,2862.134,1.889,2.773,15.762,0.474,0,0,0,0,1,4.75,1668.249
07.04.2026 23:45:00,2003.499,1562.975,1416.16,2859.453,1.867,2.786,15.806,0.45,0,0,0,0,1,4.75,1567.743
08.04.2026 00:00:00,2003.503,1584.749,1493.068,2867.637,1.846,2.802,15.607,0.449,0,0,0,0,1,4.75,1589.499
08.04.2026 00:15:00,2304.259,1758.014,1453.45,2875.349,1.824,2.799,15.436,0.45,0,0,0,0,1,4.75,1762.684
08.04.2026 00:30:00,2304.021,1838.881,1757.002,2874.024,1.801,2.792,15.322,0.45,0,0,0,0,1,4.75,1843.275
08.04.2026 00:45:00,2304.041,1859.624,1620.322,2863.382,1.779,2.785,15.279,0.446,0,0,0,0,1,4.75,1864.374
08.04.2026 01:00:00,2304.292,1765.619,1457.49,2858.457,1.757,2.779,15.262,0.418,0,0,0,0,1,4.75,1770.323
08.04.2026 01:15:00,2304.366,1654.499,1312.313,2859.602,1.736,2.779,15.051,0.448,0,0,0,0,1,4.75,1659.249
08.04.2026 01:30:00,2304.007,1531.845,1201.496,2874.826,1.714,2.783,15.03,0.409,0,0,0,0,1,4.749,1536.614
08.04.2026 01:45:00,2304.186,1723.952,1807.965,2880.092,1.692,2.79,14.83,0.45,0,0,0,0,1,4.734,1728.624
08.04.2026 02:00:00,2304.166,1782.586,1630.831,2878.64,1.669,2.796,14.794,0.45,0,0,0,0,1,4.74,1787.439
08.04.2026 02:15:00,2304.238,1778.94,1481.561,2876.507,1.647,2.797,14.484,0.45,0,0,0,0,1,4.75,1783.733
08.04.2026 02:30:00,2304.065,1623.213,1302.401,2873.056,1.625,2.81,14.42,0.45,0,0,0,0,1,4.75,1627.589
08.04.2026 02:45:00,2304.054,1513.499,1267.086,2869.168,1.603,2.799,14.369,0.441,0,0,0,0,1,4.75,1518.249
08.04.2026 03:00:00,2304.087,1354.126,1226.492,2869.381,1.581,2.785,14.239,0.45,0,0,0,0,1,4.749,1358.785
08.04.2026 03:15:00,2304.002,1383.398,1230.359,2868.784,1.559,2.777,14.112,0.45,0,0,0,0,1,4.75,1388.132
08.04.2026 03:30:00,2303.943,1443.749,1312.284,2862.206,1.536,2.777,14.073,0.45,0,0,0,0,1,4.75,1448.499
08.04.2026 03:45:00,2304.124,1834.252,1946.401,2859.051,1.514,2.779,14.098,0.45,0,0,0,0,1,4.75,1838.794
08.04.2026 04:00:00,2304.184,1951.126,1787.699,2860.393,1.493,2.785,13.775,0.451,0,0,0,0,1,4.75,1955.876
08.04.2026 04:15:00,2304.044,1796.135,1567.433,2860.031,1.471,2.789,13.626,0.445,0,0,0,0,1,5.997,1802.124
08.04.2026 04:30:00,2304.032,1714.874,1525.968,2858.953,1.449,2.791,13.609,0.45,0,0,0,0,1,4.75,1719.624
08.04.2026 04:45:00,2304.283,1663.499,1370.805,2854.367,1.426,2.792,13.318,0.42,0,0,0,0,1,4.75,1667.945
08.04.2026 05:00:00,2304.094,1559.06,1380.402,2848.275,1.404,2.789,13.192,0.45,0,0,0,0,1,4.75,1563.946
08.04.2026 05:15:00,2304.149,1496.983,1335.049,2846.1,1.382,2.786,13.34,0.45,0,0,0,0,1,4.75,1501.745
08.04.2026 05:30:00,2304.191,1460.281,1368.519,2842.946,1.36,2.785,13.3,0.45,0,0,0,0,1,4.75,1465.287
08.04.2026 05:45:00,2304.167,1610.474,1460.047,2835.831,1.337,2.786,12.964,0.467,0,0,0,0,1,4.75,1615.332
08.04.2026 06:00:00,2304.225,1672.876,1625.191,2831.96,1.316,2.785,12.866,0.45,0,0,0,0,1,4.75,1677.626
08.04.2026 06:15:00,2304.112,1714.874,1708.947,2831.421,1.294,2.786,12.823,0.449,0,0,0,0,1,4.75,1719.624
08.04.2026 06:30:00,2304.303,1753.863,1610.945,2834.69,1.272,2.787,12.797,0.451,0,0,0,0,1,4.745,1758.174
08.04.2026 06:45:00,2304.057,1767.862,1727.111,2826.847,1.249,2.79,12.79,1.899,0,0,0,0,1,4.75,1772.632
08.04.2026 07:00:00,2304.043,1815.751,1861.713,2822.874,1.228,2.787,12.51,6.423,0,0,0,0,1,4.75,1820.501
08.04.2026 07:15:00,2304.355,1735.152,1724.919,2824.711,1.206,2.786,12.309,11.829,0,0,0,0,1,4.743,1739.874
08.04.2026 07:30:00,2304.124,1729.499,1745.962,2825.481,1.184,2.786,12.611,17.501,0,0,0,0,1,4.75,1734.249
08.04.2026 07:45:00,2304.137,1735.749,1795.047,2825.707,1.162,2.787,12.516,21.761,0,0,0,0,1,6,1741.749
08.04.2026 08:00:00,2304.3,1885.749,1815.946,2825.995,1.14,2.788,12.402,25.201,0,0,0,0,1,9.75,1895.499
08.04.2026 08:15:00,2304.086,1947.624,1814.251,2699.345,1.128,2.769,12.4,29.025,0,0,0,0,1,12,1959.624
08.04.2026 08:30:00,2304.341,1800.41,1749.966,2695.009,1.116,2.761,12.498,31.837,0,0,0,0,1,18.25,1818.734
08.04.2026 08:45:00,2304.066,1982.124,1757.074,2695.068,1.104,2.763,12.696,34.593,0,0,0,0,1,19.5,2001.624
08.04.2026 09:00:00,2304.301,1820.499,1621.01,2695.425,1.093,2.773,12.719,37.8,0,0,0,0,1,29.25,1849.749
08.04.2026 09:15:00,2304.137,1907.177,1373.55,2690.405,1.08,2.784,13.196,575.005,0,0,0,0,1,44.609,1952.124
08.04.2026 09:30:00,2304.294,1847.906,1430.709,2692.012,1.069,2.794,17.757,663.976,0,0,0,0,1,58.5,1906.385
08.04.2026 09:45:00,2304.116,1846.101,1405.148,2688.454,1.057,2.799,21.418,753.805,0,0,0,0,1,76.812,1922.87
08.04.2026 10:00:00,2304.185,1710.545,1388.793,2688.479,1.045,2.799,24.406,797.197,0,0,0,0,1,133,1843.082
08.04.2026 10:15:00,2304.18,1690.499,1242.458,1741.916,1.047,2.918,26.196,758.073,0,0,0,1,0,168.25,1858.749
08.04.2026 10:30:00,2304.315,1752.353,1124.064,920.609,1.1,2.884,28.451,768.236,0,0,0,1,0,187.097,1939.205
08.04.2026 10:45:00,2304.259,1663.749,1022.561,860.357,1.182,2.845,29.716,702.385,0,0,0,1,0,202.5,1866.249
08.04.2026 11:00:00,2304.152,1582.999,1046.25,886.632,1.267,2.822,30.891,625.831,0,0,0,1,0,279.5,1862.499
08.04.2026 11:15:00,2304.336,1500.607,1132.906,973.881,1.351,2.811,31.058,698.824,0,0,0,1,0,312.469,1812.999
08.04.2026 11:30:00,2304.572,1532.719,1015.232,869.719,1.433,2.799,32.191,1173.463,0,0,0,1,0,376,1908.745
08.04.2026 11:45:00,2304.456,1531.626,1235.025,993.046,1.51,2.793,33.13,1446.636,0,0,0,1,0,437,1968.626
08.04.2026 12:00:00,2304.256,1362.663,1102.24,928.243,1.582,2.798,33.57,1155.52,0,0,0,1,0,471.25,1833.837
08.04.2026 12:15:00,2304.173,1139.763,705.371,664.875,1.668,2.758,33.761,937.76,0,0,0,1,0,506.908,1646.498
08.04.2026 12:30:00,2304.14,1018.483,672.319,589.535,1.767,2.715,33.992,974.203,0,0,0,1,0,549.302,1567.65
08.04.2026 12:45:00,2304.121,904.516,568.953,430.517,1.859,2.862,34.309,1256.731,0,0,0,1,0,582.251,1486.943
08.04.2026 13:00:00,2304.366,918.627,493.526,396.025,1.945,2.919,34.739,1293.788,0,0,0,1,0,610.499,1529.126
08.04.2026 13:15:00,2304.41,1090.399,572.267,412.207,2.034,2.924,34.419,1161.181,0,0,0,1,0,605.21,1695.624
08.04.2026 13:30:00,2304.216,958.176,667.346,516.214,2.12,2.922,33.903,1006.023,0,0,0,1,0,627.501,1585.719
08.04.2026 13:45:00,2304.149,932.75,602.252,386.003,2.207,2.92,33.19,885.224,0,0,0,1,0,565.249,1497.999
08.04.2026 14:00:00,2304.061,1152.625,599.266,415.602,2.271,2.919,33.003,1202.425,0,0,0,1,0,272.25,1424.874
08.04.2026 14:15:00,2304.128,948.124,654.651,496.264,2.297,2.924,32.302,930.624,0,0,0,1,0,485.75,1433.874
08.04.2026 14:30:00,2304.197,1066.501,607.316,486.421,2.307,2.928,31.713,808.441,0,0,0,1,0,323.5,1390.124
08.04.2026 14:45:00,2304.277,1151.189,601.661,375.637,2.31,2.926,30.815,831.4,0,0,0,1,0,229.485,1380.624
08.04.2026 15:00:00,2304.072,1034.857,603.726,391.436,2.313,2.925,30.97,978.924,0,0,0,1,0,225.75,1260.96
08.04.2026 15:15:00,2304.123,1132.504,640.33,483.658,2.314,3.035,30.985,1148.785,0,0,0,1,0,196.263,1328.745
08.04.2026 15:30:00,2304.11,1196.124,686.93,455.715,2.315,3.078,30.733,1150.601,0,0,0,1,0,179.25,1375.374
08.04.2026 15:45:00,2304.313,1379.692,722.4,478.145,2.315,3.096,30.09,849.144,0,0,0,1,0,185.52,1565.59
08.04.2026 16:00:00,2304.116,1443.711,655.349,408.627,2.315,3.105,29.272,828.242,0,0,0,1,0,179.25,1622.927
08.04.2026 16:15:00,2304.207,1323.372,795.748,730.171,2.316,3.119,28.66,717.437,0,0,0,1,0,181.863,1505.124
08.04.2026 16:30:00,2304.093,1440.562,912.092,1940.361,2.287,3.024,28.018,609.244,0,0,0,1,0,156.25,1596.952
08.04.2026 16:45:00,2304.101,1500.68,926.396,2842.795,2.23,3,27.467,459.673,0,0,0,0,1,122,1622.793
08.04.2026 17:00:00,2304.002,1454.984,1067.417,2614.941,2.199,2.987,27.2,423.706,0,0,0,0,1,93.244,1548.136
08.04.2026 17:15:00,2304.019,1541.174,1139.272,2842.583,2.161,2.984,26.766,395.216,0,0,0,0,1,74.276,1615.418
08.04.2026 17:30:00,2304.003,1520.615,1216.039,2566.254,2.154,2.912,26.341,339.076,0,0,0,0,1,67.002,1587.624
08.04.2026 17:45:00,2304.047,1458.71,1102.476,2656.22,2.168,2.877,26.076,288.606,0,0,0,0,1,44.978,1503.624
08.04.2026 18:00:00,2304.066,1614.249,1225.632,2821.187,2.177,2.874,25.747,280.872,0,0,0,0,1,48.75,1662.999
08.04.2026 18:15:00,2304.002,1552.499,1355.869,2960.046,2.176,2.886,25.26,289.225,0,0,0,0,1,57.25,1609.749
08.04.2026 18:30:00,2304.005,1626.521,1437.368,3011.773,2.17,2.897,24.766,274.156,0,0,0,0,1,34.62,1661.124
08.04.2026 18:45:00,2304.104,1602.099,1401.164,3010.349,2.167,2.89,24.236,255.662,0,0,0,0,1,25.513,1627.951
08.04.2026 19:00:00,2303.947,1646.874,1415.378,3009.949,2.168,2.883,23.786,212.955,0,0,0,0,1,19.5,1666.374
08.04.2026 19:15:00,2304.008,1717.249,1484.694,3008.76,2.17,2.877,22.827,114.75,0,0,0,0,1,13.25,1730.499
08.04.2026 19:30:00,2304.211,1754.084,1598.569,3008.898,2.172,2.87,22.278,52.65,0,0,0,0,1,7.25,1761.534
08.04.2026 19:45:00,2304.046,1743.137,1630.307,3008.706,2.172,2.858,21.374,16.161,0,0,0,0,1,6,1749.06
08.04.2026 20:00:00,2304.115,1778.999,1721.087,3008.796,2.17,2.852,20.762,7.926,0,0,0,0,1,4.75,1783.749
08.04.2026 20:15:00,2304.062,1731.374,1753.84,3008.326,2.164,2.847,19.771,2.433,0,0,0,0,1,4.75,1736.124
08.04.2026 20:30:00,2304.017,1773.275,1672.486,3007.331,2.156,2.831,19.018,0.45,0,0,0,0,1,4.706,1778.102
08.04.2026 20:45:00,2304.127,1725.749,1740.362,3007.174,2.147,2.826,18.51,0.45,0,0,0,0,1,4.75,1730.499
08.04.2026 21:00:00,2304.059,1614.005,1717.156,3007.451,2.137,2.821,18.353,0.45,0,0,0,0,1,4.75,1618.976
08.04.2026 21:15:00,2304.125,1861.48,1855.724,3007.866,2.122,2.825,17.897,0.45,0,0,0,0,1,4.75,1866.245
08.04.2026 21:30:00,2304.021,1815.728,1712.288,3007.267,2.106,2.837,17.436,0.45,0,0,0,0,1,4.75,1820.495
08.04.2026 21:45:00,2304.035,1773.204,1715.155,3007.858,2.091,2.841,17.379,0.45,0,0,0,0,1,4.75,1777.766
08.04.2026 22:00:00,2304.086,1680.842,1642.748,3007.345,2.074,2.857,17.281,0.452,0,0,0,0,1,4.75,1685.526
08.04.2026 22:15:00,2304.009,1665.371,1647.988,3007.357,2.057,2.862,16.778,0.45,0,0,0,0,1,4.75,1670.013
08.04.2026 22:30:00,2304.161,1628.622,1465.469,3007.8,2.038,2.866,16.435,0.448,0,0,0,0,1,4.75,1633.374
08.04.2026 22:45:00,2304.157,1588.494,1683.845,3008.108,2.021,2.876,16.382,0.45,0,0,0,0,1,4.75,1593.248
08.04.2026 23:00:00,2304.149,1658.249,1559.559,3007.07,2.001,2.874,16.002,0.462,0,0,0,0,1,4.702,1662.999
08.04.2026 23:15:00,2304.282,1712.876,1611.681,3007.27,1.981,2.879,16,0.449,0,0,0,0,1,4.653,1717.715
08.04.2026 23:30:00,2304.012,1663.499,1486.973,3008.049,1.961,2.875,15.931,0.448,0,0,0,0,1,4.659,1668.249
08.04.2026 23:45:00,2304.075,1562.969,1368.378,3008.043,1.94,2.882,15.635,0.451,0,0,0,0,1,4.75,1567.741
09.04.2026 00:00:00,2304.005,1584.774,1489.816,3007.392,1.918,2.878,15.615,0.45,0,0,0,0,1,4.652,1589.499
09.04.2026 00:15:00,2704.498,1758.41,1430.559,3007.759,1.894,2.884,15.6,0.45,0,0,0,0,1,4.75,1763.323
09.04.2026 00:30:00,2704.446,1839.108,1730.292,3006.79,1.871,2.887,15.498,0.487,0,0,0,0,1,4.75,1843.898
09.04.2026 00:45:00,2704.498,1859.593,1734.121,3007.275,1.847,2.887,15.406,0.45,0,0,0,0,1,4.75,1864.364
09.04.2026 01:00:00,2704.498,1766.249,1506.523,3007.649,1.823,2.894,15.403,0.45,0,0,0,0,1,4.75,1770.83
09.04.2026 01:15:00,2704.498,1654.499,1348.184,3007.679,1.798,2.892,15.1,0.459,0,0,0,0,1,4.75,1659.249
09.04.2026 01:30:00,2704.48,1532.206,1207.249,3007.376,1.771,2.897,15.049,0.417,0,0,0,0,1,4.75,1536.916
09.04.2026 01:45:00,2704.4,1723.711,1766.362,3006.818,1.743,2.893,14.967,0.45,0,0,0,0,1,4.789,1728.613
09.04.2026 02:00:00,2704.502,1782.749,1662.376,3008.364,1.715,2.897,14.585,0.45,0,0,0,0,1,4.75,1787.499
09.04.2026 02:15:00,2704.498,1778.847,1486.434,3005.776,1.686,2.892,14.52,0.45,0,0,0,0,1,4.75,1783.697
09.04.2026 02:30:00,2704.498,1625.249,1345.308,3006.812,1.656,2.889,14.464,0.451,0,0,0,0,1,4.75,1629.999
09.04.2026 02:45:00,2704.498,1513.501,1183.872,3006.067,1.624,2.896,14.213,0.475,0,0,0,0,1,4.75,1518.251
09.04.2026 03:00:00,2704.498,1354.124,1146.73,3006.334,1.592,2.891,14.301,0.483,0,0,0,0,1,4.75,1358.874
09.04.2026 03:15:00,2704.498,1383.391,1149.349,3006.679,1.559,2.898,14.124,0.45,0,0,0,0,1,4.75,1388.13
09.04.2026 03:30:00,2704.498,1443.749,1269.96,2937.487,1.527,2.888,13.804,0.447,0,0,0,0,1,4.75,1448.499
09.04.2026 03:45:00,2704.497,1835.358,1894.304,2833.847,1.503,2.866,13.842,0.292,0,0,0,0,1,4.75,1839.781
09.04.2026 04:00:00,2704.498,1951.124,1756.736,2791.423,1.485,2.847,13.807,0.45,0,0,0,0,1,4.75,1955.874
09.04.2026 04:15:00,2704.433,1797.374,1670.484,2787.38,1.468,2.836,13.664,0.45,0,0,0,0,1,4.75,1802.124
09.04.2026 04:30:00,2704.498,1714.874,1483.772,2814.332,1.45,2.826,13.526,0.484,0,0,0,0,1,4.75,1719.624
09.04.2026 04:45:00,2704.498,1663.485,1464.413,2831.638,1.429,2.822,13.312,0.442,0,0,0,0,1,4.802,1668.249
09.04.2026 05:00:00,2704.498,1559.249,1379.852,2845.938,1.407,2.831,13.006,0.449,0,0,0,0,1,4.75,1563.999
09.04.2026 05:15:00,2704.502,1497.004,1323.295,2856.114,1.384,2.829,13,0.501,0,0,0,0,1,4.748,1501.749
09.04.2026 05:30:00,2704.498,1460.666,1373.429,2856.093,1.361,2.829,12.965,0.428,0,0,0,0,1,4.75,1465.631
09.04.2026 05:45:00,2704.502,1612.525,1427.868,2839.899,1.337,2.832,12.83,0.484,0,0,0,0,1,4.75,1617.111
09.04.2026 06:00:00,2704.498,1672.911,1504.204,2828.05,1.315,2.822,12.708,0.441,0,0,0,0,1,4.75,1677.635
09.04.2026 06:15:00,2704.498,1714.874,1510.252,2823.489,1.294,2.808,12.531,0.453,0,0,0,0,1,4.75,1719.624
09.04.2026 06:30:00,2704.491,1752.309,1577.9,2824.327,1.272,2.791,12.472,0.45,0,0,0,0,1,4.75,1756.892
09.04.2026 06:45:00,2704.498,1767.962,1818.959,2812.456,1.249,2.773,12.36,2.072,0,0,0,0,1,4.75,1772.829
09.04.2026 07:00:00,2704.486,1815.753,1879.962,2810.399,1.228,2.762,12.207,6.033,0,0,0,0,1,4.75,1820.501
09.04.2026 07:15:00,2704.498,1735.124,1861.26,3003.188,1.23,2.761,12.178,12.956,0,0,0,0,1,4.75,1739.874
09.04.2026 07:30:00,2704.498,1729.499,1752.861,3004.634,1.236,2.789,12.198,18.675,0,0,0,0,1,4.75,1734.184
09.04.2026 07:45:00,2704.498,1736.999,1734.78,3004.654,1.241,2.812,12.365,24.69,0,0,0,0,1,4.75,1741.749
09.04.2026 08:00:00,2704.498,1890.69,1838.483,3005.513,1.244,2.83,12.456,28.463,0,0,0,0,1,4.75,1895.481
09.04.2026 08:15:00,2704.498,1954.874,1854.323,3004.538,1.248,2.826,12.508,32.398,0,0,0,0,1,4.75,1959.624
09.04.2026 08:30:00,2704.498,1814.236,1797.14,3005.127,1.251,2.785,12.564,36.787,0,0,0,0,1,4.724,1818.712
09.04.2026 08:45:00,2704.498,1996.809,1738.944,3004.294,1.254,2.722,12.807,41.737,0,0,0,0,1,4.75,2001.602
09.04.2026 09:00:00,2704.498,1846.857,1737.569,3004.987,1.256,2.672,12.955,47.801,0,0,0,0,1,4.75,1851.62
09.04.2026 09:15:00,2704.477,1947.383,1612.963,3004.358,1.259,2.666,13.394,526.02,0,0,0,0,1,4.747,1951.963
09.04.2026 09:30:00,2704.498,1902.365,1358.505,2350.787,1.266,2.787,17.761,660.939,0,0,1,0,0,4.75,1906.978
09.04.2026 09:45:00,2704.498,1918.124,1375.655,2276.493,1.284,2.958,21.291,725.122,0,0,1,0,0,4.75,1922.874
09.04.2026 10:00:00,2704.498,1839.223,1228.092,2210.557,1.306,2.971,23.311,791.662,0,0,1,0,0,4.75,1843.464
09.04.2026 10:15:00,2704.502,1852.124,1205.484,2316.456,1.332,2.971,25.104,736.138,0,0,1,0,0,4.75,1856.874
09.04.2026 10:30:00,2704.475,1934.624,1321.423,2132.584,1.367,2.956,26.675,736.823,0,0,1,0,0,4.75,1939.347
09.04.2026 10:45:00,2704.498,1861.499,1185.88,2090.537,1.395,2.957,27.324,887.797,0,0,1,0,0,4.75,1866.249
09.04.2026 11:00:00,2704.498,1857.749,1183.354,2070.212,1.435,2.939,28.524,1071.261,0,0,1,0,0,4.75,1862.499
09.04.2026 11:15:00,2704.498,1808.251,1105.064,2148.388,1.465,2.947,29.962,937.091,0,0,1,0,0,4.75,1813.059
09.04.2026 11:30:00,2704.498,1904.346,1061.577,1962.34,1.503,2.934,30.652,802.58,0,0,1,0,0,4.75,1908.629
09.04.2026 11:45:00,1002.25,1963.874,1329.886,694.115,1.59,2.83,31.479,839.59,0,0,1,0,0,4.75,1968.624
09.04.2026 12:00:00,1002.25,1828.499,1059.428,361.339,1.722,2.794,32.799,915.299,0,0,1,0,0,4.75,1833.249
09.04.2026 12:15:00,1002.25,1640.997,672.227,276.951,1.854,2.844,33.386,1023.627,0,0,1,0,0,4.637,1645.727
09.04.2026 12:30:00,1002.25,1561.17,547.757,278.881,1.987,2.863,33.425,1077.414,0,0,1,0,0,4.75,1566.108
09.04.2026 12:45:00,1002.137,1482.398,575.197,278.259,2.117,2.872,33.123,1174.362,0,0,1,0,0,4.758,1487.126
09.04.2026 13:00:00,1002.249,1524.374,557.237,278.285,2.244,2.876,33.69,1306.31,0,0,1,0,0,4.655,1529.124
09.04.2026 13:15:00,803.247,1689.383,575.862,277.953,2.293,2.885,33.997,1243.911,0,0,1,0,0,4.749,1694.126
09.04.2026 13:30:00,803.243,1580.852,671.442,278.035,2.298,2.882,33.998,961.008,0,0,1,0,0,4.742,1585.749
09.04.2026 13:45:00,803.244,1491.864,668.612,278.342,2.295,2.88,34.376,997.188,0,0,1,0,0,4.75,1496.732
09.04.2026 14:00:00,803.249,1420.213,658.211,277.403,2.294,2.88,34.345,1380.135,0,0,1,0,0,4.75,1424.898
09.04.2026 14:15:00,803.236,1428.52,740.968,198.415,2.297,3,33.92,952.739,0,0,1,0,0,4.75,1433.056
09.04.2026 14:30:00,803.249,1385.249,693.179,276.556,2.295,3.093,33.299,1053.214,0,0,1,0,0,4.75,1389.964
09.04.2026 14:45:00,803.249,1375.766,666.061,277.398,2.295,3.114,32.237,1036.046,0,0,1,0,0,4.749,1380.594
09.04.2026 15:00:00,803.216,1255.249,736.287,354.689,2.293,3.131,31.979,1092.406,0,0,1,0,0,4.75,1259.874
09.04.2026 15:15:00,803.249,1323.024,725.336,277.738,2.296,3.127,31.355,1191.98,0,0,1,0,0,4.75,1327.727
09.04.2026 15:30:00,803.249,1370.624,606.386,276.891,2.3,3.129,30.815,1166.42,0,0,1,0,0,4.746,1375.365
09.04.2026 15:45:00,803.249,1559.249,785.544,276.94,2.301,3.131,30.019,929.022,0,0,1,0,0,4.75,1563.999
09.04.2026 16:00:00,803.249,1617.749,722.342,276.913,2.303,3.134,29.148,889.943,0,0,1,0,0,4.75,1622.499
09.04.2026 16:15:00,1002.249,1501.98,836.984,406.867,2.3,3.147,29.016,888.987,0,0,1,0,0,4.75,1506.851
09.04.2026 16:30:00,1002.249,1592.249,823.937,351.878,2.303,3.147,28.32,665.95,0,0,1,0,0,4.75,1596.999
09.04.2026 16:45:00,1002.25,1617.749,1534.972,546.335,2.303,3.152,27.851,116.896,0,0,1,0,0,4.75,1622.499
09.04.2026 17:00:00,1002.261,1542.751,1418.719,807.206,2.287,3.174,26.735,132.754,0,0,1,0,0,4.75,1547.501
09.04.2026 17:15:00,1002.249,1610.617,1046.244,496.803,2.291,3.163,26.147,459.016,0,0,1,0,0,4.749,1615.374
09.04.2026 17:30:00,1002.248,1582.869,1344.744,914.016,2.289,3.171,25.558,113.625,0,0,1,0,0,4.75,1587.614
09.04.2026 17:45:00,2704.498,1498.874,1408.064,1439.412,2.273,3.183,24.801,110.923,0,0,1,0,0,4.75,1503.624
09.04.2026 18:00:00,2704.392,1658.249,1311.533,2473.376,2.224,3.171,24.706,355.355,0,0,1,0,0,4.75,1662.999
09.04.2026 18:15:00,2704.456,1605.001,1300.411,2479.427,2.201,3.109,24.379,433.548,0,0,1,0,0,4.75,1609.758
09.04.2026 18:30:00,2704.498,1658.251,1492.719,2681.305,2.202,3.034,24.383,79.663,0,0,1,0,0,4.75,1663.001
09.04.2026 18:45:00,2704.498,1623.374,1611.855,2795.294,2.195,2.997,23.893,62.816,0,0,1,0,0,4.75,1628.086
09.04.2026 19:00:00,2704.498,1661.624,1620.775,2765.078,2.189,2.972,22.863,58.947,0,0,1,0,0,4.75,1666.374
09.04.2026 19:15:00,2704.498,1723.874,1472.369,2605.01,2.19,2.946,22.129,114.777,0,0,1,0,0,4.75,1728.624
09.04.2026 19:30:00,2704.494,1754.805,1505.535,2596.285,2.195,2.928,21.975,59.786,0,0,1,0,0,4.75,1759.612
09.04.2026 19:45:00,2704.497,1744.79,1575.174,2646.325,2.201,2.922,21.432,21.067,0,0,1,0,0,4.75,1749.535
09.04.2026 20:00:00,2704.498,1778.999,1600.974,2660.529,2.204,2.913,20.814,7.508,0,0,1,0,0,4.75,1783.749
09.04.2026 20:15:00,2704.498,1731.374,1658.189,2773.618,2.199,2.928,20.212,1.063,0,0,1,0,0,4.75,1736.124
09.04.2026 20:30:00,2704.498,1773.365,1613.084,2667.549,2.195,2.926,19.969,0.491,0,0,1,0,0,4.75,1778.124
09.04.2026 20:45:00,2704.498,1725.749,1613.7,2712.002,2.192,2.925,19.657,0.451,0,0,1,0,0,4.75,1730.499
09.04.2026 21:00:00,2704.498,1614.437,1453.653,2677.809,2.184,2.926,19.659,0.452,0,0,1,0,0,4.75,1619.663
09.04.2026 21:15:00,2704.498,1863.374,1723.166,2703.158,2.182,2.928,19.055,0.49,0,0,1,0,0,4.75,1868.124
09.04.2026 21:30:00,2704.48,1815.839,1650.633,2659.618,2.172,2.929,19.101,0.593,0,0,1,0,0,4.75,1820.523
09.04.2026 21:45:00,2704.502,1771.329,1578.257,2636.129,2.164,2.938,19.002,0.487,0,0,1,0,0,4.75,1776.202
09.04.2026 22:00:00,2704.498,1679.12,1511.025,2641.381,2.156,2.935,18.857,0.482,0,0,1,0,0,4.75,1683.995
09.04.2026 22:15:00,2704.496,1665.376,1478.685,2641.871,2.153,2.949,18.411,0.548,0,0,1,0,0,4.75,1670.142
09.04.2026 22:30:00,2704.498,1628.559,1476.044,2758.436,2.16,2.947,18.102,0.53,0,0,0,1,0,4.75,1633.352
09.04.2026 22:45:00,2704.562,1588.499,1667.598,3013.231,2.151,2.977,17.975,0.492,0,0,0,0,1,4.75,1593.249
09.04.2026 23:00:00,2704.498,1658.249,1608.986,3013.259,2.147,2.992,17.843,0.526,0,0,0,0,1,4.749,1662.999
09.04.2026 23:15:00,2704.505,1712.999,1670.212,3013.635,2.15,2.971,17.512,0.461,0,0,0,0,1,4.75,1717.749
09.04.2026 23:30:00,2704.446,1663.491,1566.98,3012.768,2.159,2.958,17.188,0.582,0,0,0,0,1,4.75,1668.251
09.04.2026 23:45:00,2704.498,1562.999,1378.682,3011.772,2.171,2.949,17.061,0.511,0,0,0,0,1,4.75,1567.749
10.04.2026 00:00:00,2704.498,1584.725,1585.477,3011.384,2.184,2.935,17.076,0.507,0,0,0,0,1,4.757,1589.499
10.04.2026 00:15:00,2804.105,1530.018,1498.684,3011.675,2.195,2.916,16.901,0.472,0,0,0,0,1,4.75,1534.755
10.04.2026 00:30:00,2804.235,1725.749,1787.102,3011.986,2.205,2.9,16.798,0.46,0,0,0,0,1,4.75,1730.499
10.04.2026 00:45:00,2804.487,1729.499,1653.838,3012.054,2.211,2.899,16.7,0.465,0,0,0,0,1,4.75,1734.249
10.04.2026 01:00:00,2804.119,1580.999,1413.423,3011.429,2.215,2.883,16.436,0.557,0,0,0,0,1,4.75,1585.749
10.04.2026 01:15:00,2804.305,1462.922,1225.989,3011.281,2.215,2.872,16.282,0.461,0,0,0,0,1,4.75,1467.773
10.04.2026 01:30:00,2804.28,1379.368,1203.703,3011.58,2.216,2.868,16.151,0.517,0,0,0,0,1,4.75,1384.302
10.04.2026 01:45:00,2804.444,1675.243,1735.123,3011.428,2.216,2.879,15.993,0.696,0,0,0,0,1,4.75,1679.691
10.04.2026 02:00:00,2804.049,1727.624,1665.703,3011.341,2.215,2.881,15.74,0.471,0,0,0,0,1,4.75,1732.374
10.04.2026 02:15:00,2804.416,1718.624,1441.359,3010.713,2.214,2.883,15.625,0.568,0,0,0,0,1,4.75,1723.374
10.04.2026 02:30:00,2804.303,1414.499,1279.25,3010.349,2.213,2.884,15.577,0.559,0,0,0,0,1,4.75,1419.249
10.04.2026 02:45:00,2804.303,1423.499,1143.352,3010.923,2.211,2.886,15.354,0.637,0,0,0,0,1,4.75,1428.249
10.04.2026 03:00:00,2804.196,1207.499,1118.969,3010.273,2.209,2.886,15.375,0.489,0,0,0,0,1,4.75,1212.211
10.04.2026 03:15:00,2804.169,1337.624,1255.018,3010.549,2.208,2.896,15.017,0.45,0,0,0,0,1,4.75,1342.374
10.04.2026 03:30:00,2804.358,1271.624,1289.745,3010.717,2.206,2.887,14.818,0.499,0,0,0,0,1,4.75,1276.374
10.04.2026 03:45:00,2804.442,1806.418,1935.367,3010.449,2.205,2.883,14.43,0.541,0,0,0,0,1,4.75,1811.154
10.04.2026 04:00:00,2804.44,1914.326,1748.221,3010.547,2.204,2.882,14.472,0.507,0,0,0,0,1,4.75,1919.09
10.04.2026 04:15:00,2804.262,1826.657,1627.175,3010.648,2.203,2.88,14.295,0.451,0,0,0,0,1,4.75,1831.588
10.04.2026 04:30:00,2804.122,1606.883,1439.495,3009.981,2.202,2.878,13.932,0.496,0,0,0,0,1,4.75,1611.627
10.04.2026 04:45:00,2804.432,1451.251,1388.465,3009.865,2.199,2.885,13.766,0.616,0,0,0,0,1,4.75,1456.001
10.04.2026 05:00:00,2804.207,1401.749,1236.773,3009.898,2.198,2.879,13.625,0.601,0,0,0,0,1,4.75,1406.498
10.04.2026 05:15:00,2804.191,1374.1,1219.77,3011.383,2.196,2.873,13.53,0.54,0,0,0,0,1,4.75,1378.757
10.04.2026 05:30:00,2804.056,1439.997,1291.839,3009.742,2.195,2.868,13.582,0.51,0,0,0,0,1,4.75,1444.749
10.04.2026 05:45:00,2804.203,1464.676,1447.084,3010.317,2.193,2.866,13.451,0.512,0,0,0,0,1,4.75,1469.324
10.04.2026 06:00:00,2804.255,1618.665,1529.419,3010.54,2.19,2.863,13.364,0.496,0,0,0,0,1,4.75,1623.931
10.04.2026 06:15:00,2804.429,1652.624,1548.032,3010.556,2.187,2.861,13.404,0.492,0,0,0,0,1,4.75,1657.374
10.04.2026 06:30:00,2804.279,1698.357,1728.411,3009.3,2.184,2.858,13.276,0.518,0,0,0,0,1,4.75,1703.119
10.04.2026 06:45:00,2804.222,1754.799,1632.576,3010.011,2.181,2.856,13.299,4.375,0,0,0,0,1,4.75,1759.64
10.04.2026 07:00:00,2804.415,1810.128,1615.302,3010.33,2.177,2.853,13.512,9.337,0,0,0,0,1,4.75,1814.689
10.04.2026 07:15:00,2804.38,1725.749,1574.193,3010.66,2.173,2.863,13.499,7.554,0,0,0,0,1,4.75,1730.499
10.04.2026 07:30:00,2804.039,1784.624,1696.893,3010.594,2.168,2.855,13.567,9.284,0,0,0,0,1,4.75,1789.372
10.04.2026 07:45:00,2804.46,1751.063,1761.197,3009.385,2.164,2.849,13.715,11.006,0,0,0,0,1,4.75,1755.285
10.04.2026 08:00:00,2804.319,1863.374,1956.548,3009.577,2.159,2.845,13.757,14.752,0,0,0,0,1,4.75,1868.124
10.04.2026 08:15:00,2804.295,1852.124,1765.835,2822.128,2.154,2.839,14.059,37.35,0,0,1,0,0,8.5,1860.624
10.04.2026 08:30:00,2804.479,1977.273,1813.746,2782.68,2.187,2.785,14.276,63.515,0,0,1,0,0,28.029,2005.374
10.04.2026 08:45:00,2804.217,1709.124,1700.538,2922.637,2.212,2.776,14.876,135.533,0,0,1,0,0,52.5,1761.624
10.04.2026 09:00:00,2804.409,1588.363,1567.736,2907.372,2.228,2.776,15.678,179.512,0,0,1,0,0,78.003,1666.374
10.04.2026 09:15:00,2804.241,1514.094,1672.815,3008.916,2.235,2.78,15.778,102.35,0,0,1,0,0,105,1619.074
10.04.2026 09:30:00,2804.399,1367.874,1886.265,3008.796,2.235,2.786,15.425,118.014,0,0,1,0,0,124.5,1492.324
10.04.2026 09:45:00,2804.039,1363.897,1873.015,3009.49,2.221,2.762,15.957,93.053,0,0,1,0,0,148.75,1512.624
10.04.2026 10:00:00,2804.469,1301.986,1839.022,3009.27,2.208,2.727,15.919,94.423,0,0,1,0,0,173.25,1475.177
10.04.2026 10:15:00,1202.72,1287.974,1911.851,1910.115,2.244,2.57,15.686,172.597,0,0,1,0,0,200.811,1489.244
10.04.2026 10:30:00,1202.622,1245.028,1845.423,1857.209,2.267,2.51,16.368,256.581,0,0,1,0,0,219.75,1464.999
10.04.2026 10:45:00,1202.579,1119.079,1377.954,1315.812,2.271,2.473,17.667,500.415,0,0,1,0,0,248.828,1367.873
10.04.2026 11:00:00,1202.519,1059.731,1089.795,1521.03,2.284,2.379,22.201,917.54,0,0,1,0,0,299,1358.874
10.04.2026 11:15:00,1202.501,1017.241,1449.798,1572.373,2.286,2.349,24.487,689.45,0,0,1,0,0,328.25,1345.658
10.04.2026 11:30:00,1202.496,1059.861,1812.134,2068.304,2.279,2.477,25.121,223.716,0,0,1,0,0,352.797,1412.75
10.04.2026 11:45:00,1202.592,1142.367,2030.049,2212.54,2.261,2.75,22.892,219.495,0,0,1,0,0,372.127,1514.495
10.04.2026 12:00:00,1202.647,1182.501,1725.613,1954.897,2.254,2.968,22.127,325.207,0,0,1,0,0,394.224,1576.725
10.04.2026 12:15:00,1202.658,832.279,1494.714,1966.224,2.256,2.953,22.493,295.348,0,0,1,0,0,422.092,1254.279
10.04.2026 12:30:00,1202.501,749.807,1438.635,2028.408,2.255,2.916,21.434,197.444,0,0,1,0,0,437,1187.472
10.04.2026 12:45:00,1002.277,669.624,1511.93,1960.146,2.259,2.85,20.959,196.133,0,0,1,0,0,445.5,1115.124
10.04.2026 13:00:00,902.282,653.965,1517.432,1878.601,2.261,2.829,20,156.097,0,0,1,0,0,453.94,1107.868
10.04.2026 13:15:00,902.251,602.912,1655.877,2117.079,2.26,2.809,19.386,132.813,0,0,1,0,0,448,1050.999
10.04.2026 13:30:00,902.251,588.249,1618.21,2056.2,2.255,2.818,18.549,163.541,0,0,1,0,0,459,1047.249
10.04.2026 13:45:00,902.251,600.124,1661.272,2077.876,2.256,2.828,18.093,162.291,0,0,1,0,0,456.5,1056.624
10.04.2026 14:00:00,902.33,618.196,1634.077,2042.517,2.25,2.832,17.925,104.208,0,0,1,0,0,464.195,1082.124
10.04.2026 14:15:00,902.251,668.487,1476.71,1833.565,2.255,2.798,17.868,235.054,0,0,1,0,0,439.5,1107.996
10.04.2026 14:30:00,902.239,710.927,1719.097,1966.61,2.244,3.034,18.184,74.137,0,0,1,0,0,446.75,1157.647
10.04.2026 14:45:00,902.251,690.874,1790.299,2152.369,2.229,3.082,17.605,48.273,0.2,0,1,0,0,440.743,1131.624
10.04.2026 15:00:00,902.187,695.373,1693.964,2012.026,2.226,2.966,16.376,80.879,0.4,0,1,0,0,417.812,1113.249
10.04.2026 15:15:00,902.241,641.493,1602.092,1959.495,2.243,2.877,16.697,172.276,0.6,0,1,0,0,415.095,1056.624
10.04.2026 15:30:00,902.249,668.499,1568.877,1954.718,2.256,2.82,16.976,116.491,0.6,0,1,0,0,402.75,1071.249
10.04.2026 15:45:00,902.343,671.412,1623.196,1983.649,2.265,2.741,17.03,74.138,0.6,0,1,0,0,375.853,1047.198
10.04.2026 16:00:00,902.265,724.107,1633.661,1989.881,2.265,2.724,17.029,71.088,0.6,0,1,0,0,352.75,1076.871
10.04.2026 16:15:00,1002.249,741.623,1681.013,2038.244,2.262,2.766,16.852,54.955,0.6,0,1,0,0,307.567,1049.124
10.04.2026 16:30:00,2904.657,819.999,1535.171,2943.147,2.235,2.881,16.802,84.134,0.6,0,1,0,0,288,1107.999
10.04.2026 16:45:00,2904.564,927.749,1654.643,3020.814,2.191,3,16.646,60.975,0.6,0,1,0,0,251.505,1179.249
10.04.2026 17:00:00,2904.571,942.146,1584.998,3019.057,2.156,3.014,16.388,162.365,0.6,0,1,0,0,233.328,1175.499
10.04.2026 17:15:00,2904.509,955.874,1651.673,3010.305,2.124,3.005,16.312,84.159,0.6,0,1,0,0,205,1160.874
10.04.2026 17:30:00,2904.386,1045.42,1739.811,3010.736,2.109,2.982,16,116.504,0.6,0,1,0,0,175.75,1221.249
10.04.2026 17:45:00,2904.599,1289.55,1823.835,3011.262,2.114,2.971,15.831,75.524,0.6,0,1,0,0,136.992,1426.374
10.04.2026 18:00:00,2904.369,1283.087,1740.171,3010.892,2.134,2.951,15.785,87.844,0.8,0,1,0,0,101.247,1384.461
10.04.2026 18:15:00,2904.439,1336.024,1779.165,3011.179,2.159,2.932,15.912,55.463,0.8,0,1,0,0,83.04,1419.249
10.04.2026 18:30:00,2904.391,1415.119,1762.362,3010.941,2.186,2.902,15.642,46.125,0.8,0,1,0,0,68.295,1483.317
10.04.2026 18:45:00,2904.386,1315.999,1764.782,3012.247,2.212,2.872,15.741,35.19,0.8,0,1,0,0,50,1365.999
10.04.2026 19:00:00,2904.466,1597.121,1692.583,3011.518,2.229,2.841,15.577,49.737,0.8,0,1,0,0,34.901,1631.499
10.04.2026 19:15:00,2904.457,1498.751,1746.432,3010.967,2.235,2.811,15.604,52.11,0.8,0,1,0,0,19.5,1518.251
10.04.2026 19:30:00,2904.433,1557.999,1683.201,3010.563,2.223,2.771,15.399,47.7,0.8,0,1,0,0,9.75,1567.749
10.04.2026 19:45:00,2904.371,1622.124,1689.455,3009.384,2.213,2.725,15.314,21.885,0.8,0,1,0,0,6,1628.124
10.04.2026 20:00:00,2904.311,1632.355,1765.764,3010.219,2.204,2.692,15.054,8.562,0.8,0,1,0,0,4.75,1637.025
10.04.2026 20:15:00,2904.431,1742.546,1760.783,3007.525,2.199,2.7,14.98,2.618,0.8,0,1,0,0,4.75,1747.132
10.04.2026 20:30:00,2904.691,1639.874,1777.125,3009.212,2.192,2.767,14.642,0.46,0.8,0,1,0,0,4.75,1644.624
10.04.2026 20:45:00,2904.494,1696.499,1717.495,3009.585,2.187,2.858,14.454,0.45,0.8,0,1,0,0,4.75,1701.249
10.04.2026 21:00:00,2904.481,1559.219,1637.621,3010.491,2.181,2.873,14.152,0.45,0.8,0,1,0,0,4.75,1563.999
10.04.2026 21:15:00,2904.471,1787.999,1873.04,3011.92,2.182,2.862,13.933,0.439,0.8,0,1,0,0,4.75,1792.749
10.04.2026 21:30:00,2904.558,1819.435,1807.988,3011.187,2.182,2.86,13.817,0.451,0.8,0,1,0,0,4.75,1824.32
10.04.2026 21:45:00,2904.419,1663.501,1753.215,3011.146,2.185,2.856,13.603,0.451,0.8,0,1,0,0,4.75,1668.251
10.04.2026 22:00:00,2904.578,1575.735,1718.346,3011.523,2.188,2.852,13.357,0.451,0.8,0,1,0,0,4.75,1580.496
10.04.2026 22:15:00,2904.571,1584.746,1662.421,3011.991,2.191,2.844,13.384,0.454,0.8,0,1,0,0,4.75,1589.362
10.04.2026 22:30:00,2904.399,1606.993,1708.641,3011.736,2.194,2.834,13.148,0.468,0.8,0,1,0,0,4.75,1611.827
10.04.2026 22:45:00,2904.452,1618.862,1739.688,3011.113,2.198,2.823,13.13,0.451,0.8,0,1,0,0,4.75,1623.591
10.04.2026 23:00:00,2904.349,1681.558,1669.77,3011.673,2.2,2.809,12.896,0.473,0.8,0,1,0,0,4.75,1685.942
10.04.2026 23:15:00,2904.531,1610.775,1769.474,3011.16,2.2,2.793,13,0.446,0.8,0,1,0,0,4.75,1615.654
10.04.2026 23:30:00,2904.44,1658.209,1654.784,3011.194,2.198,2.776,12.804,0.456,0.8,0,1,0,0,4.75,1662.988
10.04.2026 23:45:00,2904.343,1425.374,1519.011,3011.753,2.197,2.757,12.694,0.553,0.8,0,1,0,0,4.75,1430.124
11.04.2026 00:00:00,2904.216,1531.973,1670.9,3011.019,2.194,2.743,12.691,0.45,0.8,0,1,0,0,4.75,1536.881
11.04.2026 00:15:00,2904.748,1528.964,1633.931,3010.944,2.192,2.742,12.599,0.437,0,0,1,0,0,6,1535.109
11.04.2026 00:30:00,2904.746,1724.499,2016.007,3009.57,2.191,2.75,12.534,0.455,0,0,1,0,0,6,1730.499
11.04.2026 00:45:00,2904.748,1728.254,1887.639,3011.683,2.188,2.773,12.538,0.449,0,0,1,0,0,6,1734.361
11.04.2026 01:00:00,2904.748,1579.749,1620.021,3011.305,2.187,2.796,12.334,0.526,0,0,1,0,0,6,1585.749
11.04.2026 01:15:00,2904.748,1462.506,1475.227,3011.567,2.187,2.824,12.22,0.496,0,0,1,0,0,6,1468.665
11.04.2026 01:30:00,2904.748,1378.638,1337.314,2971.467,2.187,2.822,12.108,0.45,0,0,1,0,0,6,1384.539
11.04.2026 01:45:00,2904.748,1674.728,1868.325,3010.388,2.196,2.791,11.973,0.45,0,0,1,0,0,6,1680.562
11.04.2026 02:00:00,2904.748,1727.644,1783.481,3011.048,2.196,2.788,11.894,0.476,0,0,1,0,0,4.745,1732.376
11.04.2026 02:15:00,2904.748,1717.374,1663.185,3010.254,2.195,2.783,11.946,0.455,0,0,1,0,0,6,1723.374
11.04.2026 02:30:00,2904.748,1413.249,1483.951,3011.028,2.195,2.775,11.834,0.507,0,0,1,0,0,6,1419.249
11.04.2026 02:45:00,2904.748,1422.249,1335.795,2956.252,2.194,2.768,11.57,0.462,0,0,1,0,0,6,1428.249
11.04.2026 03:00:00,2904.729,1206.249,1273.852,3010.702,2.193,2.767,11.592,0.466,0,0,1,0,0,6,1212.249
11.04.2026 03:15:00,2904.748,1336.374,1339.511,3010.492,2.192,2.772,11.648,0.452,0,0,1,0,0,6,1342.374
11.04.2026 03:30:00,2904.748,1270.374,1411.469,3010.334,2.191,2.783,11.519,0.449,0,0,1,0,0,6,1276.374
11.04.2026 03:45:00,2904.74,1805.664,2012.455,3009.967,2.194,2.777,11.554,0.567,0,0,1,0,0,6,1811.634
11.04.2026 04:00:00,2904.748,1914.187,1804.114,2902.967,2.192,2.791,11.532,0.477,0,0,1,0,0,4.75,1919.124
11.04.2026 04:15:00,2904.636,1827.509,1625.094,2805.043,2.197,2.782,11.326,0.5,0,0,1,0,0,4.75,1832.768
11.04.2026 04:30:00,2904.74,1607.594,1473.169,2893.56,2.197,2.784,11.064,0.553,0,0,1,0,0,4.75,1612.911
11.04.2026 04:45:00,2904.748,1451.778,1347.69,2940.653,2.195,2.794,10.813,0.459,0,0,1,0,0,4.75,1456.254
11.04.2026 05:00:00,2904.748,1401.785,1313.285,2964.088,2.195,2.795,11.014,0.485,0,0,1,0,0,4.75,1406.499
11.04.2026 05:15:00,2904.739,1374.277,1359.503,3010.24,2.191,2.803,11.134,0.45,0,0,1,0,0,4.75,1378.881
11.04.2026 05:30:00,2904.672,1439.999,1327.182,2864.293,2.193,2.792,11.183,0.497,0,0,1,0,0,4.75,1444.749
11.04.2026 05:45:00,2904.741,1464.319,1379.44,2903.227,2.195,2.777,11.081,0.455,0,0,1,0,0,6,1470.29
11.04.2026 06:00:00,2904.665,1619.315,1462.34,2818.718,2.205,2.754,11.038,0.477,0,0,1,0,0,4.75,1624.297
11.04.2026 06:15:00,2904.742,1651.374,1435.395,2791.186,2.21,2.748,10.784,0.458,0,0,1,0,0,6,1657.374
11.04.2026 06:30:00,2904.748,1697.094,1445.512,2761.808,2.216,2.742,10.739,0.45,0,0,1,0,0,6,1703.116
11.04.2026 06:45:00,2904.745,1753.666,1551.571,2796.204,2.212,2.767,10.672,3.07,0,0,1,0,0,6,1759.609
11.04.2026 07:00:00,2904.675,1810.775,1472.652,2671.66,2.208,2.788,10.47,6.83,0,0,1,0,0,4.75,1815.3
11.04.2026 07:15:00,2904.748,1724.447,1452.213,2825.096,2.2,2.811,10.4,12.52,0,0,1,0,0,6.001,1730.501
11.04.2026 07:30:00,2904.748,1783.374,1373.495,2643.306,2.199,2.811,10.481,21.937,0,0,1,0,0,6,1789.374
11.04.2026 07:45:00,2904.748,1750.321,1457.552,2770.189,2.195,2.83,10.687,31.837,0,0,1,0,0,6,1756.372
11.04.2026 08:00:00,2904.734,1862.007,1577.541,2772.797,2.192,2.831,10.698,43.018,0,0,1,0,0,6,1868.091
11.04.2026 08:15:00,2904.748,1852.124,1429.046,2649.019,2.187,2.824,10.777,57.747,0,0,1,0,0,8.5,1860.624
11.04.2026 08:30:00,2904.623,1970.235,1423.196,2532.769,2.193,2.779,11.037,76.653,0,0,1,0,0,34.967,2005.374
11.04.2026 08:45:00,2904.748,1698.374,1359.19,2762.196,2.189,2.786,11.516,94.648,0,0,1,0,0,63.25,1761.623
11.04.2026 09:00:00,2904.748,1570.18,1317.863,2793.698,2.178,2.813,11.882,107.81,0,0,1,0,0,96.25,1666.404
11.04.2026 09:15:00,2904.748,1490.916,1310.341,2896.705,2.174,2.818,13.127,386.51,0,0,1,0,0,129.487,1620.507
11.04.2026 09:30:00,2904.748,1337.374,1182.832,2837.906,2.168,2.828,17.083,643.833,0,0,1,0,0,155,1492.374
11.04.2026 09:45:00,2904.748,1329.469,1202.782,2936.405,2.169,2.822,19.928,708.45,0,0,1,0,0,183.035,1512.624
11.04.2026 10:00:00,2904.734,1259.781,1128.456,2872.014,2.171,2.811,22.229,769.963,0,0,1,0,0,216,1475.874
11.04.2026 10:15:00,2904.744,1240.011,1019.186,2854.829,2.177,2.79,24.066,736.944,0,0,1,0,0,250.36,1490.498
11.04.2026 10:30:00,2904.748,1192.222,904.21,2790.471,2.19,2.75,25.826,732.908,0,0,1,0,0,274.5,1466.581
11.04.2026 10:45:00,2904.747,1056.671,744.504,1484.031,2.222,2.66,26.418,748.326,0,0,1,0,0,311.234,1367.986
11.04.2026 11:00:00,2904.748,985.374,704.743,1592.631,2.28,2.473,28.3,752.63,0,0,1,0,0,373.5,1358.874
11.04.2026 11:15:00,1504.249,939.464,697.934,1315.541,2.295,2.294,29.499,802.041,0,0,1,0,0,406.501,1346.108
11.04.2026 11:30:00,1504.131,974.007,660.543,1414.519,2.294,2.091,30.561,773.408,0,0,1,0,0,439.479,1413.549
11.04.2026 11:45:00,1504.208,1051.29,672.747,1291.527,2.294,1.865,31.864,859.776,0,0,1,0,0,463.06,1514.499
11.04.2026 12:00:00,1504.249,1084.749,680.044,1264.575,2.295,1.757,32.773,1002.073,0,0,1,0,0,492,1576.749
11.04.2026 12:15:00,1504.249,727.22,553.296,1150.499,2.295,1.871,32.905,1006.285,0,0,1,0,0,527.249,1254.936
11.04.2026 12:30:00,1504.249,644.909,463.36,1156.825,2.299,1.961,33.646,949.377,0,0,1,0,0,543.249,1187.861
11.04.2026 12:45:00,1504.251,559.476,443.473,1157.203,2.301,2.053,34.442,1253.262,0,0,1,0,0,555.601,1115.108
11.04.2026 13:00:00,1504.251,541.5,310.656,1158.079,2.302,2.144,34.711,1296.898,0,0,1,0,0,566.499,1107.999
11.04.2026 13:15:00,1504.249,491.362,335.392,1158.372,2.302,2.284,34.411,1059.371,0,0,1,0,0,559.326,1050.999
11.04.2026 13:30:00,1504.246,473.5,280.516,1160.05,2.303,2.406,34.485,874.071,0,0,1,0,0,573.749,1047.249
11.04.2026 13:45:00,1504.249,486.627,373.797,1160.954,2.303,2.526,34.736,879.007,0,0,1,0,0,569.999,1056.626
11.04.2026 14:00:00,1504.246,503.164,380.313,1162.034,2.304,2.686,34.999,1260.64,0,0,1,0,0,579.749,1083.01
11.04.2026 14:15:00,1504.249,560.998,338.123,1163.225,2.305,2.814,34.061,920.115,0,0,1,0,0,547.001,1107.999
11.04.2026 14:30:00,1504.249,600.187,361.293,1082.756,2.309,2.902,33.078,997.062,0,0,1,0,0,558.667,1158.861
11.04.2026 14:45:00,1504.249,582.373,296.975,1083.131,2.312,2.913,32.58,1093.954,0,0,1,0,0,549.251,1131.624
11.04.2026 15:00:00,1504.251,590.75,323.534,1082.702,2.313,2.886,32.206,1091.706,0,0,1,0,0,522.499,1113.249
11.04.2026 15:15:00,1504.251,537.956,572.542,1214.01,2.309,2.872,31.173,710.652,0,0,1,0,0,518.695,1056.624
11.04.2026 15:30:00,1504.229,568.279,773.402,1522.405,2.299,2.883,29.453,419.034,0,0,1,0,0,503.005,1071.254
11.04.2026 15:45:00,1504.249,578.499,461.44,1158.475,2.302,2.854,28.297,889.862,0,0,1,0,0,468.75,1047.249
11.04.2026 16:00:00,1504.249,636.311,917.651,1568.574,2.304,2.836,28.016,467.805,0,0,1,0,0,440.75,1077.235
11.04.2026 16:15:00,3004.735,664.631,766.693,1374.845,2.299,2.825,27.2,488.6,0,0,1,0,0,384.498,1049.124
11.04.2026 16:30:00,3004.748,749.217,843.566,1525.796,2.304,2.791,26.926,400.18,0,0,1,0,0,358.676,1107.99
11.04.2026 16:45:00,3004.746,865.573,878.35,2547.789,2.275,2.899,26.687,415.23,0,0,1,0,0,313.731,1179.249
11.04.2026 17:00:00,3004.748,884.999,1075.848,3023.651,2.218,3.034,26.14,223.084,0,0,1,0,0,290.5,1175.499
11.04.2026 17:15:00,3004.677,904.949,1190.334,3022.31,2.183,3.051,25.314,142.946,0,0,1,0,0,255.701,1160.874
11.04.2026 17:30:00,3004.696,1002.749,1299.427,3022.094,2.152,3.034,24.742,100.501,0,0,1,0,0,218.5,1221.249
11.04.2026 17:45:00,3004.713,1256.857,1276.994,3021.275,2.127,3.002,24.337,132.421,0,0,1,0,0,169.587,1426.374
11.04.2026 18:00:00,3004.748,1260.311,1369.741,3020.074,2.119,2.966,23.882,120.518,0,0,1,0,0,124.501,1385.281
11.04.2026 18:15:00,3004.748,1315.499,1386.554,3020.981,2.13,2.954,23.367,107.084,0,0,1,0,0,103.75,1419.249
11.04.2026 18:30:00,3004.713,1398.151,1431.052,3019.857,2.153,2.935,22.882,57.049,0,0,1,0,0,85.141,1483.374
11.04.2026 18:45:00,3004.721,1306.251,1491.407,3019.167,2.18,2.914,22.37,48.327,0,0,1,0,0,59.697,1365.999
11.04.2026 19:00:00,3004.71,1590.002,1496.577,3019.096,2.205,2.884,21.7,52.089,0,0,1,0,0,41.374,1631.499
11.04.2026 19:15:00,3004.747,1495.322,1524.45,3018.575,2.222,2.866,21.569,46.003,0,0,1,0,0,23,1518.321
11.04.2026 19:30:00,3004.747,1556.999,1533.983,3018.077,2.227,2.831,21.419,27.955,0,0,1,0,0,10.75,1567.749
11.04.2026 19:45:00,3004.736,1620.874,1609.768,3018.75,2.224,2.792,21.175,14.757,0,0,1,0,0,7.25,1628.124
11.04.2026 20:00:00,3004.663,1631.124,1515.39,3019.115,2.219,2.748,20.614,6.873,0,0,1,0,0,6,1637.072
11.04.2026 20:15:00,3004.622,1742.407,1488.031,2953.814,2.216,2.695,20.093,2.019,0,0,1,0,0,6,1748.281
11.04.2026 20:30:00,3004.71,1638.624,1422.161,3016.225,2.21,2.713,20.17,0.49,0,0,0,1,0,6,1644.624
11.04.2026 20:45:00,3004.748,1695.249,1452.395,3017.671,2.202,2.789,20.126,0.459,0,0,0,0,1,6,1701.249
11.04.2026 21:00:00,3004.718,1557.999,1461.362,3018.689,2.196,2.86,19.722,0.458,0,0,0,0,1,6,1563.99
11.04.2026 21:15:00,3004.748,1786.749,1680.946,3019.052,2.19,2.88,19.606,0.452,0,0,0,0,1,6,1792.749
11.04.2026 21:30:00,3004.748,1819.461,1608.643,3019.248,2.184,2.886,19.327,0.468,0,0,0,0,1,6,1825.491
11.04.2026 21:45:00,3004.657,1662.305,1500.506,3019.986,2.181,2.889,18.99,0.437,0,0,0,0,1,6,1668.414
11.04.2026 22:00:00,3004.649,1574.499,1367.09,3020.044,2.181,2.888,18.534,0.541,0,0,0,0,1,6,1580.499
11.04.2026 22:15:00,3004.748,1583.477,1462.363,3019.821,2.182,2.886,18.204,0.444,0,0,0,0,1,6,1589.499
11.04.2026 22:30:00,3004.714,1606.68,1454.839,1746.736,2.204,2.899,17.917,0.468,0,0,1,0,0,6,1612.855
11.04.2026 22:45:00,3004.743,1618.264,1591.247,2978.979,2.244,2.8,17.776,0.457,0,0,0,1,0,5.888,1624.233
11.04.2026 23:00:00,3004.525,1680.624,1514.818,3012.38,2.217,2.847,17.544,0.45,0,0,0,0,1,6,1686.624
11.04.2026 23:15:00,3004.683,1610.196,1583.077,3012.471,2.201,2.859,17.301,0.455,0,0,0,0,1,6,1616.418
11.04.2026 23:30:00,3004.714,1658.251,1476.354,3011.992,2.188,2.861,17.231,0.453,0,0,0,0,1,4.75,1663.136
11.04.2026 23:45:00,3004.671,1424.124,1400.495,3012.073,2.178,2.904,16.97,0.574,0,0,0,0,1,6,1430.124
12.04.2026 00:00:00,3004.501,1531.858,1521.936,3012.208,2.171,2.922,16.835,0.502,0,0,0,0,1,5.999,1537.599
12.04.2026 00:15:00,3004.718,1375.877,1406.345,3012.415,2.168,2.922,16.777,0.452,0,0,0,0,1,4.75,1380.725
12.04.2026 00:30:00,3004.739,1553.624,1751.433,3011.796,2.17,2.916,16.698,0.507,0,0,0,0,1,4.749,1558.368
12.04.2026 00:45:00,3004.674,1557.373,1748.04,3012.123,2.175,2.917,16.137,0.462,0,0,0,0,1,4.75,1562.059
12.04.2026 01:00:00,3004.748,1423.501,1546.695,3011.822,2.184,2.904,16.338,0.45,0,0,0,0,1,4.75,1428.251
12.04.2026 01:15:00,3004.586,1319.1,1334.592,3011.871,2.192,2.891,16.682,0.457,0,0,0,0,1,4.75,1323.589
12.04.2026 01:30:00,3004.707,1243.93,1255.99,3011.97,2.199,2.878,16.426,0.46,0,0,0,0,1,4.75,1248.729
12.04.2026 01:45:00,3004.692,1509.751,1711.038,3011.251,2.203,2.866,16.179,0.499,0,0,0,0,1,4.75,1514.501
12.04.2026 02:00:00,3004.748,1555.499,1574.662,3011.073,2.205,2.856,16.078,0.456,0,0,0,0,1,4.75,1560.249
12.04.2026 02:15:00,3004.613,1547.999,1493.935,3011.202,2.203,2.848,16.409,0.424,0,0,0,0,1,4.75,1552.749
12.04.2026 02:30:00,3004.672,1273.499,1217.069,3010.774,2.2,2.842,16.465,0.591,0,0,0,0,1,4.75,1278.249
12.04.2026 02:45:00,3004.748,1280.56,1122.072,3011,2.197,2.84,16.26,0.525,0,0,0,0,1,4.75,1285.374
12.04.2026 03:00:00,3004.569,1088.624,1103.719,3011.338,2.194,2.846,16.38,0.45,0,0,0,0,1,4.75,1093.374
12.04.2026 03:15:00,3004.647,1203.749,1039.759,3010.837,2.192,2.854,16.231,0.49,0,0,0,0,1,4.749,1208.499
12.04.2026 03:30:00,3004.696,1145.126,1140.068,3010.908,2.188,2.86,16.33,0.457,0,0,0,0,1,4.75,1149.968
12.04.2026 03:45:00,3004.748,1626.749,1756.462,3010.57,2.186,2.863,16.221,0.452,0,0,0,0,1,4.75,1631.499
12.04.2026 04:00:00,3004.682,1721.999,1631.403,3011.316,2.185,2.872,16.166,0.555,0,0,0,0,1,4.75,1726.749
12.04.2026 04:15:00,3004.744,1645.124,1374.669,3012.245,2.185,2.87,16.016,0.5,0,0,0,0,1,4.75,1649.874
12.04.2026 04:30:00,3004.738,1448.152,1182.366,3012.435,2.187,2.864,15.807,0.451,0,0,0,0,1,4.75,1452.723
12.04.2026 04:45:00,3004.698,1306.711,1168.642,3011.486,2.19,2.86,15.825,0.45,0,0,0,0,1,4.75,1311.69
12.04.2026 05:00:00,3004.639,1260.749,1089.744,3011.007,2.191,2.854,15.829,0.451,0,0,0,0,1,4.748,1265.499
12.04.2026 05:15:00,3004.748,1237.418,1044.343,3010.437,2.195,2.847,15.927,0.53,0,0,0,0,1,4.75,1242.487
12.04.2026 05:30:00,3004.636,1295.351,1081.608,3010.844,2.197,2.841,15.671,0.462,0,0,0,0,1,4.75,1300.118
12.04.2026 05:45:00,3004.705,1318.901,1131.051,3011.056,2.198,2.833,15.283,0.454,0,0,0,0,1,4.75,1323.839
12.04.2026 06:00:00,3004.575,1455.881,1264.258,3010.649,2.198,2.827,14.987,0.454,0.2,0,0,0,1,4.75,1460.384
12.04.2026 06:15:00,3004.748,1487.624,1182.123,3011.241,2.198,2.823,14.679,0.462,0.2,0,0,0,1,4.75,1492.374
12.04.2026 06:30:00,3004.733,1526.522,1146.721,3010.166,2.197,2.82,14.292,0.483,0.4,0,0,0,1,4.75,1531.37
12.04.2026 06:45:00,3004.719,1577.624,1258.71,3010.564,2.196,2.816,14.263,0.452,0.4,0,0,0,1,4.75,1582.374
12.04.2026 07:00:00,3004.714,1630.499,1303.313,3010.102,2.195,2.814,14.171,1.873,0.4,0,0,0,1,4.75,1635.16
12.04.2026 07:15:00,3004.696,1553.624,1214.755,3010.994,2.193,2.814,14.135,3.421,0.4,0,0,0,1,4.75,1558.374
12.04.2026 07:30:00,3004.731,1605.553,1148.249,3010.267,2.192,2.816,14.16,6.624,0.4,0,0,0,1,4.75,1610.274
12.04.2026 07:45:00,3004.748,1575.744,1187.354,3011.152,2.191,2.822,13.849,11.523,0.4,0,0,0,1,4.75,1580.501
12.04.2026 08:00:00,3004.748,1673.456,1232.423,3010.672,2.189,2.828,13.836,24.655,0.4,0,0,0,1,4.75,1678.188
12.04.2026 08:15:00,3004.391,1664.201,1272.128,3011.599,2.189,2.832,14.052,37.804,0.4,0,0,0,1,4.75,1668.572
12.04.2026 08:30:00,3004.748,1789.876,1270.11,2786.046,2.203,2.811,14.199,28.006,0.4,0,1,0,0,4.75,1794.626
12.04.2026 08:45:00,3004.658,1566.374,1307.085,3009.492,2.205,2.797,14.19,33.413,0.4,0,1,0,0,4.75,1571.124
12.04.2026 09:00:00,3004.582,1476.752,1275.04,3010.626,2.2,2.798,14.135,46.632,0.4,0,1,0,0,4.749,1481.348
12.04.2026 09:15:00,3004.615,1418.249,1423.514,3010.174,2.196,2.795,14.2,45.525,0.4,0,1,0,0,4.75,1422.999
12.04.2026 09:30:00,3004.748,1292.066,1431.729,3010.713,2.192,2.789,14.404,45.563,0.4,0,1,0,0,4.75,1296.679
12.04.2026 09:45:00,3004.685,1291.894,1423.187,3010.355,2.188,2.787,14.475,60.413,0.4,0,1,0,0,4.75,1296.725
12.04.2026 10:00:00,3004.748,1209.374,1388.864,3010.709,2.184,2.796,14.498,86.571,0.4,0,1,0,0,4.75,1214.124
12.04.2026 10:15:00,2604.429,1188.962,1436.8,2939.375,2.189,2.791,14.529,93.997,0.4,0,1,0,0,4.75,1193.765
12.04.2026 10:30:00,2604.538,1150.799,1494.602,3011.152,2.189,2.799,14.783,122.17,0.4,0,1,0,0,4.75,1155.44
12.04.2026 10:45:00,2604.619,1048.13,1436.575,3011.171,2.191,2.805,15.278,156.22,0.4,0,1,0,0,4.75,1052.876
12.04.2026 11:00:00,2604.352,971.249,1375.623,3010.391,2.191,2.808,15.632,160.126,0.4,0,1,0,0,4.75,976.123
12.04.2026 11:15:00,2604.477,931.124,1439.142,3011.866,2.193,2.806,15.716,132.761,0.4,0,1,0,0,4.75,935.874
12.04.2026 11:30:00,2604.558,934.518,1416.157,3010.539,2.195,2.799,15.647,160.215,0.4,0,1,0,0,4.745,939.249
12.04.2026 11:45:00,2604.596,969.374,1428.047,3011.634,2.197,2.788,16.035,242.631,0.4,0,1,0,0,4.75,974.124
12.04.2026 12:00:00,2604.548,996.073,1355.083,3010.539,2.198,2.777,16.809,271.717,0.4,0,1,0,0,4.748,1001.098
12.04.2026 12:15:00,2604.408,901.505,1307.661,3010.99,2.2,2.767,16.962,241.816,0.4,0,1,0,0,4.75,906.249
12.04.2026 12:30:00,2604.493,901.5,1237.545,3011.279,2.199,2.757,17.099,299.916,0.4,0,1,0,0,4.748,906.249
12.04.2026 12:45:00,2604.374,901.499,1120.25,2909.864,2.203,2.731,17.64,508.872,0.4,0,1,0,0,4.75,906.239
12.04.2026 13:00:00,2604.293,901.545,1121.217,2950.72,2.204,2.722,18.88,545.969,0.4,0,1,0,0,4.75,906.263
12.04.2026 13:15:00,2604.45,901.501,1200.515,3001.416,2.204,2.735,19.138,482.162,0.4,0,1,0,0,4.75,906.321
12.04.2026 13:30:00,2604.378,901.89,1173.477,2977.398,2.197,2.782,18.784,391.053,0.4,0,1,0,0,4.75,906.419
12.04.2026 13:45:00,2604.379,901.501,1067.388,2890.274,2.197,2.802,18.871,395.496,0.4,0,1,0,0,4.75,906.251
12.04.2026 14:00:00,2604.46,901.623,831.891,2680.597,2.205,2.793,19.194,537.407,0.4,0,1,0,0,4.75,906.281
12.04.2026 14:15:00,2604.299,901.553,839.404,2640.596,2.215,2.771,19.631,540.448,0.4,0,1,0,0,4.75,906.264
12.04.2026 14:30:00,2604.401,901.501,905.926,2706.505,2.22,2.762,20.029,471.406,0.4,0,1,0,0,4.75,906.251
12.04.2026 14:45:00,2604.35,813.749,876.17,2787.333,2.21,2.799,20.043,459.64,0.4,0,1,0,0,4.75,818.499
12.04.2026 15:00:00,2604.507,801.001,805.786,2731.133,2.205,2.813,20.118,546.843,0.4,0,1,0,0,4.75,805.751
12.04.2026 15:15:00,2604.034,776.225,945.1,2946.382,2.194,2.848,19.867,449.522,0.4,0,1,0,0,4.75,780.538
12.04.2026 15:30:00,2604.289,804.749,1041.556,3004.088,2.181,2.89,19.7,387.891,0.4,0,1,0,0,4.75,809.499
12.04.2026 15:45:00,2604.277,775.587,1112.074,3010.899,2.168,2.896,19.396,344.792,0.4,0,1,0,0,4.75,780.75
12.04.2026 16:00:00,3004.45,808.105,1106.204,3011.675,2.16,2.898,18.704,312.703,0.4,0,1,0,0,4.75,812.629
12.04.2026 16:15:00,3004.551,782.624,1318.047,3011.354,2.158,2.899,18.453,243.585,0.4,0,1,0,0,4.75,787.374
12.04.2026 16:30:00,3004.577,857.333,1351.383,3011.171,2.163,2.897,17.907,141.587,0.4,0,1,0,0,4.75,862.301
12.04.2026 16:45:00,3004.674,952.874,1328.023,3011.864,2.174,2.887,17.5,166.913,0.4,0,1,0,0,4.75,957.624
12.04.2026 17:00:00,3004.607,973.126,1340.759,3011.206,2.189,2.877,17.019,135.275,0.4,0,1,0,0,4.75,977.876
12.04.2026 17:15:00,3004.566,977.358,1380.419,3011.759,2.203,2.862,16.789,118.383,0.4,0,1,0,0,4.75,981.962
12.04.2026 17:30:00,3004.69,1039.126,1470.895,3012.113,2.211,2.847,16.784,100.338,0.4,0,1,0,0,4.75,1043.876
12.04.2026 17:45:00,3004.747,1245.465,1486.828,3011.511,2.213,2.828,16.52,99.846,0.4,0,1,0,0,4.75,1250.224
12.04.2026 18:00:00,3004.747,1203.657,1545.32,3011.997,2.211,2.808,16.393,102.328,0.4,0,1,0,0,4.749,1208.4
12.04.2026 18:15:00,3004.689,1225.988,1662.457,3011.9,2.209,2.785,16.383,67.952,0.4,0,1,0,0,4.684,1230.65
12.04.2026 18:30:00,3004.62,1302.968,1680.638,3011.074,2.204,2.766,16.373,57.904,0.4,0,1,0,0,4.75,1307.556
12.04.2026 18:45:00,3004.544,1207.499,1669.637,3011.736,2.201,2.773,16.057,47.25,0.4,0,1,0,0,4.75,1212.249
12.04.2026 19:00:00,3004.708,1451.692,1638.173,3010.406,2.198,2.797,15.612,49.896,0.4,0,1,0,0,4.75,1456.099
12.04.2026 19:15:00,3004.571,1355.999,1674.26,3011.621,2.197,2.826,15.391,31.803,0.4,0,1,0,0,4.75,1360.749
12.04.2026 19:30:00,3004.69,1405.308,1653.077,3011.735,2.194,2.851,15.327,12.497,0.4,0,1,0,0,4.75,1410.08
12.04.2026 19:45:00,3004.741,1462.018,1743.829,3012.305,2.194,2.863,15.059,6.626,0.4,0,1,0,0,4.75,1466.854
12.04.2026 20:00:00,3004.748,1469.17,1709.297,3011.998,2.193,2.871,14.682,3.168,0.4,0,1,0,0,4.75,1473.912
12.04.2026 20:15:00,3004.706,1568.249,1597.094,3013.078,2.193,2.873,14.2,1.248,0.4,0,1,0,0,4.75,1572.985
12.04.2026 20:30:00,3004.71,1476.749,1614.132,3011.602,2.193,2.875,14.114,0.512,0.4,0,1,0,0,4.75,1481.499
12.04.2026 20:45:00,3004.734,1526.431,1624.033,3012.117,2.192,2.883,14.078,0.45,0.6,0,1,0,0,4.75,1531.264
12.04.2026 21:00:00,3004.573,1403.624,1590.729,3011.453,2.193,2.884,14.069,0.45,0.6,0,1,0,0,4.75,1408.374
12.04.2026 21:15:00,3004.589,1607.406,1669.693,3012.566,2.193,2.879,13.773,0.45,0.6,0,1,0,0,4.75,1612.562
12.04.2026 21:30:00,3004.72,1637.992,1654.316,3012.667,2.193,2.877,13.289,0.452,0.6,0,1,0,0,4.75,1642.749
12.04.2026 21:45:00,3004.657,1496.707,1613.362,3011.743,2.192,2.877,13.298,0.45,0.6,0,1,0,0,4.75,1501.676
12.04.2026 22:00:00,3004.696,1418.249,1556.584,3012.35,2.193,2.878,13.318,0.472,0.6,0,1,0,0,4.75,1422.999
12.04.2026 22:15:00,3004.705,1427.251,1610.465,3011.534,2.193,2.877,13.32,0.463,0.6,0,1,0,0,4.75,1432.001
12.04.2026 22:30:00,3004.623,1448.134,1505.234,3012.904,2.192,2.878,13.153,0.459,0.6,0,1,0,0,4.75,1452.542
12.04.2026 22:45:00,3004.748,1457.431,1703.857,3012.099,2.193,2.878,13.024,0.452,0.6,0,1,0,0,4.75,1462.331
12.04.2026 23:00:00,3004.636,1511.624,1599.581,3011.422,2.193,2.878,13.088,0.437,0.6,0,1,0,0,4.75,1516.374
12.04.2026 23:15:00,3004.667,1449.822,1683.522,3012.646,2.194,2.878,13.068,0.533,0.6,0,1,0,0,4.75,1454.383
12.04.2026 23:30:00,3004.666,1493.249,1530.371,3011.806,2.193,2.878,12.977,0.56,0.6,0,1,0,0,4.75,1497.999
12.04.2026 23:45:00,3004.663,1282.499,1426.559,3012.788,2.195,2.877,12.993,0.493,0.6,0,1,0,0,4.75,1287.249
13.04.2026 00:00:00,3004.66,1379.995,1619.62,3012.201,2.195,2.877,12.716,0.456,0.6,0,1,0,0,4.75,1384.809
13.04.2026 00:15:00,2804.446,1758.749,1519.849,2688.49,2.209,2.842,12.484,0.458,0,0,1,0,0,4.75,1763.499
13.04.2026 00:30:00,2804.46,1839.264,1847.8,2907.038,2.216,2.823,12.29,0.461,0,0,1,0,0,4.75,1844.097
13.04.2026 00:45:00,2804.498,1859.624,1707.6,2776.905,2.217,2.818,12.226,0.494,0,0,1,0,0,4.75,1864.374
13.04.2026 01:00:00,2804.498,1766.249,1500.448,2690.781,2.22,2.792,12.377,0.49,0,0,1,0,0,4.75,1770.999
13.04.2026 01:15:00,2804.498,1654.499,1400.837,2661.673,2.222,2.758,12.365,0.451,0,0,1,0,0,4.75,1659.237
13.04.2026 01:30:00,2804.498,1532.411,1226.899,2648.45,2.221,2.748,12.277,0.452,0,0,1,0,0,4.75,1537.236
13.04.2026 01:45:00,2804.187,1723.874,1756.577,2934.732,2.215,2.769,12.4,0.458,0,0,1,0,0,4.75,1728.624
13.04.2026 02:00:00,2804.498,1782.749,1642.786,2788.684,2.202,2.845,12.489,0.417,0,0,1,0,0,4.75,1787.348
13.04.2026 02:15:00,2804.498,1779.001,1560.62,2755.766,2.198,2.874,12.482,0.468,0,0,1,0,0,4.75,1783.751
13.04.2026 02:30:00,2804.498,1623.38,1349.914,2638.268,2.196,2.886,12.474,0.461,0,0,1,0,0,4.748,1628.124
13.04.2026 02:45:00,2804.498,1513.499,1295.466,2662.452,2.2,2.882,12.379,0.488,0,0,1,0,0,4.75,1518.249
13.04.2026 03:00:00,2804.498,1354.124,1196.772,2810.218,2.195,2.894,12.112,0.5,0,0,1,0,0,4.75,1358.874
13.04.2026 03:15:00,2804.497,1383.982,1263.883,2822.491,2.193,2.89,11.925,0.504,0,0,1,0,0,4.75,1388.565
13.04.2026 03:30:00,2804.489,1443.749,1297.238,2805.39,2.19,2.887,11.767,0.463,0,0,1,0,0,4.75,1448.495
13.04.2026 03:45:00,2804.498,1835.624,1973.945,3015.336,2.189,2.89,11.67,0.454,0,0,1,0,0,4.75,1840.302
13.04.2026 04:00:00,2804.498,1951.124,1745.158,2729.24,2.18,2.896,11.807,0.557,0,0,1,0,0,4.75,1955.874
13.04.2026 04:15:00,2804.397,1797.374,1590.36,2761.253,2.178,2.886,11.81,0.453,0,0,1,0,0,4.75,1802.124
13.04.2026 04:30:00,2804.498,1714.874,1461.608,2675.38,2.181,2.879,11.8,0.54,0,0,1,0,0,4.75,1719.624
13.04.2026 04:45:00,2804.498,1663.501,1394.634,2656.362,2.187,2.868,11.892,0.484,0,0,1,0,0,4.75,1668.251
13.04.2026 05:00:00,2804.498,1559.249,1292.523,2651.014,2.193,2.863,11.879,0.56,0,0,1,0,0,4.75,1563.999
13.04.2026 05:15:00,2804.458,1497,1293.752,2742.08,2.196,2.869,11.785,0.487,0,0,1,0,0,4.715,1501.749
13.04.2026 05:30:00,2804.498,1461.347,1292.971,2774.849,2.197,2.874,11.752,0.458,0.2,0,1,0,0,4.724,1466.191
13.04.2026 05:45:00,2804.498,1610.916,1393.44,2680.278,2.204,2.859,11.723,0.455,0.2,0,1,0,0,4.75,1616.175
13.04.2026 06:00:00,2804.498,1673.308,1518.354,2775.84,2.206,2.86,11.711,0.54,0.2,0,1,0,0,4.746,1678.114
13.04.2026 06:15:00,2804.498,1714.874,1487.154,2637.445,2.206,2.862,11.556,0.45,0.2,0,1,0,0,4.75,1719.624
13.04.2026 06:30:00,2804.498,1754.994,1589.961,2713.002,2.207,2.859,11.794,0.518,0.2,0,1,0,0,4.75,1759.743
13.04.2026 06:45:00,2804.468,1768.124,1754.829,2950.486,2.202,2.875,11.777,1.073,0.2,0,1,0,0,4.75,1772.874
13.04.2026 07:00:00,2804.498,1816.021,1816.176,2934.427,2.191,2.907,11.736,2.559,0.2,0,1,0,0,4.75,1820.72
13.04.2026 07:15:00,2804.498,1735.126,1626.721,2832.374,2.181,2.907,11.6,4.426,0.2,0,1,0,0,4.75,1739.876
13.04.2026 07:30:00,2804.498,1729.525,1713.994,2906.409,2.177,2.898,11.55,10.385,0.2,0,1,0,0,4.742,1734.249
13.04.2026 07:45:00,2804.448,1736.864,1697.863,2863.101,2.169,2.906,11.782,18.675,0.2,0,1,0,0,4.75,1741.753
13.04.2026 08:00:00,2804.498,1887.001,1780.974,2789.856,2.174,2.884,11.836,32.4,0.2,0,1,0,0,4.75,1891.751
13.04.2026 08:15:00,2804.498,1947.374,1718.144,2700.281,2.179,2.875,11.896,46.129,0.2,0,1,0,0,4.75,1952.124
13.04.2026 08:30:00,2804.498,1802.626,1649.895,2766.061,2.183,2.878,11.968,60.505,0.2,0,1,0,0,4.75,1807.448
13.04.2026 08:45:00,2804.498,1982.244,1833.919,2761.747,2.189,2.872,12.065,77.002,0.2,0,1,0,0,4.75,1986.999
13.04.2026 09:00:00,2804.498,1822.526,1762.771,2869.403,2.188,2.883,12.159,76.735,0.2,0,1,0,0,4.75,1827.527
13.04.2026 09:15:00,2804.439,1909.124,1702.99,2688.554,2.192,2.872,12.297,85.781,0.2,0,1,0,0,4.75,1913.861
13.04.2026 09:30:00,2804.498,1848.302,1686.535,2717.07,2.198,2.86,12.432,110.039,0.2,0,1,0,0,4.75,1853.104
13.04.2026 09:45:00,2804.397,1844.999,1924.783,2970.336,2.198,2.869,12.643,115.556,0.2,0,1,0,0,4.75,1849.749
13.04.2026 10:00:00,2804.397,1711.052,1956.925,3013.274,2.186,2.893,12.995,126.523,0.2,0,1,0,0,4.75,1715.874
13.04.2026 10:15:00,2804.498,1689.251,1875.071,3012.888,2.175,2.901,13.292,146.099,0.2,0,1,0,0,4.75,1694.09
13.04.2026 10:30:00,2804.498,1754.992,1829.474,2992.293,2.174,2.901,13.535,177.814,0.2,0,1,0,0,4.75,1759.658
13.04.2026 10:45:00,2804.498,1663.637,1854.86,3012.527,2.179,2.905,13.793,136.679,0.2,0,1,0,0,4.75,1668.442
13.04.2026 11:00:00,2804.498,1586.624,1773.463,3013.181,2.186,2.905,13.818,190.31,0.2,0,1,0,0,4.75,1591.332
13.04.2026 11:15:00,2804.498,1502.249,1844.562,3013.231,2.193,2.897,14.205,205.013,0.2,0,1,0,0,4.75,1506.999
13.04.2026 11:30:00,2804.498,1536.058,1920.272,3012.645,2.2,2.879,14.35,200.903,0.2,0,1,0,0,4.75,1540.959
13.04.2026 11:45:00,2804.498,1533.495,2121.136,3012.381,2.203,2.863,14.465,232.132,0.2,0,1,0,0,4.75,1538.404
13.04.2026 12:00:00,2804.498,1364.996,1934.966,3012.695,2.204,2.852,14.817,234.975,0.2,0,1,0,0,4.75,1369.749
13.04.2026 12:15:00,2804.498,1141.16,1644.184,3012.649,2.204,2.844,15.039,252.59,0.2,0,1,0,0,4.75,1146.027
13.04.2026 12:30:00,2804.498,1016.999,1611.211,3013.102,2.202,2.838,15.309,255.506,0.2,0,1,0,0,4.75,1021.749
13.04.2026 12:45:00,2804.498,905.526,1459.305,3012.482,2.2,2.836,15.271,265.52,0.2,0,1,0,0,4.684,910.001
13.04.2026 13:00:00,2804.498,921.763,1631.39,3012.902,2.198,2.844,15.067,248.724,0.2,0,1,0,0,4.75,926.302
13.04.2026 13:15:00,2804.494,1091.978,1716.003,3012.61,2.195,2.852,14.819,247.948,0.2,0,1,0,0,4.75,1096.749
13.04.2026 13:30:00,2804.498,956.437,1646.223,3012.497,2.194,2.857,14.833,246.921,0.2,0,1,0,0,4.684,961.327
13.04.2026 13:45:00,2804.498,932.626,1643.497,3012.04,2.192,2.868,15.358,337.418,0.2,0,1,0,0,4.75,937.376
13.04.2026 14:00:00,2804.498,1154.249,1532.2,3012.14,2.19,2.87,15.866,394.977,0.2,0,1,0,0,4.75,1158.999
13.04.2026 14:15:00,2804.498,947.624,1597.224,3012.725,2.189,2.866,16.199,389.604,0.2,0,1,0,0,4.75,952.374
13.04.2026 14:30:00,2804.498,1067.848,1522.969,3011.563,2.19,2.864,16.448,297.904,0.2,0,1,0,0,4.75,1072.337
13.04.2026 14:45:00,2804.498,1152.749,1610.912,3011.826,2.191,2.863,16.169,319.337,0.2,0,1,0,0,4.75,1157.498
13.04.2026 15:00:00,2804.498,1033.499,1759.255,3011.548,2.193,2.862,16.056,195.67,0.2,0,1,0,0,4.75,1038.249
13.04.2026 15:15:00,2804.498,1130.796,1668.603,3012.483,2.194,2.861,15.515,156.417,0.2,0,1,0,0,4.75,1135.379
13.04.2026 15:30:00,2804.498,1196.624,1668.437,3011.649,2.198,2.859,14.914,122.25,0.2,0,1,0,0,4.75,1201.374
13.04.2026 15:45:00,2804.46,1379.887,1593.873,3011.384,2.201,2.857,14.599,173.612,0.2,0,1,0,0,4.75,1384.593
13.04.2026 16:00:00,2804.32,1441.874,1719.516,3012.175,2.203,2.854,14.588,121.285,0.2,0,1,0,0,4.75,1446.617
13.04.2026 16:15:00,2804.498,1326.731,1610.057,3011.596,2.203,2.854,14.478,129.74,0.2,0,1,0,0,4.75,1331.479
13.04.2026 16:30:00,2804.498,1441.874,1778.653,3012.536,2.203,2.854,14.185,86.699,0.2,0,1,0,0,4.75,1446.624
13.04.2026 16:45:00,2804.498,1502.249,1881.684,3011.439,2.204,2.857,14.007,71.234,0.2,0,1,0,0,4.75,1506.999
13.04.2026 17:00:00,2804.479,1453.182,1791.005,3011.76,2.203,2.861,13.793,73.337,0.2,0,1,0,0,4.75,1458.193
13.04.2026 17:15:00,2804.498,1541.338,1845.246,3012.208,2.202,2.869,13.626,61.981,0.2,0,1,0,0,4.75,1546.106
13.04.2026 17:30:00,2804.498,1520.843,1861.461,3012.101,2.2,2.877,13.489,50.519,0.2,0,1,0,0,4.75,1525.403
13.04.2026 17:45:00,2804.498,1458.911,1912.271,3012.413,2.198,2.884,13.336,46.121,0.2,0,1,0,0,4.749,1463.62
13.04.2026 18:00:00,2804.417,1617.146,1911.996,3012.19,2.197,2.89,13.258,59.97,0.4,0,1,0,0,4.75,1621.962
13.04.2026 18:15:00,2804.498,1553.472,1830.241,3012.118,2.195,2.897,13.262,48.132,0.4,0,1,0,0,4.75,1558.358
13.04.2026 18:30:00,2804.397,1628.624,1859.304,3011.721,2.195,2.902,13.042,42.397,0.6,0,1,0,0,4.75,1633.374
13.04.2026 18:45:00,2804.498,1601.287,1914.054,3012.151,2.196,2.907,13.022,35.039,0.6,0,1,0,0,4.75,1606.06
13.04.2026 19:00:00,2804.386,1646.999,1861.428,3011.823,2.196,2.907,12.974,26.881,0.6,0,1,0,0,4.75,1651.749
13.04.2026 19:15:00,2804.489,1716.772,1841.762,3012.387,2.196,2.908,12.972,20.349,0.8,0,1,0,0,4.743,1721.499
13.04.2026 19:30:00,2804.498,1752.881,1810.822,2974.403,2.198,2.905,12.707,11.507,0.8,0,1,0,0,4.75,1757.535
13.04.2026 19:45:00,2804.498,1745.566,1806.472,2984.177,2.2,2.907,12.641,6.174,1,0,1,0,0,4.75,1749.741
13.04.2026 20:00:00,2804.491,1778.999,1888.596,2986.646,2.201,2.907,12.436,1.725,1.2,0,1,0,0,4.75,1783.749
13.04.2026 20:15:00,2804.498,1731.374,1725.501,2940.319,2.202,2.91,12.397,1.043,1.4,0,1,0,0,4.75,1736.124
13.04.2026 20:30:00,2804.498,1773.374,1770.009,2911.516,2.207,2.899,12.33,0.45,1.4,0,1,0,0,4.75,1778.124
13.04.2026 20:45:00,2804.498,1725.751,1740.5,2979.15,2.207,2.904,12.136,0.45,1.6,0,1,0,0,4.75,1730.501
13.04.2026 21:00:00,2804.498,1615.132,1762.33,3010.079,2.2,2.918,12.103,0.451,1.8,0,1,0,0,4.75,1620.204
13.04.2026 21:15:00,2804.498,1861.499,1887.494,2950.498,2.202,2.92,11.961,0.475,1.8,0,1,0,0,4.75,1866.249
13.04.2026 21:30:00,2804.498,1815.828,1852.51,2946.823,2.196,2.924,11.789,0.45,2,0,1,0,0,4.75,1820.677
13.04.2026 21:45:00,2804.498,1771.531,1703.65,2850.706,2.193,2.923,11.514,0.455,2,0,1,0,0,4.749,1776.249
13.04.2026 22:00:00,2804.498,1679.451,1600.643,2830.212,2.193,2.919,11.474,0.476,2,0,1,0,0,4.75,1684.232
13.04.2026 22:15:00,2804.498,1665.384,1571.318,2820.489,2.194,2.919,11.284,0.45,2.2,0,1,0,0,4.744,1670.435
13.04.2026 22:30:00,2804.498,1626.749,1657.935,2968.186,2.19,2.937,10.92,0.454,2.2,0,1,0,0,4.75,1631.499
13.04.2026 22:45:00,2804.498,1588.499,1813.515,3011.058,2.182,2.951,11.049,0.45,2.4,0,1,0,0,4.75,1593.249
13.04.2026 23:00:00,2804.498,1658.25,1693.625,2966.769,2.176,2.954,11.047,0.45,2.4,0,1,0,0,4.75,1662.999
13.04.2026 23:15:00,2804.498,1712.997,1715.658,2955.923,2.172,2.952,11.003,0.45,2.4,0,1,0,0,4.75,1717.749
13.04.2026 23:30:00,2804.498,1663.581,1621.849,2887.595,2.172,2.955,10.837,0.456,2.6,0,1,0,0,4.75,1668.273
13.04.2026 23:45:00,2804.442,1562.999,1505.419,2884.235,2.175,2.943,10.936,0.449,2.6,0,1,0,0,4.75,1567.749
14.04.2026 00:00:00,2804.425,1584.749,1678.859,3002.468,2.18,2.938,11.071,0.462,2.6,0,1,0,0,4.75,1589.499
14.04.2026 00:15:00,2804.498,1669.198,1619.92,2899.188,2.184,2.933,11.153,0.492,0,0,1,0,0,4.75,1673.923
14.04.2026 00:30:00,2804.498,1749.216,1927.739,3011.332,2.192,2.928,10.805,0.45,0.2,0,1,0,0,4.75,1754.259
14.04.2026 00:45:00,2804.481,1768.124,1911.337,3012.169,2.191,2.933,10.776,0.45,0.2,0,1,0,0,4.75,1772.874
14.04.2026 01:00:00,2804.486,1676.547,1643.801,2877.285,2.192,2.927,10.709,0.452,0.4,0,1,0,0,4.75,1681.028
14.04.2026 01:15:00,2804.498,1571.999,1436.928,2800.527,2.202,2.907,10.658,0.45,0.6,0,1,0,0,4.75,1576.749
14.04.2026 01:30:00,2804.498,1454.946,1329.065,2822.486,2.209,2.899,10.46,0.484,0.6,0,1,0,0,4.75,1459.767
14.04.2026 01:45:00,2804.498,1637.999,1877.804,3011.648,2.212,2.897,10.407,0.45,0.8,0,1,0,0,4.75,1642.749
14.04.2026 02:00:00,2804.498,1694.624,1767.078,3012.551,2.202,2.919,10.37,0.477,0.8,0,1,0,0,4.75,1699.374
14.04.2026 02:15:00,2804.498,1690.874,1650.385,2921.556,2.194,2.931,10.179,0.581,0.8,0,1,0,0,4.75,1695.621
14.04.2026 02:30:00,2804.498,1541.494,1421.869,2857.511,2.193,2.924,10.115,0.488,0.8,0,1,0,0,4.723,1545.853
14.04.2026 02:45:00,2804.498,1438.124,1307.579,2815.386,2.195,2.922,9.935,0.45,0.8,0,1,0,0,4.75,1442.874
14.04.2026 03:00:00,2804.498,1286.249,1219.111,2910.579,2.193,2.928,9.937,0.458,1,0,1,0,0,4.75,1290.999
14.04.2026 03:15:00,2804.498,1314.403,1396.041,3010.996,2.188,2.931,10.075,0.542,1,0,1,0,0,4.75,1319.382
14.04.2026 03:30:00,2804.498,1372.501,1353.861,2930.206,2.184,2.926,9.954,0.45,1,0,1,0,0,4.75,1377.251
14.04.2026 03:45:00,2804.433,1742.716,1888.467,3011.281,2.189,2.916,10.135,0.451,1,0,1,0,0,4.75,1747.618
14.04.2026 04:00:00,2804.495,1853.889,1833.65,2948.357,2.186,2.919,10.178,0.471,1,0,1,0,0,4.75,1858.748
14.04.2026 04:15:00,2804.498,1709.25,1666.587,2852.496,2.185,2.919,10.129,0.539,1,0,1,0,0,4.706,1713.999
14.04.2026 04:30:00,2804.498,1630.499,1499.298,2783.941,2.191,2.907,10.107,0.451,1,0,1,0,0,4.75,1635.249
14.04.2026 04:45:00,2804.498,1580.999,1484.277,2842.073,2.2,2.892,10.156,0.463,1.2,0,1,0,0,4.75,1585.749
14.04.2026 05:00:00,2804.498,1480.336,1408.824,2835.496,2.205,2.884,10.179,0.455,1.2,0,1,0,0,4.75,1485.198
14.04.2026 05:15:00,2804.498,1423.462,1335.11,2825.729,2.207,2.88,10.119,0.45,1.2,0,1,0,0,4.702,1428.249
14.04.2026 05:30:00,2804.481,1388.562,1475.316,2971.502,2.203,2.885,10.359,0.451,1.2,0,1,0,0,4.75,1393.017
14.04.2026 05:45:00,2804.451,1532.777,1483.23,2870.153,2.2,2.89,10.221,0.473,1.2,0,1,0,0,4.747,1537.226
14.04.2026 06:00:00,2804.498,1588.501,1596.547,2944.339,2.192,2.897,10.221,0.459,1.2,0,1,0,0,4.75,1593.251
14.04.2026 06:15:00,2804.498,1630.499,1535.42,2833.326,2.185,2.902,10.23,0.451,1.2,0,1,0,0,4.75,1635.249
14.04.2026 06:30:00,2804.498,1665.475,1563.18,2804.177,2.191,2.881,10.199,0.461,1.2,0,1,0,0,4.75,1670.137
14.04.2026 06:45:00,2804.498,1679.056,1760.279,3012.351,2.186,2.898,10.122,1.267,1.2,0,1,0,0,4.75,1684.158
14.04.2026 07:00:00,2804.46,1725.664,1750.87,2981.228,2.179,2.908,10.151,4.362,1.2,0,1,0,0,4.748,1730.499
14.04.2026 07:15:00,2804.498,1648.874,1670.122,2955.682,2.175,2.907,10.202,9.337,1.2,0,1,0,0,4.75,1653.624
14.04.2026 07:30:00,2804.488,1643.249,1721.349,2974.811,2.181,2.905,10.254,14.175,1.2,0,1,0,0,4.75,1647.999
14.04.2026 07:45:00,2804.498,1650.684,1740.622,3003.403,2.188,2.9,10.29,22.453,1.2,0,1,0,0,4.75,1655.382
14.04.2026 08:00:00,2804.498,1793.624,1829.436,2913.48,2.2,2.885,10.375,28.539,1.2,0,1,0,0,4.75,1798.374
14.04.2026 08:15:00,2804.386,1852.124,1821.287,2909.947,2.209,2.873,10.474,41.794,1.2,0,1,0,0,4.75,1856.874
14.04.2026 08:30:00,2804.498,1710.973,1896.62,3011.079,2.206,2.865,10.5,71.272,1.2,0,1,0,0,4.75,1715.874
14.04.2026 08:45:00,2804.433,1883.252,1803.83,2818.397,2.209,2.839,10.703,97.661,1.2,0,1,0,0,4.75,1888.001
14.04.2026 09:00:00,2804.498,1731.376,1739.814,2946.973,2.207,2.831,11.277,127.746,1.2,0,1,0,0,4.75,1736.126
14.04.2026 09:15:00,2804.498,1814.376,1838.562,2935.227,2.205,2.823,11.644,174.901,1.2,0,1,0,0,4.75,1818.923
14.04.2026 09:30:00,2804.273,1756.874,1679.978,2878.133,2.205,2.821,12.23,242.621,1.2,0,1,0,0,4.75,1761.624
14.04.2026 09:45:00,2804.496,1754.666,1648.381,2889.742,2.208,2.811,12.82,269.945,1.2,0,1,0,0,4.75,1759.723
14.04.2026 10:00:00,2804.373,1626.749,1529.173,2894.879,2.206,2.817,13.433,326.974,1.2,0,1,0,0,4.75,1631.499
14.04.2026 10:15:00,2804.498,1603.376,1504.684,2781.256,2.207,2.811,14.394,371.239,1.2,0,1,0,0,4.75,1607.903
14.04.2026 10:30:00,2804.498,1665.475,1513.778,2802.497,2.206,2.807,14.716,383.198,1.2,0,1,0,0,4.749,1670.126
14.04.2026 10:45:00,2804.498,1580.999,1390.652,2759.771,2.207,2.804,15.345,512.964,1.2,0,1,0,0,4.751,1585.749
14.04.2026 11:00:00,2804.498,1506.001,1451.944,2911.994,2.2,2.825,15.719,436.718,1.2,0,1,0,0,4.75,1510.751
14.04.2026 11:15:00,2804.498,1429.124,1472.53,2928.398,2.189,2.858,15.662,413.627,1.2,0,1,0,0,4.75,1433.874
14.04.2026 11:30:00,2804.498,1456.931,1467.767,2900.507,2.178,2.874,15.571,439.235,1.2,0,1,0,0,4.75,1461.849
14.04.2026 11:45:00,2804.498,1456.802,1626.737,3014.837,2.168,2.901,15.937,470.363,1.2,0,1,0,0,4.75,1461.355
14.04.2026 12:00:00,2804.498,1297.172,1476.841,3015.376,2.158,2.905,16.182,508.221,1.2,0,1,0,0,4.75,1301.888
14.04.2026 12:15:00,2804.498,1082.999,1316.682,3015.136,2.155,2.902,16.559,591.172,1.2,0,1,0,0,4.75,1087.749
14.04.2026 12:30:00,2804.498,1046.251,1162.589,3013.079,2.158,2.895,17.52,606.413,1.2,0,1,0,0,4.75,1051.001
14.04.2026 12:45:00,2804.498,1046.251,1085.761,3007.832,2.171,2.879,17.666,655.424,1.2,0,1,0,0,4.75,1051.001
14.04.2026 13:00:00,2804.46,1046.251,1065.659,2891.695,2.19,2.855,18.815,726.551,1.2,0,1,0,0,4.75,1051.001
14.04.2026 13:15:00,2804.456,1046.251,997.554,2922.062,2.211,2.824,19.43,703.305,1.2,0,1,0,0,4.75,1051.001
14.04.2026 13:30:00,2804.373,1046.403,755.853,2616.537,2.226,2.766,19.815,716.399,1.2,0,1,0,0,4.75,1051.001
14.04.2026 13:45:00,2804.498,1046.251,802.487,2588.752,2.241,2.661,19.617,553.88,1.2,0,1,0,0,4.75,1051.001
14.04.2026 14:00:00,2804.46,1046.293,1115.115,2956.94,2.229,2.654,18.582,466.667,1.2,0,1,0,0,4.75,1051.01
14.04.2026 14:15:00,2804.498,1046.249,1322.438,3015.205,2.208,2.738,17.612,375.605,1.2,0,1,0,0,4.75,1050.999
14.04.2026 14:30:00,2804.373,1015.125,1375.274,3015.209,2.19,2.827,17.293,365.421,1.2,0,1,0,0,4.75,1019.875
14.04.2026 14:45:00,2804.49,1093.877,1422.491,3015.194,2.179,2.898,16.519,317.757,1.2,0,1,0,0,4.749,1098.624
14.04.2026 15:00:00,2804.498,982.715,1430.946,3015.396,2.17,2.909,15.903,273.987,1.2,0,1,0,0,4.75,987.242
14.04.2026 15:15:00,2804.498,1075.077,1413.739,3016.16,2.164,2.9,15.472,243.238,1.2,0,1,0,0,4.75,1080.066
14.04.2026 15:30:00,2804.477,1134.393,1389.716,3015.713,2.164,2.891,15.167,242.424,1.2,0,1,0,0,4.75,1139.131
14.04.2026 15:45:00,2804.498,1310.291,1395.165,3013.918,2.17,2.877,15.145,213.494,1.2,0,1,0,0,4.75,1315.102
14.04.2026 16:00:00,2804.498,1370.371,1536.997,3013.39,2.18,2.863,15.258,223.078,1.2,0,1,0,0,4.75,1375.376
14.04.2026 16:15:00,2804.498,1258.874,1514.247,3014.61,2.19,2.853,15.089,191.917,1.2,0,1,0,0,4.75,1263.624
14.04.2026 16:30:00,2804.498,1368.412,1593.657,3014.443,2.199,2.837,15.129,170.869,1.2,0,1,0,0,4.75,1373.499
14.04.2026 16:45:00,2804.498,1427.249,1634.752,3014.336,2.205,2.82,14.776,143.58,1.2,0,1,0,0,4.75,1431.999
14.04.2026 17:00:00,2804.498,1382.224,1734.63,3013.966,2.207,2.797,14.546,128.901,1.2,0,1,0,0,4.75,1386.569
14.04.2026 17:15:00,2804.471,1465.053,1791.653,3013.874,2.206,2.766,14.519,107.173,1.2,0,1,0,0,4.75,1469.686
14.04.2026 17:30:00,2804.498,1445.687,1788.098,3014.405,2.204,2.737,14.483,105.44,1.2,0,1,0,0,4.75,1450.395
14.04.2026 17:45:00,2804.498,1386.147,1517.32,3014.045,2.201,2.72,14.348,90.134,1.2,0,1,0,0,4.75,1391.253
14.04.2026 18:00:00,2804.451,1535.514,1631.818,2978.598,2.2,2.728,14.179,82.759,1.2,0,1,0,0,4.75,1540.571
14.04.2026 18:15:00,2804.498,1474.823,1710.217,3014.634,2.197,2.763,14.098,59.287,1.2,0,1,0,0,4.75,1479.422
14.04.2026 18:30:00,2804.498,1547.717,1742.796,3015.022,2.193,2.802,13.621,52.23,1.2,0,1,0,0,4.75,1552.247
14.04.2026 18:45:00,2804.498,1522.497,1693.742,3015.311,2.19,2.829,13.482,37.8,1.2,0,1,0,0,4.75,1527.114
14.04.2026 19:00:00,2804.498,1564.501,1830.131,3015.385,2.187,2.836,13.329,29.588,1.2,0,1,0,0,4.75,1569.251
14.04.2026 19:15:00,2804.485,1632.374,1781.037,3014.496,2.185,2.834,13.253,20.977,1.2,0,1,0,0,4.75,1637.124
14.04.2026 19:30:00,2804.487,1663.499,1752.639,3014.86,2.185,2.829,12.914,14.742,1.2,0,1,0,0,4.75,1668.249
14.04.2026 19:45:00,2804.497,1656.374,1736.594,3005.261,2.189,2.813,12.713,9.787,1.2,0,1,0,0,4.75,1661.124
14.04.2026 20:00:00,2804.498,1690.874,1764.375,3012.178,2.191,2.802,12.486,6.242,1.2,0,1,0,0,4.743,1695.624
14.04.2026 20:15:00,2804.49,1645.124,1801.755,3014.363,2.193,2.79,12.385,2.023,1.2,0,1,0,0,4.75,1649.874
14.04.2026 20:30:00,2804.498,1685.623,1755.969,3013.214,2.196,2.771,12.088,0.463,1.2,0,1,0,0,4.75,1690.374
14.04.2026 20:45:00,2804.498,1639.739,1755.478,3013.026,2.2,2.75,11.81,0.459,1.2,0,1,0,0,4.75,1644.626
14.04.2026 21:00:00,2804.498,1532.244,1686.138,3014.451,2.2,2.745,11.839,0.553,1.2,0,1,0,0,4.75,1537.099
14.04.2026 21:15:00,2804.498,1769.623,1845.041,3003.171,2.2,2.742,11.871,0.521,1.2,0,1,0,0,4.75,1774.374
14.04.2026 21:30:00,2804.458,1725.717,1762.897,3000.83,2.197,2.758,11.801,0.491,1.2,0,1,0,0,4.75,1730.499
14.04.2026 21:45:00,2804.468,1683.749,1583.801,2800.26,2.203,2.755,11.646,0.508,1.2,0,1,0,0,4.75,1688.499
14.04.2026 22:00:00,2804.498,1595.605,1576.456,2942.854,2.202,2.776,11.766,0.452,1.2,0,1,0,0,4.75,1600.376
14.04.2026 22:15:00,2804.497,1580.999,1606.199,2976.051,2.199,2.798,11.823,0.45,1.2,0,1,0,0,4.75,1585.749
14.04.2026 22:30:00,2804.498,1545.496,1513.29,2897.484,2.195,2.817,11.875,0.502,1.2,0,1,0,0,4.816,1550.331
14.04.2026 22:45:00,2804.498,1509.749,1859.227,3014.159,2.192,2.826,11.851,0.476,1.2,0,1,0,0,4.75,1514.499
14.04.2026 23:00:00,2804.498,1575.749,1637.03,3014.681,2.185,2.832,11.809,0.45,1.2,0,1,0,0,4.75,1580.499
14.04.2026 23:15:00,2804.498,1628.624,1772.568,3014.131,2.181,2.844,11.786,0.555,1.2,0,1,0,0,4.75,1633.374
14.04.2026 23:30:00,2804.498,1580.999,1639.523,2986.58,2.179,2.831,11.677,0.457,1.2,0,1,0,0,4.75,1585.749
14.04.2026 23:45:00,2804.498,1484.249,1549.306,2979.296,2.178,2.816,11.63,0.502,1.2,0,1,0,0,4.75,1488.99
15.04.2026 00:00:00,2804.397,1504.035,1712.348,3013.323,2.184,2.799,11.711,0.471,1.2,0,1,0,0,4.75,1508.874
15.04.2026 00:15:00,2804.386,1668.04,1564.005,2850.25,2.196,2.758,11.628,0.478,0,0,1,0,0,6,1673.967
15.04.2026 00:30:00,2804.498,1748.243,1819.512,3009.909,2.207,2.721,11.508,0.465,0,0,1,0,0,6,1753.977
15.04.2026 00:45:00,2804.498,1766.874,1787.928,2948.157,2.206,2.728,11.588,0.477,0,0,1,0,0,6,1772.874
15.04.2026 01:00:00,2804.446,1675.204,1645.895,2883.74,2.205,2.736,11.455,0.45,0,0,1,0,0,6,1681.137
15.04.2026 01:15:00,2804.498,1570.749,1431.45,2801.618,2.207,2.742,11.462,0.451,0,0,1,0,0,6,1576.749
15.04.2026 01:30:00,2804.498,1453.576,1336.085,2828.817,2.206,2.76,11.439,0.568,0,0,1,0,0,6,1459.962
15.04.2026 01:45:00,2804.498,1636.751,1806.04,3014.173,2.205,2.79,11.26,0.45,0,0,1,0,0,6,1642.751
15.04.2026 02:00:00,2804.498,1694.624,1716.141,2953.954,2.193,2.841,11.279,0.486,0,0,1,0,0,4.75,1699.374
15.04.2026 02:15:00,2804.417,1689.624,1584.817,2812.865,2.189,2.835,11.24,0.58,0,0,1,0,0,6,1695.623
15.04.2026 02:30:00,2804.498,1540.046,1389.472,2780.834,2.19,2.823,11.037,0.48,0,0,1,0,0,6,1545.667
15.04.2026 02:45:00,2804.498,1436.874,1294.045,2781.711,2.195,2.803,11.065,0.467,0,0,1,0,0,6,1442.874
15.04.2026 03:00:00,2804.498,1284.999,1158.509,2786.357,2.195,2.804,11.191,0.472,0,0,1,0,0,6,1290.999
15.04.2026 03:15:00,2804.498,1313.155,1268.651,2885,2.199,2.785,11.185,0.455,0,0,1,0,0,6,1318.699
15.04.2026 03:30:00,2804.498,1371.249,1304.459,2828.651,2.2,2.775,11.182,0.466,0,0,1,0,0,6,1377.24
15.04.2026 03:45:00,2804.498,1741.567,2012.931,3015.166,2.199,2.775,11.068,0.459,0,0,1,0,0,6,1747.435
15.04.2026 04:00:00,2804.498,1853.934,1971.009,3015.647,2.184,2.814,10.779,0.464,0,0,1,0,0,4.75,1858.749
15.04.2026 04:15:00,2804.497,1709.249,1677.481,2897.276,2.176,2.823,10.417,0.466,0,0,1,0,0,4.75,1713.999
15.04.2026 04:30:00,2804.498,1630.499,1492.358,2818.356,2.176,2.808,10.522,0.456,0,0,1,0,0,4.75,1635.249
15.04.2026 04:45:00,2804.331,1580.996,1481.885,2812.63,2.185,2.786,10.793,0.457,0,0,1,0,0,4.832,1585.749
15.04.2026 05:00:00,2804.498,1480.495,1381.921,2827.896,2.192,2.775,10.725,0.453,0,0,1,0,0,4.75,1485.152
15.04.2026 05:15:00,2804.498,1423.499,1432.391,2925.489,2.197,2.77,10.805,0.46,0,0,1,0,0,4.75,1428.249
15.04.2026 05:30:00,2804.498,1388.092,1407.783,2938.931,2.201,2.766,10.996,0.458,0,0,1,0,0,4.75,1393.486
15.04.2026 05:45:00,2804.391,1530.769,1401.846,2816.48,2.207,2.75,10.772,0.465,0,0,1,0,0,6,1537.006
15.04.2026 06:00:00,2804.498,1588.499,1663.489,2996.961,2.206,2.763,10.797,0.45,0,0,1,0,0,4.75,1593.242
15.04.2026 06:15:00,2804.498,1629.249,1657.233,2940.283,2.195,2.805,10.894,0.554,0,0,1,0,0,6.039,1634.867
15.04.2026 06:30:00,2804.46,1664.078,1605.66,2864.911,2.193,2.804,10.884,1.002,0,0,1,0,0,6,1670.113
15.04.2026 06:45:00,2804.498,1678.075,1574.65,2807.323,2.197,2.787,10.779,3.124,0,0,1,0,0,6,1683.768
15.04.2026 07:00:00,2804.498,1725.749,1684.654,2913.503,2.195,2.8,10.7,6.893,0,0,1,0,0,4.75,1730.493
15.04.2026 07:15:00,2804.498,1647.624,1670.551,2985.223,2.191,2.814,10.748,17.55,0,0,1,0,0,6,1653.624
15.04.2026 07:30:00,2804.49,1641.999,1743.305,2995.159,2.184,2.823,10.674,37.638,0,0,1,0,0,6,1647.999
15.04.2026 07:45:00,2804.498,1649.499,1756.554,2979.68,2.179,2.821,11.18,64.492,0,0,1,0,0,6,1655.499
15.04.2026 08:00:00,2804.498,1792.336,1734.534,2911.552,2.183,2.79,11.594,82.07,0,0,1,0,0,6,1798.365
15.04.2026 08:15:00,2804.498,1848.374,1806.043,2864.15,2.191,2.765,11.915,104.492,0,0,1,0,0,8.5,1856.874
15.04.2026 08:30:00,2804.498,1681.744,1816.941,3012.672,2.188,2.787,12.188,115.425,0,0,1,0,0,34.606,1715.874
15.04.2026 08:45:00,2804.483,1824.794,1780.82,2891.819,2.187,2.795,12.393,120.929,0,0,1,0,0,63.25,1888.123
15.04.2026 09:00:00,2804.498,1640.149,1731.349,3013.154,2.186,2.798,12.471,133.601,0,0,1,0,0,96.088,1736.118
15.04.2026 09:15:00,2804.495,1689.69,1617.948,2822.433,2.192,2.778,12.447,172.505,0,0,1,0,0,129.278,1819.054
15.04.2026 09:30:00,2804.498,1606.594,1769.984,3013.384,2.194,2.778,13.094,217.695,0,0,1,0,0,155,1761.623
15.04.2026 09:45:00,2804.498,1576.54,1637.24,2954.311,2.194,2.783,13.853,355.72,0,0,1,0,0,183,1759.665
15.04.2026 10:00:00,2804.498,1415.499,1540.541,3015.097,2.193,2.786,15.415,366.274,0,0,1,0,0,216,1631.499
15.04.2026 10:15:00,2804.496,1357.853,1539.301,3014.383,2.192,2.787,16.409,427.897,0,0,1,0,0,250.253,1607.942
15.04.2026 10:30:00,2804.498,1395.632,1452.257,3012.426,2.194,2.776,17.473,404.791,0,0,1,0,0,274.5,1670.225
15.04.2026 10:45:00,2804.498,1274.837,1238.281,2902.948,2.194,2.778,17.974,620.322,0,0,1,0,0,311.035,1585.749
15.04.2026 11:00:00,2804.498,1137.252,1315.364,3014.311,2.196,2.782,19.999,601.331,0,0,1,0,0,373.5,1510.751
15.04.2026 11:15:00,2804.498,1027.211,1337.613,3014.557,2.194,2.798,20.782,559.844,0,0,1,0,0,406.886,1433.874
15.04.2026 11:30:00,2004.493,1021.751,1005.577,1953.193,2.225,2.7,23.331,1176.857,0,0,1,0,0,439.5,1461.251
15.04.2026 11:45:00,2004.142,998.269,1028.015,2151.197,2.26,2.593,26.388,1151.654,0,0,1,0,0,462.922,1461.251
15.04.2026 12:00:00,2004.158,809.876,911.396,2267.195,2.256,2.584,27.061,1131.307,0,0,1,0,0,492,1301.876
15.04.2026 12:15:00,2004.189,560.556,739.793,2318.152,2.247,2.588,26.998,1121.751,0,0,1,0,0,527.231,1087.676
15.04.2026 12:30:00,2004.054,507.588,495.82,2161.384,2.243,2.577,26.375,986.817,0,0,1,0,0,543.249,1050.974
15.04.2026 12:45:00,2004.457,495.233,498.039,2166.079,2.246,2.631,26.961,989.013,0,0,1,0,0,555.635,1051.001
15.04.2026 13:00:00,2004.311,484.623,538.16,2159.694,2.246,2.753,26.058,1064.878,0,0,1,0,0,566.339,1050.999
15.04.2026 13:15:00,2004.314,491.735,478.339,2114.093,2.247,2.875,25.525,972.327,0,0,1,0,0,559.348,1050.999
15.04.2026 13:30:00,2004.153,477.25,559.865,2174.273,2.25,2.91,25.665,888.467,0,0,1,0,0,573.749,1050.999
15.04.2026 13:45:00,2004.28,481,466.402,2128.186,2.249,2.906,25.77,1297.65,0,0,1,0,0,569.993,1050.999
15.04.2026 14:00:00,2004.245,471.029,440.499,2100.587,2.249,2.872,25.607,1448.829,0,0,1,0,0,579.749,1050.937
15.04.2026 14:15:00,2004.181,504,572.144,2212.411,2.249,2.857,25.824,1108.069,0,0,1,0,0,546.999,1050.999
15.04.2026 14:30:00,2004.245,461.636,570.023,2259.495,2.245,2.837,25.443,888.973,0,0,1,0,0,558.006,1019.775
15.04.2026 14:45:00,2004.353,549.374,563.611,2128.155,2.248,2.805,25.24,880.513,0,0,1,0,0,549.249,1098.624
15.04.2026 15:00:00,2003.931,464.411,415.663,2154.349,2.246,2.795,24.711,1009.74,0,0,1,0,0,522.362,987.006
15.04.2026 15:15:00,2004.076,560.953,583.13,2166.491,2.255,2.762,24.392,1096.863,0,0,1,0,0,518.514,1079.166
15.04.2026 15:30:00,2004.015,636.12,697.192,2230.975,2.252,2.777,23.789,1101.61,0,0,1,0,0,503.002,1139.126
15.04.2026 15:45:00,2004.218,846.357,699.292,1935.386,2.261,2.764,22.976,902.91,0,0,1,0,0,468.7,1314.999
15.04.2026 16:00:00,2004.267,934.624,794.046,1954.95,2.267,2.765,22.491,946.931,0,0,1,0,0,440.75,1375.374
15.04.2026 16:15:00,2004.257,790.999,782.564,2098.936,2.262,2.813,21.64,1037.815,0,0,1,0,0,384.5,1175.499
15.04.2026 16:30:00,2004.282,920.195,826.176,2072.508,2.264,2.825,21.425,968.103,0,0,1,0,0,358.187,1278.249
15.04.2026 16:45:00,2004.151,1018.929,1066.181,2181.253,2.264,2.841,20.843,740.54,0,0,1,0,0,313.163,1332.08
15.04.2026 17:00:00,2004.031,998.624,888.903,2032.865,2.265,2.829,20.49,550.134,0,0,1,0,0,290.5,1289.124
15.04.2026 17:15:00,2904.748,1110.85,1001.147,2909.41,2.236,2.917,20.089,473.931,0,0,1,0,0,255.287,1365.999
15.04.2026 17:30:00,2904.748,1130.999,1025.49,2959.766,2.21,2.944,19.692,377.107,0,0,1,0,0,218.5,1349.499
15.04.2026 17:45:00,2904.748,1125.15,1085.447,2942.641,2.189,2.959,19.422,356.013,0,0,1,0,0,169.529,1294.751
15.04.2026 18:00:00,2904.748,1307.49,1266.602,2954.314,2.172,2.95,19.18,345.381,0,0,1,0,0,124.508,1431.9
15.04.2026 18:15:00,2904.748,1273.501,1325.708,3017.382,2.151,2.937,19.091,298.609,0,0,1,0,0,103.75,1377.251
15.04.2026 18:30:00,2904.748,1358.065,1402.17,3016.14,2.134,2.923,18.823,249.128,0,0,1,0,0,85.004,1442.874
15.04.2026 18:45:00,2904.748,1361.374,1447.388,3015.924,2.133,2.908,18.651,194.025,0,0,1,0,0,59.75,1421.124
15.04.2026 19:00:00,2904.717,1418.764,1523.686,3016.761,2.146,2.901,18.012,166.311,0,0,1,0,0,41.389,1459.718
15.04.2026 19:15:00,2904.748,1498.626,1768.747,3016.479,2.167,2.892,17.651,133.574,0,0,1,0,0,23.113,1521.778
15.04.2026 19:30:00,2904.748,1543.633,1771.603,3016.354,2.19,2.877,17.12,79.65,0,0,1,0,0,10.75,1554.446
15.04.2026 19:45:00,2904.689,1539.15,1755.963,3016.47,2.209,2.849,16.739,22.981,0,0,1,0,0,7.25,1546.078
15.04.2026 20:00:00,2904.748,1570.749,1641.777,3016.708,2.221,2.815,15.97,9.787,0,0,1,0,0,6,1576.749
15.04.2026 20:15:00,2904.689,1529.256,1675.371,3016.252,2.221,2.77,15.588,4.387,0,0,1,0,0,6,1535.004
15.04.2026 20:30:00,2904.706,1565.124,1733.827,3015.925,2.217,2.716,15.395,1.242,0,0,1,0,0,6,1571.124
15.04.2026 20:45:00,2904.623,1523.728,1720.349,3016.066,2.213,2.683,15.295,0.456,0,0,1,0,0,6,1529.314
15.04.2026 21:00:00,2904.748,1424.124,1592.396,3016.437,2.208,2.697,15.141,0.421,0,0,1,0,0,6,1430.124
15.04.2026 21:15:00,2904.748,1643.874,1828.648,3016.986,2.204,2.77,15.28,0.45,0,0,1,0,0,6,1649.874
15.04.2026 21:30:00,2904.748,1601.876,1810.034,3016.546,2.199,2.838,15.164,0.451,0,0,1,0,0,6,1607.876
15.04.2026 21:45:00,2904.748,1565.124,1723.614,3017.081,2.195,2.863,14.822,0.459,0,0,1,0,0,6,1571.124
15.04.2026 22:00:00,2904.748,1482.946,1659.113,3016.672,2.192,2.877,14.511,0.45,0,0,1,0,0,6.005,1488.989
15.04.2026 22:15:00,2904.748,1469.685,1701.919,3016.322,2.188,2.864,14.202,0.455,0,0,1,0,0,6,1475.842
15.04.2026 22:30:00,2904.373,1436.943,1712.145,3016.731,2.186,2.854,14.086,0.514,0,0,1,0,0,6,1442.876
15.04.2026 22:45:00,2904.748,1404.251,1819.7,3016.249,2.183,2.849,13.832,0.517,0,0,1,0,0,5.929,1410.249
15.04.2026 23:00:00,2904.748,1464.022,1683.421,3016.731,2.183,2.845,13.389,0.463,0,0,1,0,0,6,1470.266
15.04.2026 23:15:00,2904.748,1512.217,1726.199,3016.815,2.184,2.843,13.272,0.509,0,0,1,0,0,6,1518.249
15.04.2026 23:30:00,2904.748,1470.965,1563.732,3017.274,2.186,2.839,13.397,0.464,0,0,1,0,0,4.75,1475.74
15.04.2026 23:45:00,2904.748,1378.501,1357.929,3016.869,2.189,2.834,13.589,0.539,0,0,1,0,0,6,1384.559
16.04.2026 00:00:00,2904.647,1398.513,1535.765,3015.963,2.193,2.823,13.651,0.472,0,0,1,0,0,6,1404.594
16.04.2026 00:15:00,2904.377,1637.999,1455.616,2834.678,2.205,2.786,13.75,0.45,0,0,1,0,0,4.75,1642.749
16.04.2026 00:30:00,2904.356,1712.999,1808.833,3015.442,2.209,2.75,13.716,0.451,0,0,1,0,0,4.75,1717.749
16.04.2026 00:45:00,2904.431,1731.374,1729.741,3015.801,2.203,2.747,13.722,0.45,0,0,1,0,0,4.75,1736.124
16.04.2026 01:00:00,2904.618,1645.124,1472.156,2871.18,2.2,2.743,13.805,0.466,0,0,1,0,0,4.75,1649.874
16.04.2026 01:15:00,2904.336,1539.124,1333.018,2834.515,2.203,2.729,13.808,0.45,0,0,1,0,0,4.75,1543.8
16.04.2026 01:30:00,2904.559,1427.251,1155.765,2754.585,2.208,2.732,13.83,0.494,0,0,1,0,0,4.75,1432.001
16.04.2026 01:45:00,2904.297,1603.124,1706.547,3015.841,2.21,2.762,13.895,0.494,0,0,1,0,0,4.75,1607.874
16.04.2026 02:00:00,2904.306,1659.751,1652.097,3016.519,2.195,2.834,13.895,0.503,0,0,1,0,0,4.75,1664.501
16.04.2026 02:15:00,2904.67,1656.374,1540.919,2882.949,2.185,2.853,13.795,0.449,0,0,1,0,0,4.75,1661.124
16.04.2026 02:30:00,2904.142,1511.624,1311.637,2857.394,2.181,2.847,13.749,0.486,0,0,1,0,0,4.75,1516.374
16.04.2026 02:45:00,2904.47,1410.691,1209.547,2807.691,2.185,2.835,13.632,0.45,0,0,1,0,0,4.75,1415.499
16.04.2026 03:00:00,2904.193,1260.623,1163.085,2935.151,2.182,2.845,13.477,0.486,0,0,1,0,0,4.75,1265.172
16.04.2026 03:15:00,2904.488,1288.124,1188.955,2904.152,2.184,2.835,13.487,0.492,0,0,1,0,0,4.75,1292.874
16.04.2026 03:30:00,2904.43,1344.749,1304.052,3012.619,2.185,2.832,13.408,0.45,0,0,1,0,0,4.75,1349.499
16.04.2026 03:45:00,2904.448,1707.374,1979.29,3016.255,2.189,2.817,13.396,0.489,0,0,1,0,0,4.75,1712.124
16.04.2026 04:00:00,2904.407,1817.272,1882.904,3015.693,2.185,2.823,13.383,0.444,0,0,1,0,0,4.748,1822.189
16.04.2026 04:15:00,2904.454,1672.895,1605.721,2984.492,2.185,2.819,13.165,0.467,0,0,1,0,0,4.75,1677.626
16.04.2026 04:30:00,2904.429,1595.624,1400.782,2859.29,2.193,2.794,13.283,0.456,0,0,1,0,0,4.75,1600.372
16.04.2026 04:45:00,2904.542,1548.68,1384.223,2885.477,2.202,2.757,13.388,0.451,0,0,1,0,0,4.672,1553.616
16.04.2026 05:00:00,2904.414,1451.249,1317.451,2871.465,2.204,2.734,13.33,0.472,0,0,1,0,0,4.75,1455.999
16.04.2026 05:15:00,2904.272,1395.158,1268.952,2877.155,2.204,2.721,13.276,0.468,0,0,1,0,0,4.75,1399.959
16.04.2026 05:30:00,2904.367,1361.249,1359.977,3015.557,2.198,2.737,13.088,0.468,0,0,1,0,0,4.75,1365.998
16.04.2026 05:45:00,2904.387,1500.374,1413.512,2932.64,2.199,2.747,13.082,0.451,0,0,1,0,0,4.75,1505.124
16.04.2026 06:00:00,2904.601,1556.93,1592.515,3015.406,2.194,2.782,13.075,0.451,0,0,1,0,0,4.642,1561.577
16.04.2026 06:15:00,2904.534,1595.624,1504.325,2912.131,2.189,2.823,13,0.45,0,0,1,0,0,4.75,1600.374
16.04.2026 06:30:00,2904.425,1632.252,1538.252,2910.258,2.19,2.824,12.933,1.034,0,0,1,0,0,4.75,1637.09
16.04.2026 06:45:00,2904.549,1645.124,1565.916,2947.173,2.192,2.816,12.791,3.058,0,0,1,0,0,4.75,1649.874
16.04.2026 07:00:00,2904.534,1690.847,1595.793,2912.748,2.192,2.817,12.878,8.127,0,0,1,0,0,4.75,1695.528
16.04.2026 07:15:00,2904.385,1614.422,1505.579,2927.242,2.192,2.81,12.982,15.406,0,0,1,0,0,4.75,1618.857
16.04.2026 07:30:00,2904.303,1610.632,1709.953,3015.872,2.188,2.826,13.085,22.484,0,0,1,0,0,4.75,1615.377
16.04.2026 07:45:00,2904.252,1616.007,1816.734,3016.586,2.183,2.823,13.227,27.45,0,0,1,0,0,4.75,1620.919
16.04.2026 08:00:00,2904.501,1758.007,1951.32,3016.199,2.181,2.817,13.32,42.739,0,0,1,0,0,4.75,1762.816
16.04.2026 08:15:00,2904.548,1813.883,1814.424,3006.76,2.181,2.809,13.46,73.592,0,0,1,0,0,4.75,1818.627
16.04.2026 08:30:00,2904.428,1651.853,1874.951,3016.599,2.183,2.798,13.743,112.267,0,0,1,0,0,29.256,1681.035
16.04.2026 08:45:00,2904.464,1796.874,1790.095,3015.769,2.188,2.783,13.932,161.313,0,0,1,0,0,54.75,1851.597
16.04.2026 09:00:00,2904.6,1619.358,1787.218,3015.728,2.192,2.765,14.53,193.328,0,0,1,0,0,81.841,1701.238
16.04.2026 09:15:00,2904.643,1670.874,1667.866,3013.429,2.197,2.745,15.09,213.881,0,0,1,0,0,111,1781.827
16.04.2026 09:30:00,2904.553,1507.126,1615.588,3014.259,2.201,2.735,15.678,271.189,0,0,1,0,0,131.75,1638.961
16.04.2026 09:45:00,2904.439,1479.003,1592.069,3015.313,2.203,2.736,16.518,311.322,0,0,1,0,0,156.25,1635.249
16.04.2026 10:00:00,2904.439,1333.372,1661.79,3016.396,2.202,2.748,17.606,394.714,0,0,1,0,0,183,1516.187
16.04.2026 10:15:00,2904.408,1283.874,1429.977,3015.137,2.2,2.767,19.409,854.677,0,0,1,0,0,212.25,1496.113
16.04.2026 10:30:00,2904.496,1321.218,1271.975,2888.71,2.2,2.784,23.351,846.357,0,0,1,0,0,233.155,1554.047
16.04.2026 10:45:00,2904.38,1211.443,862.253,2651.479,2.21,2.76,26.355,842.322,0,0,1,0,0,264.025,1474.934
16.04.2026 11:00:00,2904.528,1087.999,995.918,2951.818,2.209,2.778,27.951,866.587,0,0,1,0,0,318.5,1406.499
16.04.2026 11:15:00,2704.498,985.883,964.404,2769.103,2.21,2.787,28.918,901.574,0,0,1,0,0,346.75,1332.401
16.04.2026 11:30:00,2704.498,985.999,1001.885,2836.36,2.215,2.774,29.741,1136.468,0,0,1,0,0,374.711,1360.749
16.04.2026 11:45:00,2704.498,966.459,947.743,2802.445,2.209,2.798,30.305,1282.607,0,0,1,0,0,394.25,1360.749
16.04.2026 12:00:00,2704.498,792.478,910.469,2894.199,2.196,2.843,31.225,1231.761,0,0,1,0,0,419.988,1212.249
16.04.2026 12:15:00,2704.502,563.48,567.313,2803.808,2.186,2.853,31.453,1123.358,0,0,1,0,0,449.25,1012.532
16.04.2026 12:30:00,2704.498,514.901,432.934,2711.958,2.189,2.827,31.562,1042.199,0,0,1,0,0,462.955,977.874
16.04.2026 12:45:00,2704.498,504.375,340.362,2657.854,2.203,2.791,30.814,1083.925,0,0,1,0,0,473.5,977.874
16.04.2026 13:00:00,2704.498,495.625,388.667,2737.167,2.209,2.774,30.547,1000.203,0,0,1,0,0,482.25,977.874
16.04.2026 13:15:00,2704.498,501.875,469.916,2830.86,2.205,2.786,29.827,1024.556,0,0,1,0,0,476,977.874
16.04.2026 13:30:00,2704.498,489.625,542.277,2849.649,2.2,2.798,29.792,1072.033,0,0,1,0,0,488.25,977.874
16.04.2026 13:45:00,2704.498,493.375,594.458,2923.183,2.193,2.812,28.989,1304.326,0,0,1,0,0,484.5,977.874
16.04.2026 14:00:00,2704.498,484.625,539.781,2931.111,2.187,2.831,28.938,1448.797,0,0,1,0,0,493.25,977.874
16.04.2026 14:15:00,2704.487,511.628,511.711,2824.097,2.184,2.834,28.751,1448.107,0,0,1,0,0,466.205,977.874
16.04.2026 14:30:00,2704.498,473.866,559.054,2980.397,2.185,2.834,28.002,1034.797,0,0,1,0,0,474.75,948.624
16.04.2026 14:45:00,2704.515,553.125,633.54,2847.949,2.189,2.829,27.69,934.607,0,0,1,0,0,468.71,1021.749
16.04.2026 15:00:00,2704.498,473.331,588.403,2914.931,2.194,2.822,27.599,961.93,0,0,1,0,0,444.25,917.722
16.04.2026 15:15:00,2704.498,561.714,516.473,2817.835,2.207,2.806,27.264,1054.721,0,0,1,0,0,442,1004.422
16.04.2026 15:30:00,2704.498,631.893,627.167,2846.594,2.217,2.763,26.968,1061.303,0,0,1,0,0,428.5,1060.38
16.04.2026 15:45:00,2704.404,827.002,645.084,2654.259,2.229,2.708,26.17,900.428,0,0,1,0,0,398,1225.048
16.04.2026 16:00:00,2704.498,904.136,784.067,2681.824,2.236,2.674,25.78,793.785,0,0,1,0,0,375.997,1280.059
16.04.2026 16:15:00,2904.215,848.499,842.82,2993.989,2.219,2.755,25.217,900.438,0,0,1,0,0,327,1175.499
16.04.2026 16:30:00,2904.301,972.896,953.939,2999.939,2.21,2.841,24.857,767.798,0,0,1,0,0,305.314,1278.249
16.04.2026 16:45:00,2904.466,1065.812,949.058,2937.075,2.204,2.896,24.112,578.252,0,0,1,0,0,267.059,1332.86
16.04.2026 17:00:00,2904.457,1041.469,966.363,2958.968,2.203,2.914,24.118,491.716,0,0,1,0,0,247.749,1289.119
16.04.2026 17:15:00,2904.349,1148.749,1008.316,2910.087,2.205,2.917,24.06,453.296,0,0,1,0,0,217.25,1365.999
16.04.2026 17:30:00,2904.372,1163.965,1173.394,2997.783,2.201,2.92,23.33,325.167,0,0,1,0,0,185.5,1349.491
16.04.2026 17:45:00,2904.466,1149.938,1299.719,3016.493,2.198,2.923,23.097,321.149,0,0,1,0,0,144.752,1294.83
16.04.2026 18:00:00,2904.508,1324.749,1441.386,3015.997,2.199,2.918,22.686,157.708,0,0,1,0,0,107.25,1431.999
16.04.2026 18:15:00,2904.464,1288.797,1412.765,3017.768,2.195,2.927,22.141,153.139,0,0,1,0,0,88.513,1377.235
16.04.2026 18:30:00,2904.253,1369.624,1450.139,3016.761,2.194,2.931,21.609,129.532,0,0,1,0,0,73.25,1442.874
16.04.2026 18:45:00,2904.323,1369.876,1567.964,3017.76,2.196,2.933,21.379,108.897,0,0,1,0,0,51.25,1421.126
16.04.2026 19:00:00,2904.451,1423.137,1490.289,3016.43,2.196,2.934,21.003,87.862,0,0,1,0,0,36.261,1459.466
16.04.2026 19:15:00,2904.447,1500.874,1582.767,3018.118,2.199,2.937,20.472,63.316,0,0,1,0,0,20.75,1521.624
16.04.2026 19:30:00,2904.486,1549.24,1468.221,2997.408,2.208,2.93,19.922,57.674,0,0,1,0,0,4.761,1553.99
16.04.2026 19:45:00,2904.388,1540.917,1568.574,3017.455,2.212,2.936,19.696,24.645,0,0,1,0,0,4.75,1545.644
16.04.2026 20:00:00,2904.519,1571.999,1573.463,3019.013,2.216,2.941,18.812,13.684,0,0,1,0,0,4.75,1576.749
16.04.2026 20:15:00,2904.506,1530.001,1614.64,3017.272,2.217,2.949,18.277,4.593,0,0,1,0,0,4.75,1534.751
16.04.2026 20:30:00,2904.633,1566.372,1711.541,3017.035,2.217,2.949,17.582,1.031,0,0,1,0,0,4.75,1571.124
16.04.2026 20:45:00,2904.551,1524.294,1578.052,3017.562,2.214,2.959,17.296,0.451,0,0,1,0,0,4.75,1529.16
16.04.2026 21:00:00,2904.167,1425.374,1561.613,3017.837,2.208,2.973,16.858,0.499,0,0,1,0,0,4.75,1430.124
16.04.2026 21:15:00,2904.53,1645.124,1826.627,3017.581,2.202,2.991,16.725,0.458,0,0,1,0,0,4.75,1649.874
16.04.2026 21:30:00,2904.361,1603.124,1783.765,3018.804,2.196,3.005,16.49,0.498,0,0,1,0,0,4.75,1607.874
16.04.2026 21:45:00,2904.426,1566.374,1672.876,3018.605,2.187,3.015,16.33,0.45,0,0,1,0,0,4.75,1571.124
16.04.2026 22:00:00,2904.321,1484.246,1599.187,3018.78,2.175,3.019,16.217,0.463,0,0,1,0,0,4.75,1488.999
16.04.2026 22:15:00,2904.257,1470.257,1605.3,3018.457,2.163,3.027,15.832,0.491,0,0,1,0,0,4.702,1474.996
16.04.2026 22:30:00,2904.264,1438.124,1559.832,3017.587,2.15,3.026,15.378,0.47,0,0,1,0,0,4.75,1442.874
16.04.2026 22:45:00,2904.522,1405.499,1663.189,3018.113,2.141,3.025,15.006,0.474,0,0,1,0,0,4.75,1410.249
16.04.2026 23:00:00,2904.388,1464.088,1613.531,3018.972,2.147,3.022,14.752,0.373,0,0,1,0,0,4.75,1469.008
16.04.2026 23:15:00,2904.393,1513.507,1717.059,3018.988,2.159,3.017,14.377,0.494,0,0,1,0,0,4.75,1518.252
16.04.2026 23:30:00,2904.182,1469.908,1608.148,3018.526,2.177,3.016,14.495,0.604,0,0,1,0,0,4.75,1474.448
16.04.2026 23:45:00,2904.174,1379.626,1413.233,3018.188,2.191,2.992,14.166,0.623,0,0,1,0,0,4.75,1384.376
17.04.2026 00:00:00,2904.313,1399.263,1485.843,3017.8,2.207,2.971,13.899,0.458,0,0,1,0,0,4.75,1403.869
17.04.2026 00:15:00,2904.748,1669.93,1475.148,2843.221,2.222,2.938,13.557,0.474,0,0,1,0,0,4.75,1675.167
17.04.2026 00:30:00,2904.748,1749.749,1796.118,3017.52,2.221,2.935,13.369,0.462,0,0,1,0,0,4.75,1754.499
17.04.2026 00:45:00,2904.748,1768.124,1666.7,2951.048,2.211,2.941,13.351,0.45,0,0,1,0,0,4.75,1772.874
17.04.2026 01:00:00,2904.748,1677.919,1356.71,2760.116,2.21,2.93,13.313,0.499,0,0,1,0,0,4.75,1682.414
17.04.2026 01:15:00,2904.748,1571.999,1332.753,2774.308,2.212,2.943,13.1,0.46,0,0,1,0,0,4.75,1576.749
17.04.2026 01:30:00,2904.748,1456.074,1241.321,2844.386,2.208,2.958,12.957,0.583,0,0,1,0,0,4.75,1461.03
17.04.2026 01:45:00,2904.721,1637.999,1763.945,3017.094,2.203,2.965,12.993,0.51,0,0,1,0,0,4.75,1642.749
17.04.2026 02:00:00,2904.748,1694.632,1688.85,3018.309,2.186,2.986,12.735,0.452,0,0,1,0,0,4.666,1699.374
17.04.2026 02:15:00,2904.748,1690.874,1559.137,2915.954,2.174,2.987,12.567,0.515,0,0,1,0,0,4.75,1695.624
17.04.2026 02:30:00,2904.748,1542.505,1329.549,2826.471,2.168,2.995,12.65,0.518,0,0,1,0,0,4.749,1547.43
17.04.2026 02:45:00,2904.73,1438.295,1252.992,2808.595,2.172,2.978,12.701,0.6,0,0,1,0,0,4.75,1442.923
17.04.2026 03:00:00,2904.748,1286.242,1206.787,2961.057,2.172,2.98,12.557,0.44,0,0,1,0,0,4.75,1291.001
17.04.2026 03:15:00,2904.748,1315.414,1285.066,2974.639,2.175,2.976,12.512,0.483,0,0,1,0,0,4.75,1320.153
17.04.2026 03:30:00,2904.741,1372.71,1356.495,3015.575,2.179,2.971,12.421,0.477,0,0,1,0,0,4.75,1377.431
17.04.2026 03:45:00,2904.748,1743.775,1925.286,3016.443,2.19,2.958,12.37,0.458,0,0,1,0,0,4.75,1748.567
17.04.2026 04:00:00,2904.748,1854.001,1734.117,2927.644,2.193,2.955,12.192,0.521,0,0,1,0,0,4.75,1858.751
17.04.2026 04:15:00,2904.748,1709.244,1552.632,2858.463,2.203,2.938,12.079,0.507,0,0,1,0,0,4.75,1713.998
17.04.2026 04:30:00,2904.748,1630.499,1485.946,2873.45,2.21,2.924,11.862,0.492,0,0,1,0,0,4.75,1635.249
17.04.2026 04:45:00,2904.748,1580.999,1450.458,2869.954,2.211,2.918,11.884,0.452,0,0,1,0,0,4.75,1585.749
17.04.2026 05:00:00,2904.71,1480.499,1433.833,2990.931,2.204,2.926,11.801,0.515,0,0,1,0,0,4.75,1485.249
17.04.2026 05:15:00,2904.748,1423.499,1283.467,2861.772,2.198,2.927,11.622,0.456,0,0,1,0,0,4.75,1428.249
17.04.2026 05:30:00,2904.748,1388.999,1405.85,3015.928,2.191,2.943,11.622,0.463,0,0,1,0,0,4.75,1393.748
17.04.2026 05:45:00,2904.728,1533.226,1547.65,2987.545,2.187,2.949,11.588,0.495,0,0,1,0,0,4.75,1538.124
17.04.2026 06:00:00,2904.748,1588.506,1519.783,2977.073,2.182,2.952,11.444,0.495,0,0,1,0,0,4.75,1593.252
17.04.2026 06:15:00,2904.706,1630.499,1619.997,2963.073,2.182,2.951,11.397,0.5,0,0,1,0,0,4.75,1635.249
17.04.2026 06:30:00,2904.748,1666.333,1658.382,3015.437,2.183,2.952,11.39,3.825,0,0,1,0,0,4.75,1670.65
17.04.2026 06:45:00,2904.748,1679.987,1710.293,2982.843,2.181,2.951,11.265,9.337,0,0,1,0,0,4.75,1684.749
17.04.2026 07:00:00,2904.748,1725.794,1738.146,3012.224,2.185,2.944,11.258,19.125,0,0,1,0,0,4.75,1730.526
17.04.2026 07:15:00,2904.748,1648.876,1657.331,3010.774,2.187,2.94,11.293,31.837,0,0,1,0,0,4.75,1653.626
17.04.2026 07:30:00,2904.748,1643.249,1653.779,3015.163,2.189,2.934,11.299,50.622,0,0,1,0,0,4.75,1647.999
17.04.2026 07:45:00,2904.735,1650.582,1856.027,3016.589,2.191,2.93,11.436,59.286,0,0,1,0,0,4.75,1655.501
17.04.2026 08:00:00,2904.748,1793.624,1897.16,3016.543,2.194,2.926,11.749,67.053,0,0,1,0,0,4.75,1798.374
17.04.2026 08:15:00,2904.748,1852.124,1802.12,2991.143,2.199,2.912,11.983,78.961,0,0,1,0,0,4.75,1856.874
17.04.2026 08:30:00,2904.748,1686.214,1549.079,2958.294,2.201,2.913,12.186,73.636,0,0,1,0,0,29.85,1715.873
17.04.2026 08:45:00,2904.748,1834.729,1611.817,2804.284,2.212,2.885,12.108,74.605,0,0,1,0,0,54.75,1889.073
17.04.2026 09:00:00,2904.738,1653.712,1488.933,2823.29,2.211,2.899,12.423,88.311,0,0,1,0,0,82.897,1736.751
17.04.2026 09:15:00,2904.748,1709.338,1357.313,2536.735,2.222,2.854,14.499,644.414,0,0,1,0,0,111,1820.271
17.04.2026 09:30:00,2904.747,1629.054,1294.053,2719.45,2.219,2.851,18.502,716.983,0,0,1,0,0,132.77,1761.623
17.04.2026 09:45:00,2904.748,1603.499,1066.947,2572.752,2.22,2.839,21.137,762.491,0,0,1,0,0,156.25,1759.749
17.04.2026 10:00:00,2904.748,1448.329,1096.658,2637.166,2.214,2.856,22.83,792.727,0,0,1,0,0,183.263,1631.499
17.04.2026 10:15:00,2904.748,1396.222,1065.807,2669.357,2.21,2.881,24.715,777.895,0,0,1,0,0,212.25,1608.534
17.04.2026 10:30:00,2904.748,1436.754,923.906,2495.373,2.21,2.886,26.823,833.154,0,0,1,0,0,234.218,1670.907
17.04.2026 10:45:00,2904.746,1321.081,1102.607,2730.59,2.218,2.906,28.295,739.334,0,0,1,0,0,264.747,1585.768
17.04.2026 11:00:00,2904.748,1192.32,1022.166,2860.765,2.224,2.943,29.131,828.603,0,0,1,0,0,318.5,1510.918
17.04.2026 11:15:00,2705.301,1087.009,1061.438,2775.382,2.229,2.943,30.028,1102.714,0,0,1,0,0,346.871,1433.874
17.04.2026 11:30:00,2705.359,1087.908,1020.009,2764.46,2.23,2.93,30.309,1376.362,0,0,1,0,0,374.75,1463.018
17.04.2026 11:45:00,2705.288,1068.706,1062.069,2820.833,2.228,2.893,30.505,1433.697,0,0,1,0,0,394.4,1462.965
17.04.2026 12:00:00,2705.289,882.434,885.966,2850.647,2.218,2.907,30.342,1403.779,0,0,1,0,0,420,1302.207
17.04.2026 12:15:00,2704.502,638.495,846.139,2992.785,2.216,2.927,30.024,719.16,0,0,1,0,0,449.25,1087.749
17.04.2026 12:30:00,2704.502,587.464,639.147,2877.264,2.214,2.924,29.829,918.543,0,0,1,0,0,463.673,1051.001
17.04.2026 12:45:00,2704.571,577.501,313.061,2577.91,2.225,2.897,30.809,1069.56,0,0,1,0,0,473.5,1051.026
17.04.2026 13:00:00,2704.644,568.751,512.485,2816.108,2.233,2.881,30.909,996.046,0,0,1,0,0,482.25,1051.237
17.04.2026 13:15:00,2704.632,574.999,473.164,2710.671,2.239,2.866,31.329,905.962,0,0,1,0,0,476,1050.999
17.04.2026 13:30:00,2704.529,562.823,587.403,2856.951,2.23,2.89,31.139,828.206,0,0,1,0,0,488.25,1051.021
17.04.2026 13:45:00,2704.551,566.501,630.919,2476.845,2.222,3.026,31.081,1330.466,0,0,1,0,0,484.5,1051.001
17.04.2026 14:00:00,2704.483,557.751,718.015,2478.018,2.213,3.122,30.147,1343.78,0,0,1,0,0,493.25,1051.001
17.04.2026 14:15:00,2704.299,584.753,1286.128,2477.383,2.21,3.113,27.645,605.496,0,0,1,0,0,466.25,1051.001
17.04.2026 14:30:00,2704.518,545.125,1055.1,3012.328,2.208,3.039,26.082,583.828,0,0,1,0,0,474.75,1019.875
17.04.2026 14:45:00,2704.552,643.055,1268.267,3012.476,2.208,2.971,25.357,536.86,0,0,1,0,0,455.696,1098.624
17.04.2026 15:00:00,2704.502,581.894,923.54,3013.07,2.209,2.949,25.296,764.085,0,0,1,0,0,405.495,987.228
17.04.2026 15:15:00,2704.446,674.758,1181.562,3011.803,2.211,2.94,26.128,598.055,0,0,1,0,0,405.638,1080.248
17.04.2026 15:30:00,2704.505,783.093,1007.948,3007.128,2.214,2.935,26.338,679.978,0,0,1,0,0,355.927,1139.331
17.04.2026 15:45:00,2704.53,969.812,519.285,2338.122,2.24,2.874,26.875,904.831,0,0,1,0,0,345.633,1315.401
17.04.2026 16:00:00,2904.748,1029.874,810.499,2807.142,2.251,2.865,26.912,702.854,0,0,1,0,0,345.613,1375.383
17.04.2026 16:15:00,2904.748,958.097,725.65,2755.918,2.25,2.89,26.599,871.377,0,0,1,0,0,305.484,1263.624
17.04.2026 16:30:00,2904.748,1118.125,791.559,2699.302,2.254,2.882,26.267,874.71,0,0,1,0,0,255.509,1373.504
17.04.2026 16:45:00,2904.748,1226.999,745.823,2513.276,2.264,2.886,26.076,786.405,0,0,1,0,0,205,1431.999
17.04.2026 17:00:00,2904.748,1232.813,890.153,2610.872,2.268,2.904,26.419,664.634,0,0,1,0,0,154.926,1386.952
17.04.2026 17:15:00,2904.748,1365.243,797.068,2469.433,2.272,2.911,25.468,575.594,0,0,1,0,0,105,1470.46
17.04.2026 17:30:00,2904.721,1395.982,1182.914,2791.221,2.274,2.928,25.206,482.837,0,0,1,0,0,54.75,1450.609
17.04.2026 17:45:00,2904.748,1386.726,1500.442,3018.454,2.257,2.996,23.874,144.123,0,0,1,0,0,4.75,1391.604
17.04.2026 18:00:00,2904.748,1536.779,1586.455,3016.409,2.25,3.014,23.084,130.552,0,0,1,0,0,4.75,1541.583
17.04.2026 18:15:00,2904.748,1474.875,1462.583,3015.407,2.245,3.028,22.675,265.547,0,0,1,0,0,4.75,1479.624
17.04.2026 18:30:00,2904.731,1547.999,1537.279,3014.521,2.245,3.018,22.015,102.709,0,0,1,0,0,4.75,1552.703
17.04.2026 18:45:00,2904.748,1522.522,1390.693,2901.249,2.246,3.009,21.398,115.184,0,0,1,0,0,4.75,1527.424
17.04.2026 19:00:00,2904.748,1564.527,1447.796,2869.809,2.25,2.992,21.069,89.556,0,0,1,0,0,4.75,1569.249
17.04.2026 19:15:00,2904.748,1632.374,1528.396,2943.699,2.252,2.99,20.718,79.65,0,0,1,0,0,4.75,1637.124
17.04.2026 19:30:00,2904.72,1663.522,1499.476,2843.341,2.255,2.986,20.626,61.537,0,0,1,0,0,4.851,1668.722
17.04.2026 19:45:00,2904.748,1656.376,1534.281,2917.561,2.256,2.994,19.921,18.249,0,0,1,0,0,4.75,1661.126
17.04.2026 20:00:00,2904.748,1690.874,1532.606,2887.987,2.256,3.002,19.59,11.907,0,0,1,0,0,4.75,1695.624
17.04.2026 20:15:00,2904.706,1645.126,1559.465,2937.665,2.255,3.013,19.052,3.657,0,0,1,0,0,4.75,1649.876
17.04.2026 20:30:00,2904.748,1685.624,1514.213,2851.607,2.257,3.024,18.595,0.45,0,0,1,0,0,4.75,1690.374
17.04.2026 20:45:00,2904.748,1639.859,1474.479,2872.452,2.258,3.019,18.475,0.45,0,0,1,0,0,4.751,1644.612
17.04.2026 21:00:00,2904.748,1533.263,1533.076,3014.103,2.252,3.033,18.278,0.487,0,0,1,0,0,4.75,1537.967
17.04.2026 21:15:00,2904.748,1769.624,1795.898,2979.66,2.253,3.028,18.19,0.45,0,0,1,0,0,4.75,1774.374
17.04.2026 21:30:00,2904.748,1725.941,1611.561,2942,2.25,3.033,18.053,0.45,0,0,1,0,0,4.747,1730.621
17.04.2026 21:45:00,2904.748,1683.749,1543.919,2839.806,2.252,3.025,17.903,0.46,0,0,1,0,0,4.75,1688.458
17.04.2026 22:00:00,2904.748,1596.281,1490.378,2877.841,2.251,3.024,17.917,0.451,0,0,1,0,0,4.75,1600.882
17.04.2026 22:15:00,2904.748,1581.001,1493.884,2923.556,2.249,3.026,17.732,0.451,0,0,1,0,0,4.75,1585.751
17.04.2026 22:30:00,2904.748,1546.344,1503.301,2993.971,2.248,3.031,17.389,0.492,0,0,1,0,0,4.75,1551.074
17.04.2026 22:45:00,2904.748,1509.87,1693.638,3013.308,2.245,3.033,17.293,0.45,0,0,1,0,0,4.75,1514.509
17.04.2026 23:00:00,2904.748,1575.754,1621.444,3014.294,2.243,3.031,16.957,0.466,0,0,1,0,0,4.875,1580.501
17.04.2026 23:15:00,2904.748,1628.624,1664.22,3014.707,2.242,3.028,17.031,0.464,0,0,1,0,0,4.75,1633.374
17.04.2026 23:30:00,2904.737,1580.939,1578.365,3014.832,2.242,3.025,16.777,0.451,0,0,1,0,0,4.855,1585.749
17.04.2026 23:45:00,2904.748,1484.249,1356.278,2935.918,2.242,3.019,16.893,0.447,0,0,1,0,0,4.75,1488.999
18.04.2026 00:00:00,2904.748,1504.076,1520.293,3015.017,2.244,3.016,16.788,0.458,0,0,1,0,0,4.75,1508.861
18.04.2026 00:15:00,2904.748,1674.372,1415.019,2800.566,2.251,3,16.445,0.597,0,0,1,0,0,4.75,1679.066
18.04.2026 00:30:00,2904.748,1636.118,1725.18,3014.284,2.25,3.006,16.009,0.451,0,0,1,0,0,4.75,1640.873
18.04.2026 00:45:00,2904.748,2017.126,1631.389,2682.941,2.259,2.991,15.697,0.452,0,0,1,0,0,4.75,2021.876
18.04.2026 01:00:00,2904.748,1889.936,1518.628,2667.644,2.266,2.979,15.59,0.46,0,0,1,0,0,4.75,1894.203
18.04.2026 01:15:00,2904.748,1623.374,1367.889,2803.622,2.261,2.996,15.357,0.45,0,0,1,0,0,4.75,1628.124
18.04.2026 01:30:00,2904.748,1478.624,1203.865,2726.844,2.26,3.001,15.334,0.449,0,0,1,0,0,4.75,1483.374
18.04.2026 01:45:00,2904.748,1339.499,1707.159,3015.172,2.251,3.032,15.311,0.481,0,0,1,0,0,4.75,1344.249
18.04.2026 02:00:00,2904.748,1870.966,1609.361,2751.133,2.254,3.019,15.188,0.45,0,0,1,0,0,4.75,1875.568
18.04.2026 02:15:00,2904.748,1786.015,1426.907,2701.021,2.259,3.005,15.012,0.465,0,0,1,0,0,4.75,1790.84
18.04.2026 02:30:00,2904.748,1666.343,1226.51,2580.325,2.265,2.989,14.703,0.45,0,0,1,0,0,4.75,1671.025
18.04.2026 02:45:00,2904.748,1485.751,1101.519,2663.968,2.266,2.982,14.676,0.489,0,0,1,0,0,4.75,1490.501
18.04.2026 03:00:00,2904.746,1339.499,1028.817,2710.048,2.265,2.992,14.394,0.45,0,0,1,0,0,4.75,1344.298
18.04.2026 03:15:00,2904.748,1277.249,1100.746,2845.943,2.26,3.018,14.256,0.45,0,0,1,0,0,4.75,1281.999
18.04.2026 03:30:00,2904.748,1342.874,1183.218,2895.886,2.257,3.021,14.106,0.45,0,0,1,0,0,4.75,1347.624
18.04.2026 03:45:00,2904.748,1414.499,1799.449,3016.205,2.25,3.032,13.829,0.45,0,0,1,0,0,4.75,1419.249
18.04.2026 04:00:00,2904.748,2015.249,1606.877,2651.268,2.253,3.012,13.806,0.457,0,0,1,0,0,4.75,2019.999
18.04.2026 04:15:00,2904.748,1808.027,1527.778,2728.73,2.259,2.998,13.633,0.45,0,0,1,0,0,4.75,1812.541
18.04.2026 04:30:00,2904.748,1628.624,1290.848,2721.543,2.26,2.991,13.478,0.45,0,0,1,0,0,4.75,1633.369
18.04.2026 04:45:00,2904.748,1476.749,1234.41,2745.166,2.257,2.992,13.539,0.443,0,0,1,0,0,4.75,1481.498
18.04.2026 05:00:00,2904.748,1350.374,1187.365,2836.125,2.254,3.004,13.58,0.478,0,0,1,0,0,4.75,1355.124
18.04.2026 05:15:00,2904.748,1317.345,1151.468,2861.583,2.249,3.015,13.354,0.455,0,0,1,0,0,4.75,1321.923
18.04.2026 05:30:00,2904.748,1361.251,1200.765,2808.403,2.251,3.007,13.108,0.405,0,0,1,0,0,4.75,1366.001
18.04.2026 05:45:00,2904.748,1330.124,1211.458,2909.484,2.249,3.013,12.831,0.45,0,0,1,0,0,4.75,1334.874
18.04.2026 06:00:00,2904.748,1383.363,1408.422,3012.269,2.246,3.012,12.841,0.462,0,0,1,0,0,4.75,1388.012
18.04.2026 06:15:00,2904.748,1465.874,1362.431,2914.772,2.244,3.006,12.711,0.447,0,0,1,0,0,4.75,1470.624
18.04.2026 06:30:00,2904.748,1438.197,1418.094,2993.948,2.242,3.01,12.7,2.977,0,0,1,0,0,4.75,1442.914
18.04.2026 06:45:00,2904.748,1449.08,1346.388,2937.513,2.24,3.006,12.415,7.777,0,0,1,0,0,4.747,1453.23
18.04.2026 07:00:00,2904.748,1553.624,1475.403,2891.679,2.244,2.993,12.478,16.834,0,0,1,0,0,4.75,1558.374
18.04.2026 07:15:00,2904.748,1474.874,1327.697,2879.869,2.244,2.99,12.467,27.446,0,0,1,0,0,4.75,1479.624
18.04.2026 07:30:00,2904.748,1454.149,1242.78,2805.102,2.247,2.98,12.457,37.35,0,0,1,0,0,4.75,1458.786
18.04.2026 07:45:00,2904.748,1376.075,1244.294,2898.686,2.247,2.981,12.661,48.458,0,0,1,0,0,4.75,1380.822
18.04.2026 08:00:00,2904.735,1460.18,1284.771,2836.345,2.247,2.981,12.752,54.329,0,0,1,0,0,4.75,1464.748
18.04.2026 08:15:00,2904.748,1575.376,1329.126,2765.878,2.252,2.971,12.805,58.394,0,0,1,0,0,8.5,1583.876
18.04.2026 08:30:00,2904.748,1400.507,1167.52,2792.682,2.253,2.971,13.072,71.526,0,0,1,0,0,34.952,1435.751
18.04.2026 08:45:00,2904.748,1366.876,1157.217,2792.153,2.253,2.975,13.255,85.888,0,0,1,0,0,63.25,1430.127
18.04.2026 09:00:00,2904.748,1269.751,1021.173,2772.026,2.252,2.978,13.514,98.977,0,0,1,0,0,96.249,1366.001
18.04.2026 09:15:00,2904.748,1196.182,1221.544,3013.917,2.246,2.995,15.177,444.24,0,0,1,0,0,129.668,1325.874
18.04.2026 09:30:00,2904.748,1163.273,1018.722,2883.388,2.244,2.995,18.644,672.974,0,0,1,0,0,155,1317.952
18.04.2026 09:45:00,2904.748,1006.902,966.826,2989.721,2.24,3.003,21.223,748.305,0,0,1,0,0,183.056,1190.124
18.04.2026 10:00:00,2904.748,994.374,895.73,2938.723,2.238,3.009,23.303,731.622,0,0,1,0,0,216,1210.374
18.04.2026 10:15:00,2204.99,883.637,777.249,2209.137,2.268,2.919,24.499,783.449,0,0,1,0,0,250.313,1133.802
18.04.2026 10:30:00,2204.998,750.999,721.618,2250.363,2.282,2.883,26.503,835.035,0,0,1,0,0,274.5,1025.499
18.04.2026 10:45:00,2204.998,599.063,645.736,2391.424,2.284,2.877,27.975,771.328,0,0,1,0,0,311.188,910.235
18.04.2026 11:00:00,2204.998,377.125,528.145,2457.936,2.28,2.905,29.498,834,0,0,1,0,0,373.5,750.624
18.04.2026 11:15:00,2204.998,304.151,639.297,2595.806,2.273,2.971,31.007,911.52,0,0,1,0,0,406.689,710.853
18.04.2026 11:30:00,2204.998,263.537,649.799,2730.351,2.269,2.998,31.383,1068.945,0,0,1,0,0,439.5,703.01
18.04.2026 11:45:00,2204.917,203.261,637.531,2710.499,2.262,3.012,32.087,1209.12,0,0,1,0,0,463.43,666.624
18.04.2026 12:00:00,2204.998,187.374,444.825,2552.278,2.262,2.997,32.777,1240.233,0,0,1,0,0,492,679.374
18.04.2026 12:15:00,2204.998,159.25,460.306,2596.882,2.267,2.979,32.909,1120.312,0,0,1,0,0,527.219,686.499
18.04.2026 12:30:00,1203.06,15,268.535,1334.549,2.298,2.879,33.428,973.592,0,0,1,0,0,543.249,558.249
18.04.2026 12:45:00,1203.191,-86.892,294.46,1685.549,2.318,2.793,33.218,1018.384,0,0,1,0,0,555.504,468.625
18.04.2026 13:00:00,1203.197,-117.109,338.903,1785.48,2.322,2.762,33.354,1026.983,0,0,1,0,0,566.379,448.9
18.04.2026 13:15:00,1203.14,-242.512,289.496,1877.553,2.319,2.83,32.813,877.406,0,0,1,0,0,559.079,316.529
18.04.2026 13:30:00,1203.262,-233.375,290.782,1875.054,2.318,2.928,32.614,775.444,0,0,1,0,0,573.749,340.375
18.04.2026 13:45:00,1203.448,-284.106,345.092,1931.951,2.318,2.967,33.321,1447.802,0,0,1,0,0,569.893,285.625
18.04.2026 14:00:00,1203.519,-200.14,221.499,1763.374,2.323,2.96,32.673,1447.801,0,0,1,0,0,579.749,379.579
18.04.2026 14:15:00,1203.187,-161.541,186.27,1683.027,2.325,2.956,32.172,1251.646,0,0,1,0,0,546.986,385.647
18.04.2026 14:30:00,1203.167,-213.793,271.58,1859.328,2.325,2.962,32.014,900.084,0,0,1,0,0,557.827,343.988
18.04.2026 14:45:00,1203.24,-182.568,371.883,1939.555,2.323,2.981,31.962,984.081,0,0,1,0,0,549.249,366.837
18.04.2026 15:00:00,1203.236,-219.712,403.833,2052.94,2.321,3.001,30.787,306.227,0,0,1,0,0,522.355,302.995
18.04.2026 15:15:00,1203.31,-188.735,302.262,1794.751,2.327,2.986,29.831,1127.452,0,0,1,0,0,517.971,329.5
18.04.2026 15:30:00,1203.256,73.65,579.158,1630.312,2.336,2.956,29.766,1175.239,0,0,1,0,0,503,576.755
18.04.2026 15:45:00,1203.474,309.802,737.572,1545.607,2.343,2.941,29.374,492.117,0,0,1,0,0,468.641,778.376
18.04.2026 16:00:00,1203.213,26,394.995,1650.825,2.336,2.983,28.325,1033.307,0,0,1,0,0,440.747,466.745
18.04.2026 16:15:00,1203.476,538.268,431.847,1154.86,2.35,2.95,28.325,1202.639,0,0,1,0,0,384.5,922.813
18.04.2026 16:30:00,2904.636,414.924,1053.976,2082.058,2.332,3.015,27.967,309.878,0,0,1,0,0,358.575,773.695
18.04.2026 16:45:00,2904.748,537.331,637.329,3018.514,2.286,3.099,26.669,333.092,0,0,1,0,0,313.744,850.936
18.04.2026 17:00:00,2904.748,594,668.349,2917.729,2.269,3.099,26.386,450.177,0,0,1,0,0,290.5,884.499
18.04.2026 17:15:00,2904.748,826.638,1115.594,3015.591,2.265,3.091,26.016,224.838,0,0,1,0,0,255.584,1082.119
18.04.2026 17:30:00,2904.748,979.124,808.73,2876.104,2.263,3.067,25.379,370.765,0,0,1,0,0,218.5,1197.624
18.04.2026 17:45:00,2904.748,1136.135,701.695,2487.207,2.278,3.033,26.029,566.893,0,0,1,0,0,169.566,1305.627
18.04.2026 18:00:00,2904.748,1159.374,921.365,2776.086,2.273,3.047,25.889,329.798,0,0,1,0,0,124.5,1283.874
18.04.2026 18:15:00,2904.748,1273.62,1128.86,2822.161,2.275,3.041,25.568,304.348,0,0,1,0,0,103.75,1377.322
18.04.2026 18:30:00,2904.748,1310.028,1170.015,2837.378,2.268,3.064,25.203,270.512,0,0,1,0,0,85.233,1395.128
18.04.2026 18:45:00,2904.748,1377.874,1247.051,2847.75,2.266,3.068,24.398,275.653,0,0,1,0,0,59.752,1437.624
18.04.2026 19:00:00,2904.748,1456.499,1322.345,2859.462,2.262,3.071,23.75,98.886,0,0,1,0,0,41.5,1497.999
18.04.2026 19:15:00,2904.748,1480.626,1320.755,2854.06,2.262,3.07,22.814,190.307,0,0,1,0,0,23,1503.626
18.04.2026 19:30:00,2904.747,1520.847,1348.001,2835.421,2.259,3.066,22.501,86.941,0,0,1,0,0,10.751,1531.153
18.04.2026 19:45:00,2904.742,1536.785,1459.564,2875.014,2.257,3.068,21.917,50.989,0,0,1,0,0,4.75,1541.499
18.04.2026 20:00:00,2904.748,1611.718,1504.996,2900.774,2.252,3.069,21.317,12.512,0,0,1,0,0,4.75,1616.342
18.04.2026 20:15:00,2904.747,1517.369,1606.807,3014.608,2.242,3.074,20.367,4.838,0,0,1,0,0,4.75,1522.858
18.04.2026 20:30:00,2904.748,1491.373,1504.613,2998.859,2.235,3.075,20.022,1.03,0,0,1,0,0,4.75,1496.124
18.04.2026 20:45:00,2904.748,1425.376,1498.947,3013.766,2.231,3.076,19.662,0.462,0,0,1,0,0,4.75,1430.126
18.04.2026 21:00:00,2904.748,1456.498,1507.529,3007.266,2.227,3.074,19.53,0.452,0,0,1,0,0,4.75,1461.249
18.04.2026 21:15:00,2904.748,1463.998,1705.034,3014.376,2.223,3.074,19.015,0.458,0,0,1,0,0,4.773,1468.749
18.04.2026 21:30:00,2904.748,1683.738,1623.461,2927.349,2.222,3.066,18.919,0.514,0,0,1,0,0,4.75,1688.499
18.04.2026 21:45:00,2904.748,1612.093,1571.546,2886.696,2.219,3.066,18.776,0.453,0,0,1,0,0,4.75,1616.865
18.04.2026 22:00:00,2904.748,1502.251,1412.454,2886.206,2.22,3.068,18.821,0.45,0,0,1,0,0,4.75,1507.001
18.04.2026 22:15:00,2904.748,1368.751,1468.318,3014.677,2.215,3.068,18.512,0.451,0,0,1,0,0,4.75,1373.735
18.04.2026 22:30:00,2904.748,1465.874,1432.32,2926.251,2.213,3.066,18.357,0.453,0,0,1,0,0,4.75,1470.624
18.04.2026 22:45:00,2904.658,1458.336,1620.345,3013.256,2.21,3.07,18.199,0.45,0,0,1,0,0,4.75,1462.941
18.04.2026 23:00:00,2904.748,1592.316,1566.355,2992.073,2.209,3.07,17.973,0.45,0,0,1,0,0,4.75,1597.27
18.04.2026 23:15:00,2904.748,1517.646,1618.667,3014.884,2.207,3.068,17.865,0.438,0,0,1,0,0,4.75,1522.548
18.04.2026 23:30:00,2904.748,1584.861,1492.553,2924.857,2.205,3.068,17.301,0.45,0,0,1,0,0,4.75,1589.698
18.04.2026 23:45:00,2904.747,1478.624,1398.536,2879.942,2.205,3.064,16.781,0.552,0,0,1,0,0,4.75,1483.374
19.04.2026 00:00:00,2904.748,1403.624,1464.015,3014.453,2.202,3.074,16.527,0.464,0,0,1,0,0,4.75,1408.374
19.04.2026 00:15:00,2904.748,1606.591,1471.792,2829.748,2.208,3.058,16.484,0.551,0,0,1,0,0,4.75,1611.319
19.04.2026 00:30:00,2904.748,1570.124,1758.87,3015.321,2.205,3.069,16.377,0.55,0,0,1,0,0,4.75,1574.874
19.04.2026 00:45:00,2904.748,1938.37,1630.678,2646.316,2.213,3.055,15.945,0.526,0,0,1,0,0,4.75,1943.124
19.04.2026 01:00:00,2904.748,1815.732,1445.232,2631.361,2.224,3.046,15.773,0.45,0,0,1,0,0,4.747,1820.492
19.04.2026 01:15:00,2904.748,1557.374,1289.221,2682.239,2.228,3.053,15.608,0.494,0,0,1,0,0,4.75,1562.124
19.04.2026 01:30:00,2904.748,1418.251,1216.145,2826.957,2.225,3.054,15.319,0.45,0,0,1,0,0,4.75,1423.001
19.04.2026 01:45:00,2904.748,1286.251,1690.387,3015.519,2.212,3.069,15.142,0.453,0,0,1,0,0,4.75,1291.001
19.04.2026 02:00:00,2904.748,1795.501,1676.195,2902.656,2.207,3.073,15.318,0.466,0,0,1,0,0,4.75,1800.251
19.04.2026 02:15:00,2904.748,1714.95,1526.493,2774.512,2.205,3.067,15.602,0.45,0,0,1,0,0,4.729,1719.626
19.04.2026 02:30:00,2904.701,1598.543,1266.926,2634.775,2.211,3.055,15.358,0.468,0,0,1,0,0,4.75,1603.316
19.04.2026 02:45:00,2904.735,1427.251,1113.193,2682.524,2.216,3.058,15.297,0.451,0,0,1,0,0,4.75,1432.001
19.04.2026 03:00:00,2904.748,1284.378,1050.889,2746.015,2.214,3.056,15.085,0.453,0,0,1,0,0,4.75,1289.217
19.04.2026 03:15:00,2904.748,1226.109,1048.944,2801.855,2.211,3.056,15.036,0.479,0,0,1,0,0,4.75,1230.635
19.04.2026 03:30:00,2904.748,1288.126,1068.473,2737.184,2.211,3.062,14.976,0.485,0,0,1,0,0,4.75,1292.876
19.04.2026 03:45:00,2904.748,1357.883,1728.394,3015.378,2.201,3.07,15.017,0.454,0,0,1,0,0,4.773,1362.626
19.04.2026 04:00:00,2904.748,1934.626,1529.318,2585.047,2.204,3.052,14.783,0.451,0,0,1,0,0,4.75,1939.376
19.04.2026 04:15:00,2904.748,1733.962,1429.269,2660.44,2.211,3.056,14.664,0.45,0,0,1,0,0,4.75,1738.687
19.04.2026 04:30:00,2904.748,1562.999,1206.025,2637.299,2.214,3.051,14.42,0.475,0,0,1,0,0,4.75,1567.749
19.04.2026 04:45:00,2904.748,1416.374,1185.55,2752.208,2.212,3.061,14.315,0.449,0,0,1,0,0,4.75,1421.124
19.04.2026 05:00:00,2904.748,1295.699,1247.892,2892.256,2.199,3.065,14.198,0.511,0,0,1,0,0,4.75,1300.454
19.04.2026 05:15:00,2904.748,1264.124,1215.521,2913.827,2.188,3.066,14.114,0.458,0,0,1,0,0,4.75,1268.874
19.04.2026 05:30:00,2904.722,1307.718,1066.566,2738.22,2.183,3.069,14.386,0.567,0,0,1,0,0,4.75,1312.659
19.04.2026 05:45:00,2904.748,1277.249,1108.708,2820.914,2.183,3.06,14.396,0.529,0,0,1,0,0,4.75,1281.999
19.04.2026 06:00:00,2904.748,1326.749,1204.221,2866.035,2.183,3.06,14.13,0.456,0,0,1,0,0,4.75,1331.499
19.04.2026 06:15:00,2904.748,1406.999,1199.154,2743.88,2.182,3.061,14.098,0.731,0,0,1,0,0,4.75,1411.749
19.04.2026 06:30:00,2904.748,1381.035,1242.659,2843.171,2.181,3.057,14.172,1.128,0,0,1,0,0,4.75,1385.597
19.04.2026 06:45:00,2904.748,1390.499,1132.735,2756.61,2.178,3.054,14.122,2.908,0,0,1,0,0,4.75,1395.249
19.04.2026 07:00:00,2904.748,1491.374,1105.865,2643.188,2.19,3.041,13.817,18.675,0,0,1,0,0,4.75,1496.124
19.04.2026 07:15:00,2904.748,1416.499,1046.617,2634.865,2.201,3.044,13.9,29.647,0,0,1,0,0,4.711,1421.124
19.04.2026 07:30:00,2904.748,1397.999,1165.492,2717.633,2.204,3.046,14.141,53.744,0,0,1,0,0,4.75,1402.749
19.04.2026 07:45:00,2904.748,1321.014,1172.455,2893.45,2.198,3.053,14.193,68.624,0,0,1,0,0,4.75,1325.874
19.04.2026 08:00:00,2904.748,1401.736,1123.537,2715.007,2.199,3.047,14.422,91.427,0,0,1,0,0,4.75,1406.496
19.04.2026 08:15:00,2904.748,1517.865,1060.167,2548.304,2.21,3.04,14.785,133.45,0,0,1,0,0,4.75,1522.287
19.04.2026 08:30:00,2904.748,1351.286,1108.068,2713.017,2.208,3.048,15.245,152.785,0,0,1,0,0,28.714,1379.907
19.04.2026 08:45:00,2904.748,1321.069,1179.684,2809.884,2.205,3.049,15.357,145.894,0,0,1,0,0,52.5,1373.57
19.04.2026 09:00:00,2904.748,1234.923,1179.573,2924.237,2.187,3.064,15.32,143.06,0,0,1,0,0,77.453,1312.487
19.04.2026 09:15:00,2904.748,1167.624,1264.331,3015.499,2.166,3.075,15.189,114.634,0.2,0,1,0,0,105,1272.624
19.04.2026 09:30:00,2904.748,1140.827,1227.702,3015.287,2.146,3.073,15.097,84.175,0.4,0,1,0,0,124.588,1265.499
19.04.2026 09:45:00,2904.748,994.999,1363.224,3014.444,2.132,3.07,15.305,101.736,0.4,0,1,0,0,147.5,1142.499
19.04.2026 10:00:00,2904.748,987.589,1435.407,3015.077,2.136,3.07,15.307,127.293,0.4,0,1,0,0,173.258,1160.874
19.04.2026 10:15:00,2904.748,888.374,1355.808,3016.016,2.15,3.069,15.323,226.383,0.4,0,1,0,0,201.25,1089.624
19.04.2026 10:30:00,2904.748,764.723,1231.728,3014.804,2.171,3.058,15.648,330.381,0.4,0,1,0,0,219.749,984.794
19.04.2026 10:45:00,2904.748,626.124,848.794,3014.574,2.192,3.046,16.69,452.543,0.4,0,1,0,0,249.026,875.124
19.04.2026 11:00:00,2904.748,422.114,1236.999,3015.266,2.21,3.035,18.198,298.533,0.4,0,1,0,0,299.326,721.374
19.04.2026 11:15:00,2904.657,356.125,1165.547,3013.954,2.219,3.026,18.164,261.044,0.4,0,1,0,0,327,683.124
19.04.2026 11:30:00,2904.748,321.809,1102.553,3013.371,2.22,3.027,20.018,1448.886,0.4,0,1,0,0,353.802,675.626
19.04.2026 11:45:00,2904.748,268.36,867.609,3013.807,2.216,3.026,19.911,412.483,0.4,0,1,0,0,372.25,640.587
19.04.2026 12:00:00,2904.748,257.741,677.032,3014.122,2.211,3.035,21.055,1212.447,0.4,0,1,0,0,394.403,651.999
19.04.2026 12:15:00,1203.178,234.13,550.554,1732.389,2.239,2.976,24.737,561.65,0.4,0,1,0,0,423.198,657.37
19.04.2026 12:30:00,1203.213,100.756,1154.488,2308.437,2.265,2.946,25.246,304.605,0.4,0,1,0,0,435.664,536.499
19.04.2026 12:45:00,1203.367,3.799,75.059,1233.118,2.279,2.906,26.106,1267.566,0.4,0,1,0,0,445.5,449.349
19.04.2026 13:00:00,1203.426,-23.624,1143.867,2082.077,2.289,2.898,28.4,502.32,0.4,0,1,0,0,454,430.375
19.04.2026 13:15:00,1203.202,-144.891,1114.441,2505.132,2.263,3.032,26.483,258.95,0.4,0,1,0,0,448,302.998
19.04.2026 13:30:00,1202.986,-131.368,35.256,1321.935,2.276,3.012,28.353,949.366,0.4,0,1,0,0,458.997,327.624
19.04.2026 13:45:00,1202.998,-182.126,996.949,2083.588,2.282,3.024,27.681,395.409,0.4,0,1,0,0,456.5,274.375
19.04.2026 14:00:00,1203.163,-99.466,853.134,2096.102,2.259,3.058,25.024,402.67,0.4,0,1,0,0,463.931,364.392
19.04.2026 14:15:00,1202.919,-69.874,997.043,2202.899,2.263,3.057,25.246,364.523,0.4,0,1,0,0,439.5,369.678
19.04.2026 14:30:00,1202.994,-115.374,937.889,2281.831,2.248,3.073,23.807,341.055,0.4,0,1,0,0,446.75,331.375
19.04.2026 14:45:00,1203.37,-89.125,158.531,2056.505,2.252,3.057,22.858,869.532,0.4,0,1,0,0,440.75,351.625
19.04.2026 15:00:00,1203.076,-130.079,830.702,2202.366,2.255,3.057,22.915,427.642,0.4,0,1,0,0,419.474,289.367
19.04.2026 15:15:00,1203.279,-98.932,1059.448,2460.341,2.252,3.058,22.211,306.281,0.4,0,1,0,0,415.015,316.394
19.04.2026 15:30:00,1203.096,152.124,1016.895,2149.427,2.255,3.053,21.662,274.582,0.4,0,1,0,0,402.75,554.874
19.04.2026 15:45:00,1203.36,372.75,1184.867,2071.74,2.266,3.046,21.006,135.434,0.4,0,1,0,0,376,748.749
19.04.2026 16:00:00,1203.19,93.03,1312.035,1395.382,2.26,3.091,20.399,120.627,0.4,1,0,0,0,354,446.914
19.04.2026 16:15:00,1203.519,580.712,1136.355,1407.087,2.271,3.158,19.78,227.992,0.8,1,0,0,0,307.621,888.249
19.04.2026 16:30:00,2804.467,453.624,1002.905,3023.609,2.232,3.109,19.392,370.875,0.8,0,1,0,0,288,741.624
19.04.2026 16:45:00,2804.498,565.102,1164.354,3021.804,2.201,3.11,19.283,257.598,0.8,0,1,0,0,251.506,816.624
19.04.2026 17:00:00,2804.498,619.345,1339.288,3020.488,2.177,3.107,19.314,129.726,0.8,0,1,0,0,231.858,851.01
19.04.2026 17:15:00,2804.498,833.249,1232.304,3017.912,2.154,3.103,19.003,180.291,1,0,1,0,0,205,1038.249
19.04.2026 17:30:00,2804.498,974.244,1437.467,3017.004,2.135,3.099,18.96,78.523,1,0,1,0,0,175.751,1149.999
19.04.2026 17:45:00,2804.498,1119.117,1432.071,3016.721,2.178,3.099,18.606,81.72,1,0,1,0,0,137.238,1256.124
19.04.2026 18:00:00,2804.498,1131.448,1566.177,3016.446,2.231,3.099,18.108,63.539,1,0,1,0,0,101.25,1232.544
19.04.2026 18:15:00,2804.498,1316.945,1522.867,3015.702,2.254,3.081,17.612,49.503,1,0,1,0,0,4.75,1321.638
19.04.2026 18:30:00,2804.498,1333.874,1618.82,3014.859,2.261,3.052,17.344,29.025,1,0,1,0,0,4.75,1338.624
19.04.2026 18:45:00,2804.498,1375.874,1661.401,3014.863,2.263,3.056,17.041,30.414,1,0,1,0,0,4.75,1380.567
19.04.2026 19:00:00,2804.498,1434.749,1542.21,2966.444,2.265,3.074,16.901,32.171,1,0,1,0,0,4.75,1439.499
19.04.2026 19:15:00,2804.498,1438.112,1530.571,2983.607,2.265,3.085,16.732,13.697,1,0,1,0,0,4.75,1442.872
19.04.2026 19:30:00,2804.498,1465.473,1449.143,2870.652,2.271,3.084,16.479,11.952,1,0,1,0,0,4.75,1470.428
19.04.2026 19:45:00,2804.498,1474.874,1542.668,2967.579,2.271,3.085,16.228,8.567,1,0,1,0,0,4.75,1479.624
19.04.2026 20:00:00,2804.433,1547.999,1478.139,2795.553,2.275,3.083,16.397,8.685,1,0,1,0,0,4.75,1552.745
19.04.2026 20:15:00,2804.498,1458.052,1501.298,2934.543,2.276,3.085,16.321,3.075,1,0,1,0,0,4.75,1462.912
19.04.2026 20:30:00,2804.495,1431.034,1648.323,3015.995,2.269,3.097,15.849,1.075,1,0,1,0,0,4.75,1435.749
19.04.2026 20:45:00,2804.498,1367.006,1524.953,3016.402,2.266,3.096,15.609,0.45,1,0,1,0,0,4.75,1371.703
19.04.2026 21:00:00,2804.451,1397.999,1520.562,2997.655,2.266,3.091,15.583,0.5,1,0,1,0,0,4.75,1402.749
19.04.2026 21:15:00,2904.748,1405.499,1678.883,3014.882,2.264,3.092,15.51,0.466,1,0,1,0,0,4.75,1410.338
19.04.2026 21:30:00,2904.748,1615.874,1674.663,3015.314,2.263,3.089,15.148,0.45,1,0,1,0,0,4.75,1620.624
19.04.2026 21:45:00,2904.748,1547.999,1537.836,2975.66,2.264,3.091,15.014,0.45,1,0,1,0,0,4.75,1552.749
19.04.2026 22:00:00,2904.748,1441.965,1437.357,3015.47,2.264,3.089,14.998,0.451,1,0,1,0,0,4.75,1446.74
19.04.2026 22:15:00,2904.748,1315.41,1487.674,3014.66,2.262,3.09,14.976,0.496,1,0,1,0,0,4.75,1320.225
19.04.2026 22:30:00,2904.748,1406.999,1368.341,2976.915,2.261,3.09,14.736,0.46,1,0,1,0,0,4.75,1411.749
19.04.2026 22:45:00,2904.744,1399.874,1544.131,3016.197,2.263,3.087,14.726,0.585,1,0,1,0,0,4.75,1404.624
19.04.2026 23:00:00,2904.748,1531.226,1487.3,2907.325,2.264,3.083,14.747,0.45,1,0,1,0,0,4.75,1536.104
19.04.2026 23:15:00,2904.748,1458.167,1512.726,3014.145,2.263,3.09,14.631,0.483,1,0,1,0,0,4.75,1462.843
19.04.2026 23:30:00,2904.736,1522.319,1436.773,2867.43,2.267,3.082,14.519,0.45,1,0,1,0,0,4.75,1527.007
19.04.2026 23:45:00,2904.745,1420.124,1320.185,2879.303,2.268,3.082,14.307,0.45,1,0,1,0,0,4.773,1424.874
20.04.2026 00:00:00,2904.748,1346.626,1530.423,3013.958,2.265,3.086,14.489,0.458,1,0,1,0,0,4.75,1351.376
20.04.2026 00:15:00,2904.748,1758.749,1471.152,2708.686,2.274,3.076,14.32,0.451,0,0,1,0,0,4.738,1763.499
20.04.2026 00:30:00,2904.748,1839.346,1830.121,2985.417,2.273,3.084,14.2,0.519,0,0,1,0,0,4.758,1844.124
20.04.2026 00:45:00,2904.729,1859.624,1639.529,2784.185,2.271,3.08,13.929,0.45,0,0,1,0,0,4.75,1864.374
20.04.2026 01:00:00,2904.748,1766.249,1380.768,2578.579,2.28,3.073,13.779,0.452,0,0,1,0,0,4.75,1770.999
20.04.2026 01:15:00,2904.748,1654.84,1272.475,2633.247,2.284,3.069,13.539,0.451,0,0,1,0,0,4.75,1659.457
20.04.2026 01:30:00,2904.748,1533.345,1184.572,2615.197,2.287,3.073,13.548,0.45,0,0,1,0,0,4.75,1538.122
20.04.2026 01:45:00,2904.748,1723.876,1588.801,2865.565,2.282,3.084,13.443,0.462,0,0,1,0,0,4.75,1728.626
20.04.2026 02:00:00,2904.748,1782.751,1619.574,2831.225,2.276,3.088,13.317,0.458,0,0,1,0,0,4.75,1787.501
20.04.2026 02:15:00,2904.748,1778.999,1438.733,2638.305,2.279,3.081,13.188,0.451,0,0,1,0,0,4.75,1783.749
20.04.2026 02:30:00,2904.748,1625.249,1323.601,2680.387,2.282,3.076,13.249,0.45,0,0,1,0,0,4.75,1629.999
20.04.2026 02:45:00,2904.748,1513.97,1257.957,2673.472,2.281,3.077,13.039,0.45,0,0,1,0,0,4.75,1518.453
20.04.2026 03:00:00,2904.739,1354.124,1192.438,2866.952,2.276,3.084,12.939,0.45,0,0,1,0,0,4.75,1358.874
20.04.2026 03:15:00,2904.748,1384.599,1260.336,2852.405,2.274,3.084,12.797,0.424,0,0,1,0,0,4.75,1389.772
20.04.2026 03:30:00,2904.73,1443.865,1199.154,2751.075,2.277,3.08,12.58,0.45,0,0,1,0,0,4.75,1448.678
20.04.2026 03:45:00,2904.748,1835.624,1867.044,2997.962,2.279,3.078,12.507,0.452,0,0,1,0,0,4.75,1840.374
20.04.2026 04:00:00,2904.748,1951.126,1694.63,2752.539,2.275,3.081,12.13,0.45,0,0,1,0,0,4.75,1955.876
20.04.2026 04:15:00,2904.748,1797.385,1619.158,2811.663,2.274,3.08,11.865,0.451,0,0,1,0,0,4.702,1802.128
20.04.2026 04:30:00,2904.748,1714.876,1405.371,2611.592,2.28,3.069,11.684,0.497,0,0,1,0,0,4.75,1719.626
20.04.2026 04:45:00,2904.748,1664.255,1440.725,2752.539,2.28,3.07,11.551,0.454,0,0,1,0,0,4.75,1669.125
20.04.2026 05:00:00,2904.744,1559.216,1414.193,2778.46,2.276,3.074,11.297,0.45,0,0,1,0,0,4.74,1563.982
20.04.2026 05:15:00,2904.748,1496.999,1364.134,2861.717,2.272,3.08,11.202,0.555,0,0,1,0,0,4.75,1501.749
20.04.2026 05:30:00,2904.748,1462.124,1409.076,2886.925,2.271,3.083,11.027,0.45,0,0,1,0,0,4.75,1466.874
20.04.2026 05:45:00,2904.748,1613.999,1483.05,2855.547,2.273,3.075,10.919,0.45,0,0,1,0,0,4.75,1618.749
20.04.2026 06:00:00,2904.748,1674.217,1689.785,2970.28,2.269,3.077,10.689,0.451,0,0,1,0,0,4.75,1679.085
20.04.2026 06:15:00,2904.748,1714.874,1615.468,2910.25,2.267,3.075,10.567,0.566,0,0,1,0,0,4.75,1719.624
20.04.2026 06:30:00,2904.748,1753.126,1612.021,2821.831,2.269,3.071,10.525,3.786,0,0,1,0,0,4.749,1757.874
20.04.2026 06:45:00,2904.748,1767.945,1592.72,2830.638,2.272,3.064,10.67,8.775,0,0,1,0,0,4.75,1772.874
20.04.2026 07:00:00,2904.748,1817.014,1647.998,2774.169,2.276,3.063,10.695,14.738,0,0,1,0,0,4.75,1821.673
20.04.2026 07:15:00,2904.748,1735.633,1524.758,2806.025,2.275,3.063,10.74,30.523,0,0,1,0,0,4.75,1740.141
20.04.2026 07:30:00,2904.748,1729.699,1596.857,2899.153,2.273,3.069,11.054,50.514,0,0,1,0,0,4.75,1734.354
20.04.2026 07:45:00,2904.748,1737.525,1633.683,2906.979,2.268,3.074,11.295,65.979,0,0,1,0,0,4.75,1742.307
20.04.2026 08:00:00,2904.748,1887.833,1605.292,2744.55,2.277,3.062,11.341,103.044,0,0,1,0,0,4.75,1892.166
20.04.2026 08:15:00,2904.748,1947.374,1574.493,2496.519,2.284,3.053,11.639,139.136,0,0,1,0,0,4.75,1952.124
20.04.2026 08:30:00,2904.748,1775.345,1568.226,2802.81,2.281,3.06,12.07,165.227,0,0,1,0,0,30.329,1805.491
20.04.2026 08:45:00,2904.748,1932.249,1518.418,2629.385,2.284,3.058,12.491,176.954,0,0,1,0,0,54.75,1986.965
20.04.2026 09:00:00,2904.748,1744.792,1435.613,2671.732,2.282,3.069,12.67,169.325,0,0,1,0,0,82.957,1827.624
20.04.2026 09:15:00,2904.748,1802.859,1383.575,2423.815,2.291,3.05,15.099,716.962,0,0,1,0,0,111,1913.871
20.04.2026 09:30:00,2904.748,1720.335,1190.029,2473.582,2.293,3.053,19.045,792.399,0,0,1,0,0,132.728,1853.124
20.04.2026 09:45:00,2904.748,1695.374,1213.88,2527.386,2.295,3.051,21.698,799.141,0,0,1,0,0,156.25,1851.624
20.04.2026 10:00:00,2904.747,1532.194,1174.714,2567.901,2.29,3.064,22.966,814.497,0,0,1,0,0,183.863,1715.874
20.04.2026 10:15:00,2904.748,1481.874,1147.414,2638.655,2.286,3.071,24.103,808.067,0,0,1,0,0,212.25,1694.124
20.04.2026 10:30:00,2904.748,1523.624,1048.932,2497.909,2.289,3.064,24.373,863.624,0,0,1,0,0,234.25,1757.874
20.04.2026 10:45:00,2904.748,1404.858,940.394,2448.435,2.291,3.06,25.561,833.827,0,0,1,0,0,264.743,1669.417
20.04.2026 11:00:00,2904.748,1271.139,812.935,2582.61,2.287,3.065,27.196,871.042,0,0,1,0,0,318.5,1589.601
20.04.2026 11:15:00,2904.748,1159.546,889.553,2727.679,2.284,3.068,28.068,960.974,0,0,1,0,0,347.29,1506.975
20.04.2026 11:30:00,2904.748,1165.008,890.916,2687.683,2.284,3.068,27.488,1115.344,0,0,1,0,0,374.75,1539.924
20.04.2026 11:45:00,2904.742,1145.053,949.628,2781.199,2.281,3.07,27.755,1232.587,0,0,1,0,0,395.083,1539.921
20.04.2026 12:00:00,2904.748,949.905,817.327,2788.142,2.27,3.079,27.517,1241.244,0,0,1,0,0,420,1369.785
20.04.2026 12:15:00,2904.748,696.305,610.157,2866.425,2.267,3.077,27.385,1255.941,0,0,1,0,0,450.059,1146.249
20.04.2026 12:30:00,2904.748,558.001,517.134,2957.599,2.264,3.074,28.298,1141.928,0,0,1,0,0,463.75,1021.75
20.04.2026 12:45:00,2904.748,438.275,326.4,2884.426,2.266,3.063,28.105,1147.027,0,0,1,0,0,473.5,911.849
20.04.2026 13:00:00,2904.748,444.25,500.775,2990.462,2.265,3.063,28.124,1079.653,0,0,1,0,0,482.25,926.501
20.04.2026 13:15:00,2904.748,620.749,516.019,2831.725,2.269,3.057,27.334,974.899,0,0,1,0,0,476,1096.749
20.04.2026 13:30:00,2904.748,474.999,682.832,3013.802,2.264,3.065,28.022,882.474,0,0,1,0,0,488.25,963.249
20.04.2026 13:45:00,2904.748,452.874,450.028,3006.742,2.263,3.063,28.405,1448.886,0,0,1,0,0,484.5,937.374
20.04.2026 14:00:00,2904.748,665.665,570.37,2894.504,2.263,3.063,27.514,1448.795,0,0,1,0,0,493.346,1158.999
20.04.2026 14:15:00,2904.748,486.126,656.393,2963.118,2.265,3.066,28.305,1383.805,0,0,1,0,0,466.25,952.376
20.04.2026 14:30:00,2904.748,598.385,464.497,2823.888,2.263,3.064,27.931,1262.437,0,0,1,0,0,474.75,1073.124
20.04.2026 14:45:00,2904.748,688.748,545.424,2942.958,2.265,3.065,27.293,1077.745,0,0,1,0,0,468.637,1157.312
20.04.2026 15:00:00,2904.636,595.95,695.558,3004.635,2.264,3.066,27.148,1307.055,0,0,1,0,0,444.283,1040.197
20.04.2026 15:15:00,2904.748,695.033,757.996,3014.836,2.263,3.067,26.191,981.868,0,0,1,0,0,442.075,1136.892
20.04.2026 15:30:00,2904.748,772.877,943.169,3015.157,2.262,3.07,25.027,441.441,0,0,1,0,0,428.5,1201.374
20.04.2026 15:45:00,2904.748,987.207,986.526,2996.923,2.269,3.062,24.993,650.007,0,0,1,0,0,398.518,1385.579
20.04.2026 16:00:00,2904.748,1070.791,1062.849,2916.183,2.269,3.062,23.962,673.712,0,0,1,0,0,376,1446.8
20.04.2026 16:15:00,2904.735,1004.499,1305.973,3015.138,2.265,3.069,23.074,302.376,0,0,1,0,0,327,1331.499
20.04.2026 16:30:00,2904.748,1140.934,1043.487,3010.025,2.264,3.075,22.477,499.301,0,0,1,0,0,305.727,1446.716
20.04.2026 16:45:00,2904.748,1239.772,1196.32,2890.679,2.268,3.069,22.112,317.315,0,0,1,0,0,267.248,1506.999
20.04.2026 17:00:00,2904.748,1211.229,1413.87,3015.953,2.265,3.073,21.605,221.609,0,0,1,0,0,247.75,1459.234
20.04.2026 17:15:00,2904.735,1330.205,1370.602,3015.404,2.265,3.072,21.1,242.039,0,0,1,0,0,217.25,1547.462
20.04.2026 17:30:00,2904.748,1340.64,1423.122,3015.468,2.264,3.074,20.845,242.309,0,0,1,0,0,186.437,1526.947
20.04.2026 17:45:00,2904.703,1319.736,1415.509,3015.521,2.263,3.074,20.501,211.983,0,0,1,0,0,145.246,1464.992
20.04.2026 18:00:00,2904.748,1513.374,1457.366,2951.425,2.268,3.071,20.376,189.782,0,0,1,0,0,107.25,1620.595
20.04.2026 18:15:00,2904.748,1553.611,1554.053,2941.484,2.271,3.068,19.881,167.613,0,0,1,0,0,4.743,1558.374
20.04.2026 18:30:00,2904.748,1628.624,1476.486,2855.602,2.274,3.066,19.472,168.561,0,0,1,0,0,4.75,1633.374
20.04.2026 18:45:00,2904.747,1602.229,1540.703,2905.083,2.275,3.07,19.451,142.715,0,0,1,0,0,4.75,1607.107
20.04.2026 19:00:00,2904.748,1646.989,1606.968,2929.193,2.269,3.078,18.994,132.078,0,0,1,0,0,4.75,1651.747
20.04.2026 19:15:00,2904.748,1716.722,1578.466,2905.446,2.274,3.074,18.696,69.75,0,0,1,0,0,4.75,1721.492
20.04.2026 19:30:00,2904.748,1753.089,1580.551,2811.353,2.277,3.072,18.197,49.614,0,0,1,0,0,4.75,1757.874
20.04.2026 19:45:00,2904.748,1745.999,1624.953,2845.497,2.278,3.074,17.613,39.715,0,0,1,0,0,4.751,1750.749
20.04.2026 20:00:00,2904.748,1778.999,1578.106,2721.384,2.282,3.069,17.304,28.462,0,0,1,0,0,4.75,1783.749
20.04.2026 20:15:00,2904.748,1731.849,1630.86,2844.389,2.278,3.076,17.003,6.063,0,0,1,0,0,4.75,1736.533
20.04.2026 20:30:00,2904.748,1773.374,1644.502,2874.961,2.277,3.077,16.505,1.058,0,0,1,0,0,4.75,1778.124
20.04.2026 20:45:00,2904.714,1724.07,1603.336,2851.087,2.274,3.081,15.997,0.451,0,0,1,0,0,4.75,1728.674
20.04.2026 21:00:00,2904.743,1613.988,1591.047,2958.965,2.27,3.083,15.682,0.476,0,0,1,0,0,4.75,1618.749
20.04.2026 21:15:00,2904.748,1863.376,1823.38,2915.267,2.271,3.082,15.44,0.453,0,0,1,0,0,4.75,1868.126
20.04.2026 21:30:00,2904.748,1816.943,1731.663,2918.844,2.268,3.078,14.984,0.508,0,0,1,0,0,4.75,1821.394
20.04.2026 21:45:00,2904.748,1771.499,1672.253,2862.788,2.27,3.071,15.077,0.475,0,0,1,0,0,4.75,1776.249
20.04.2026 22:00:00,2904.748,1679.999,1562.285,2860.352,2.271,3.07,14.936,0.479,0,0,1,0,0,4.75,1684.749
20.04.2026 22:15:00,2904.724,1666.48,1572.478,2870.936,2.271,3.069,14.628,0.514,0,0,1,0,0,4.75,1671.348
20.04.2026 22:30:00,2904.748,1628.624,1541.737,2883.932,2.27,3.072,14.417,0.439,0,0,1,0,0,4.75,1633.374
20.04.2026 22:45:00,2904.632,1588.704,1707.099,3014.627,2.267,3.074,14.199,0.479,0,0,1,0,0,4.75,1593.397
20.04.2026 23:00:00,2904.748,1658.427,1542.859,2917.678,2.266,3.072,14.16,0.45,0,0,1,0,0,4.75,1663.533
20.04.2026 23:15:00,2904.748,1712.999,1627.704,2884.623,2.268,3.069,14.177,0.456,0,0,1,0,0,4.75,1717.749
20.04.2026 23:30:00,2904.748,1664.376,1515.097,2858.095,2.271,3.065,13.952,0.532,0,0,1,0,0,4.75,1669.214
20.04.2026 23:45:00,2904.748,1562.999,1420.924,2841.707,2.273,3.063,13.878,0.493,0,0,1,0,0,4.75,1567.749
21.04.2026 00:00:00,2904.748,1584.798,1581.357,2974.305,2.27,3.07,13.961,0.451,0,0,1,0,0,4.75,1589.513
21.04.2026 00:15:00,2904.748,1670.48,1589.043,2878.256,2.269,3.069,13.814,0.45,0,0,1,0,0,4.75,1675.181
21.04.2026 00:30:00,2904.748,1749.749,1779.945,3015.353,2.269,3.076,13.574,0.602,0,0,1,0,0,4.75,1754.499
21.04.2026 00:45:00,2904.748,1766.249,1660.345,2844.766,2.27,3.069,13.457,0.451,0,0,1,0,0,4.75,1770.999
21.04.2026 01:00:00,2904.748,1679.999,1506.791,2792.354,2.272,3.066,13.34,0.46,0,0,1,0,0,4.75,1684.749
21.04.2026 01:15:00,2904.708,1571.927,1281.613,2668.617,2.274,3.06,13.12,0.573,0,0,1,0,0,4.771,1576.751
21.04.2026 01:30:00,2904.748,1456.456,1228.05,2781.251,2.279,3.057,12.989,0.503,0,0,1,0,0,4.75,1461.102
21.04.2026 01:45:00,2904.748,1637.999,1738.202,3017.035,2.274,3.068,12.69,0.452,0,0,1,0,0,4.75,1642.749
21.04.2026 02:00:00,2904.748,1694.624,1715.467,2959.22,2.266,3.074,12.388,0.451,0,0,1,0,0,4.75,1699.374
21.04.2026 02:15:00,2904.748,1690.874,1476.704,2780.582,2.269,3.074,12.127,0.508,0,0,1,0,0,4.75,1695.502
21.04.2026 02:30:00,2904.748,1542.475,1318.7,2756.466,2.274,3.064,11.835,0.509,0,0,1,0,0,4.75,1547.357
21.04.2026 02:45:00,2904.748,1438.131,1253.308,2757.241,2.274,3.059,11.78,0.508,0,0,1,0,0,4.75,1443.029
21.04.2026 03:00:00,2904.748,1286.251,1238.371,2932.358,2.27,3.065,11.548,0.508,0,0,1,0,0,4.75,1291.001
21.04.2026 03:15:00,2904.748,1315.404,1306.211,2954.195,2.266,3.071,11.314,0.463,0,0,1,0,0,4.75,1320.13
21.04.2026 03:30:00,2904.748,1373.001,1343.2,2937.114,2.264,3.069,11.343,0.502,0,0,1,0,0,4.75,1377.513
21.04.2026 03:45:00,2904.748,1744.008,1954.421,3014.995,2.268,3.066,11.268,0.46,0,0,1,0,0,4.75,1748.817
21.04.2026 04:00:00,2904.748,1853.999,1830.627,2932.196,2.264,3.066,11.237,0.499,0,0,1,0,0,4.75,1858.749
21.04.2026 04:15:00,2904.748,1709.249,1594.378,2920.888,2.263,3.063,10.937,0.466,0,0,1,0,0,4.75,1713.999
21.04.2026 04:30:00,2904.748,1630.499,1403.479,2754.291,2.27,3.055,10.749,0.563,0,0,1,0,0,4.75,1635.249
21.04.2026 04:45:00,2904.748,1580.958,1473.962,2886.296,2.274,3.053,10.495,0.466,0,0,1,0,0,4.748,1585.751
21.04.2026 05:00:00,2904.748,1482.375,1392.883,2893.898,2.269,3.058,10.371,0.452,0,0,1,0,0,4.735,1487.124
21.04.2026 05:15:00,2904.748,1423.501,1361.123,2886.233,2.268,3.062,10.373,0.454,0,0,1,0,0,4.75,1428.251
21.04.2026 05:30:00,2904.527,1388.999,1413.979,3014.356,2.264,3.067,10.163,0.45,0,0,1,0,0,4.75,1393.749
21.04.2026 05:45:00,2904.748,1533.373,1618.633,3012.404,2.267,3.062,9.918,0.475,0,0,1,0,0,4.75,1538.124
21.04.2026 06:00:00,2904.748,1588.556,1619.012,2996.504,2.264,3.062,9.785,0.477,0,0,1,0,0,4.75,1593.263
21.04.2026 06:15:00,2904.748,1630.499,1597.091,2961.071,2.263,3.062,9.734,1.072,0,0,1,0,0,4.75,1635.249
21.04.2026 06:30:00,2904.748,1666.375,1647.347,2927.816,2.266,3.057,9.622,3.823,0,0,1,0,0,4.75,1670.889
21.04.2026 06:45:00,2904.748,1679.923,1781.677,3014.949,2.264,3.06,9.783,7.528,0,0,1,0,0,4.75,1684.574
21.04.2026 07:00:00,2904.748,1725.751,1674.005,2887.691,2.265,3.059,9.752,18.675,0,0,1,0,0,4.75,1730.501
21.04.2026 07:15:00,2904.652,1648.653,1565.42,2956.956,2.266,3.057,9.907,32.405,0,0,1,0,0,4.75,1653.641
21.04.2026 07:30:00,2904.748,1643.249,1585.199,2904.123,2.267,3.055,10.065,51.166,0,0,1,0,0,4.748,1647.999
21.04.2026 07:45:00,2904.748,1650.705,1699.46,3014.327,2.265,3.059,10.395,76.405,0,0,1,0,0,4.706,1655.501
21.04.2026 08:00:00,2904.692,1793.607,1668.311,2861.22,2.267,3.055,10.581,92.661,0,0,1,0,0,4.754,1798.376
21.04.2026 08:15:00,2904.748,1848.374,1641.14,2735.228,2.274,3.053,11.04,114.505,0,0,1,0,0,8.5,1856.874
21.04.2026 08:30:00,2904.748,1682.772,1876.484,3015.461,2.267,3.06,11.262,130.292,0,0,1,0,0,35.121,1717.749
21.04.2026 08:45:00,2904.748,1825.695,1774.623,2959.251,2.265,3.058,11.509,166.138,0,0,1,0,0,63.25,1888.674
21.04.2026 09:00:00,2904.748,1639.876,1693.31,3015.233,2.261,3.063,11.894,211.649,0,0,1,0,0,96.25,1736.126
21.04.2026 09:15:00,2904.748,1687.702,1452.592,2710.605,2.277,3.039,14.226,469.179,0,0,1,0,0,129.653,1816.981
21.04.2026 09:30:00,2904.748,1606.543,1215.116,2661.995,2.284,3.029,17.983,826.874,0,0,1,0,0,155,1761.624
21.04.2026 09:45:00,2904.748,1576.708,1127.684,2496.506,2.293,3.01,19.976,817.537,0,0,1,0,0,183.04,1759.731
21.04.2026 10:00:00,2904.748,1413.996,1063.639,2596.9,2.288,3.038,22.487,874.23,0,0,1,0,0,216,1629.999
21.04.2026 10:15:00,2804.498,1359.013,925.028,2439.342,2.291,3.044,23.317,890.214,0,0,1,0,0,249,1607.94
21.04.2026 10:30:00,2804.498,1395.876,1207.701,2659.432,2.289,3.055,22.464,691.752,0,0,1,0,0,274.434,1670.422
21.04.2026 10:45:00,2804.498,1275.031,1569.372,3019.078,2.273,3.074,21.212,262.059,0,0,1,0,0,310.864,1585.749
21.04.2026 11:00:00,2804.498,1137.252,1491.393,3018.599,2.264,3.078,19.065,384.981,0,0,1,0,0,373.5,1510.751
21.04.2026 11:15:00,2804.498,1026.906,1226.885,2998.9,2.262,3.074,21.039,1241.531,0,0,1,0,0,406.887,1433.876
21.04.2026 11:30:00,2804.498,1022.56,1198.729,3016.206,2.26,3.064,21.639,565.302,0,0,1,0,0,439.5,1461.747
21.04.2026 11:45:00,2804.498,998.645,1488.197,3015.823,2.259,3.058,21.088,931.223,0,0,1,0,0,463.474,1462.074
21.04.2026 12:00:00,2804.498,809.946,1251.443,3017.472,2.259,3.056,21.744,374.317,0,0,1,0,0,492,1301.891
21.04.2026 12:15:00,2804.498,560.491,1302.556,3018.655,2.258,3.053,20.215,366.098,0,0,1,0,0,527.249,1087.748
21.04.2026 12:30:00,2804.498,507.769,1126.78,3018.172,2.259,3.057,20.572,394.845,0,0,1,0,0,543.251,1051.005
21.04.2026 12:45:00,2804.498,494.554,465.406,2993.837,2.258,3.051,22,1148.89,0,0,1,0,0,556.365,1051.003
21.04.2026 13:00:00,2804.392,483.328,348.363,2873.377,2.261,3.049,24.409,1138.949,0,0,1,0,0,567.671,1051.25
21.04.2026 13:15:00,2804.498,491.154,463.333,3006.321,2.261,3.047,24.991,734.38,0,0,1,0,0,559.991,1051.049
21.04.2026 13:30:00,2804.446,478.641,1349.554,3015.674,2.261,3.05,25.249,300.479,0,0,1,0,0,572.499,1051.036
21.04.2026 13:45:00,2804.498,481.084,970.048,3016.893,2.26,3.051,25.476,1448.82,0,0,1,0,0,569.999,1051.436
21.04.2026 14:00:00,2804.498,471.318,988.603,3017.138,2.259,3.053,25.573,572.504,0,0,1,0,0,579.749,1051.107
21.04.2026 14:15:00,2804.456,504.165,449.528,3004.5,2.259,3.051,24.722,1351.85,0,0,1,0,0,547.015,1051.057
21.04.2026 14:30:00,2804.498,460.62,856.866,2945.602,2.261,3.048,24.95,399.991,0,0,1,0,0,557.394,1018
21.04.2026 14:45:00,2804.498,549.24,422.171,2864.022,2.262,3.045,23.968,1218.224,0,0,1,0,0,549.416,1098.621
21.04.2026 15:00:00,2804.498,465.71,709.951,2938.54,2.266,3.042,24.699,1148.786,0,0,1,0,0,522.498,988.255
21.04.2026 15:15:00,2804.498,561.485,353.632,2654.837,2.266,3.044,24.7,1448.841,0,0,1,0,0,518.749,1080.246
21.04.2026 15:30:00,2804.498,637.89,406.472,2585.443,2.273,3.034,23.884,1151.625,0,0,1,0,0,501.778,1139.589
21.04.2026 15:45:00,2804.468,848.072,454.345,2499.043,2.285,3.013,23.419,1035.413,0,0,1,0,0,467.5,1315.98
21.04.2026 16:00:00,2904.748,934.995,542.733,2597.86,2.292,3.006,23.367,1143.336,0,0,1,0,0,440.75,1375.469
21.04.2026 16:15:00,2904.748,792.259,589.269,2779.964,2.283,3.038,22.786,1307.84,0,0,1,0,0,383.247,1175.312
21.04.2026 16:30:00,2904.748,921.374,1032.448,3013.708,2.279,3.057,22.301,1235.368,0,0,1,0,0,358.729,1280.122
21.04.2026 16:45:00,2904.748,1019.245,778.452,2913.241,2.27,3.069,21.896,950.336,0,0,1,0,0,313.75,1332.998
21.04.2026 17:00:00,2904.748,998.709,1405.546,3018.337,2.269,3.065,20.795,155.164,0,0,1,0,0,290.5,1289.126
21.04.2026 17:15:00,2904.745,1110.207,1494.892,3017.391,2.263,3.062,19.318,176.988,0,0,1,0,0,255.965,1366.001
21.04.2026 17:30:00,2904.748,1130.996,1483.445,3017.394,2.261,3.059,18.857,236.189,0,0,1,0,0,218.501,1349.501
21.04.2026 17:45:00,2904.748,1125.208,1303.733,3018.489,2.259,3.057,19.012,197.146,0,0,1,0,0,169.626,1294.767
21.04.2026 18:00:00,2904.735,1309.286,1612.633,3017.643,2.261,3.054,18.794,113.76,0,0,1,0,0,124.522,1433.874
21.04.2026 18:15:00,2904.667,1273.759,1413.846,3017.312,2.259,3.051,18.374,308.997,0,0,1,0,0,103.75,1377.43
21.04.2026 18:30:00,2904.748,1357.639,1360.059,2975.725,2.262,3.046,18.019,171.315,0,0,1,0,0,85.145,1442.876
21.04.2026 18:45:00,2904.748,1362.624,1451.151,3017.019,2.261,3.052,17.879,149.52,0,0,1,0,0,58.5,1421.124
21.04.2026 19:00:00,2904.686,1419.466,1661.412,3016.477,2.26,3.05,17.577,102.228,0,0,1,0,0,41.5,1461.178
21.04.2026 19:15:00,2904.748,1499.41,1656.768,3017.324,2.26,3.054,17.302,69.762,0,0,1,0,0,23.084,1522.071
21.04.2026 19:30:00,2904.748,1541.995,1695.442,3017.423,2.26,3.052,16.863,56.025,0,0,1,0,0,10.75,1552.749
21.04.2026 19:45:00,2904.748,1541.083,1580.141,2975.672,2.261,3.05,16.689,53.535,0,0,1,0,0,6,1547.329
21.04.2026 20:00:00,2904.748,1571.999,1593.369,2996.259,2.263,3.05,16.206,24.075,0,0,1,0,0,4.75,1576.749
21.04.2026 20:15:00,2904.748,1531.135,1665.64,3016.931,2.261,3.051,15.823,6.913,0,0,1,0,0,4.749,1535.531
21.04.2026 20:30:00,2904.748,1566.374,1665.513,3017.445,2.26,3.051,15.192,1.701,0,0,1,0,0,4.75,1571.124
21.04.2026 20:45:00,2904.748,1525.421,1638.365,3018.221,2.259,3.052,14.779,0.45,0,0,1,0,0,4.75,1530.589
21.04.2026 21:00:00,2904.748,1427.249,1576.128,3018.432,2.259,3.052,14.458,0.452,0,0,1,0,0,4.75,1431.999
21.04.2026 21:15:00,2904.748,1645.124,1784.195,3017.565,2.26,3.051,14.097,0.452,0,0,1,0,0,4.75,1649.722
21.04.2026 21:30:00,2904.748,1604.067,1707.067,3018.784,2.26,3.049,13.789,0.451,0,0,1,0,0,4.75,1608.558
21.04.2026 21:45:00,2904.742,1564.499,1564.092,3009.019,2.26,3.048,13.32,0.484,0,0,1,0,0,4.75,1569.249
21.04.2026 22:00:00,2904.748,1484.247,1576.094,3017.343,2.259,3.051,13.183,0.45,0,0,1,0,0,4.672,1488.999
21.04.2026 22:15:00,2904.748,1471.121,1623.195,3017.209,2.258,3.053,13.035,0.45,0,0,1,0,0,4.75,1475.874
21.04.2026 22:30:00,2904.748,1438.168,1549.102,3018.166,2.258,3.05,12.668,0.45,0,0,1,0,0,4.75,1442.885
21.04.2026 22:45:00,2904.748,1405.497,1758.828,3016.856,2.258,3.049,12.448,0.46,0,0,1,0,0,4.75,1410.249
21.04.2026 23:00:00,2904.748,1465.856,1664.191,3017.086,2.258,3.048,12.106,0.477,0,0,1,0,0,4.75,1470.62
21.04.2026 23:15:00,2904.747,1513.729,1615.235,3017.627,2.258,3.046,11.899,0.457,0,0,1,0,0,4.75,1518.678
21.04.2026 23:30:00,2904.748,1471.124,1541.64,3017.987,2.259,3.048,11.889,0.451,0,0,1,0,0,4.75,1475.738
21.04.2026 23:45:00,2904.748,1380.791,1448.052,3018.344,2.258,3.047,11.607,0.45,0,0,1,0,0,4.75,1385.182
22.04.2026 00:00:00,2904.748,1401.749,1599.944,3018.263,2.258,3.046,11.544,0.45,0,0,1,0,0,4.75,1406.499
22.04.2026 00:15:00,2904.748,1670.441,1610.333,2933.828,2.263,3.039,11.306,0.442,0,0,1,0,0,4.75,1675.086
22.04.2026 00:30:00,2904.744,1749.749,1872.821,3017.429,2.263,3.043,11.189,0.464,0,0,1,0,0,4.75,1754.499
22.04.2026 00:45:00,2904.748,1766.249,1821.226,3016.736,2.26,3.046,10.815,0.461,0,0,1,0,0,4.75,1770.999
22.04.2026 01:00:00,2904.748,1679.997,1622.891,2973.635,2.259,3.047,10.79,0.51,0,0,1,0,0,4.75,1684.749
22.04.2026 01:15:00,2904.727,1571.999,1451.289,2863.09,2.262,3.042,10.517,0.491,0,0,1,0,0,4.75,1576.749
22.04.2026 01:30:00,2904.748,1456.482,1352.561,2859.472,2.266,3.035,10.499,0.547,0,0,1,0,0,4.75,1460.994
22.04.2026 01:45:00,2904.748,1638.127,1874.292,3017.228,2.265,3.039,10.35,0.454,0,0,1,0,0,4.749,1642.785
22.04.2026 02:00:00,2904.748,1694.624,1821.739,3017.294,2.26,3.046,9.903,0.497,0,0,1,0,0,4.75,1699.374
22.04.2026 02:15:00,2904.748,1690.847,1626.11,2932.291,2.26,3.047,9.785,0.48,0,0,1,0,0,4.75,1695.617
22.04.2026 02:30:00,2904.748,1542.491,1450.51,2875.876,2.262,3.044,9.6,0.474,0,0,1,0,0,4.75,1547.058
22.04.2026 02:45:00,2904.748,1438.123,1277.745,2837.076,2.266,3.031,9.498,0.455,0,0,1,0,0,4.75,1442.796
22.04.2026 03:00:00,2904.748,1286.303,1306.415,3001.408,2.265,3.033,9.342,0.45,0,0,1,0,0,4.75,1291.014
22.04.2026 03:15:00,2904.747,1315.318,1267.032,2944.179,2.262,3.039,9.38,0.505,0,0,1,0,0,4.75,1319.97
22.04.2026 03:30:00,2904.748,1372.687,1312.858,2876.126,2.265,3.038,9.148,0.527,0,0,1,0,0,4.75,1377.487
22.04.2026 03:45:00,2904.748,1743.893,1983.641,3016.43,2.266,3.037,9.204,0.45,0,0,1,0,0,4.75,1748.594
22.04.2026 04:00:00,2904.748,1853.999,1843.41,2942.464,2.261,3.044,8.998,0.46,0,0,1,0,0,4.751,1858.702
22.04.2026 04:15:00,2904.748,1709.249,1690.301,2973.043,2.261,3.044,8.887,0.45,0,0,1,0,0,4.75,1713.999
22.04.2026 04:30:00,2904.748,1630.527,1402.213,2731.17,2.268,3.027,8.822,0.464,0,0,1,0,0,4.743,1635.251
22.04.2026 04:45:00,2904.748,1581.004,1403.624,2794.774,2.272,3.023,8.7,0.456,0,0,1,0,0,4.75,1585.743
22.04.2026 05:00:00,2904.748,1482.374,1508.041,3000.03,2.268,3.031,8.484,0.455,0,0,1,0,0,4.75,1487.124
22.04.2026 05:15:00,2904.748,1423.499,1447.026,3016.052,2.261,3.044,8.397,0.464,0,0,1,0,0,4.75,1428.249
22.04.2026 05:30:00,2904.745,1388.999,1366.969,2964.507,2.259,3.046,8.292,0.52,0,0,1,0,0,4.75,1393.749
22.04.2026 05:45:00,2904.748,1533.195,1554.901,2975.035,2.262,3.04,8.111,0.583,0,0,1,0,0,4.75,1537.986
22.04.2026 06:00:00,2904.748,1588.499,1725.953,3016.153,2.259,3.039,8.081,0.467,0,0,1,0,0,4.75,1593.249
22.04.2026 06:15:00,2904.748,1579.127,1777.445,3016.429,2.257,3.037,8.039,1.041,0,0,1,0,0,4.696,1583.876
22.04.2026 06:30:00,2904.748,1615.874,1841.161,3016.423,2.257,3.038,7.873,4.838,0,0,1,0,0,4.75,1620.624
22.04.2026 06:45:00,2904.748,1630.499,1823.619,3016.905,2.257,3.035,8.001,10.402,0,0,1,0,0,4.75,1635.249
22.04.2026 07:00:00,2904.746,1673.988,1834.249,3016.327,2.257,3.033,7.859,16.987,0,0,1,0,0,4.75,1678.615
22.04.2026 07:15:00,2904.748,1599.793,1683.926,3016.784,2.257,3.031,7.79,23.6,0,0,1,0,0,4.748,1604.266
22.04.2026 07:30:00,2904.748,1594.168,1721.844,3016.41,2.256,3.03,7.872,28.751,0,0,1,0,0,4.785,1598.974
22.04.2026 07:45:00,2904.748,1599.966,1745.917,3015.918,2.257,3.027,7.828,33.017,0,0,1,0,0,4.75,1604.818
22.04.2026 08:00:00,2904.748,1738.457,1742.345,2964.433,2.259,3.022,7.812,38.09,0,0,1,0,0,8.5,1746.773
22.04.2026 08:15:00,2904.718,1765.065,1657.386,2943.865,2.26,3.02,7.992,41.973,0,0,1,0,0,34.869,1800.249
22.04.2026 08:30:00,2904.748,1601.286,1759.36,3007.254,2.259,3.023,8.094,46.186,0,0,1,0,0,63.25,1664.66
22.04.2026 08:45:00,2904.748,1736.354,1575.966,2832.345,2.265,3.011,8.243,50.708,0,0,1,0,0,96.25,1832.453
22.04.2026 09:00:00,2904.748,1555.156,1330.102,2735.662,2.269,3.004,8.608,57.194,0,0,1,0,0,129.432,1684.699
22.04.2026 09:15:00,2904.701,1610.397,1216.14,2593.702,2.281,2.976,11.984,667.52,0,0,1,0,0,154.994,1765.374
22.04.2026 09:30:00,2904.748,1525.746,1336.242,2775.442,2.28,2.99,15.822,739.957,0,0,1,0,0,183.169,1708.749
22.04.2026 09:45:00,2904.724,1488.999,1171.815,2596.298,2.279,2.999,18.2,797.657,0,0,1,0,0,216,1704.999
22.04.2026 10:00:00,2904.748,1333.374,1086.313,2701.109,2.28,3.013,19.613,828.873,0,0,1,0,0,249,1582.374
22.04.2026 10:15:00,2904.748,1287.595,1084.997,2674.753,2.279,3.026,20.823,814.921,0,0,1,0,0,274.497,1562.114
22.04.2026 10:30:00,2904.748,1309.528,1044.628,2608.459,2.284,3.01,23.384,854.656,0,0,1,0,0,311.192,1620.615
22.04.2026 10:45:00,2904.748,1165.348,966.626,2647.476,2.283,3.012,24.784,778.687,0,0,1,0,0,373.5,1538.798
22.04.2026 11:00:00,2904.748,1059.249,818.658,2696.794,2.281,3.016,25.507,887.287,0,0,1,0,0,407.468,1466.871
22.04.2026 11:15:00,2904.748,952.373,919.202,2851.401,2.274,3.032,26.649,1213.086,0,0,1,0,0,439.5,1391.874
22.04.2026 11:30:00,2904.748,955.532,1011.915,2986.122,2.27,3.041,27.159,1448.889,0,0,1,0,0,463.619,1419.249
22.04.2026 11:45:00,2904.748,927.251,917.536,2771.051,2.272,3.029,27.185,1448.886,0,0,1,0,0,491.999,1419.249
22.04.2026 12:00:00,2904.748,736.375,814.283,2815.713,2.269,3.029,26.169,1313.087,0,0,1,0,0,527.249,1263.624
22.04.2026 12:15:00,2904.748,512.051,474.065,2739.665,2.27,3.015,26.739,1073.287,0,0,1,0,0,543.252,1055.113
22.04.2026 12:30:00,2904.748,463.763,373.138,2650.912,2.277,2.997,27.756,941.097,0,0,1,0,0,556.157,1019.875
22.04.2026 12:45:00,2904.748,452.125,305.488,2555.239,2.283,2.983,27.398,892.641,0,0,1,0,0,567.749,1019.875
22.04.2026 13:00:00,2904.748,460.272,455.993,2684.476,2.287,2.976,27.847,933.989,0,0,1,0,0,559.581,1019.875
22.04.2026 13:15:00,2904.723,447.375,453.618,2717.751,2.28,3.002,27.779,795.828,0,0,1,0,0,572.499,1019.875
22.04.2026 13:30:00,2904.748,449.875,476.323,2723.949,2.277,3.018,28.067,887.588,0,0,1,0,0,569.999,1019.875
22.04.2026 13:45:00,2904.748,440.124,559.949,2784.685,2.276,3.029,28.648,1448.878,0,0,1,0,0,579.751,1019.875
22.04.2026 14:00:00,2904.748,472.874,533.003,2797.65,2.274,3.029,28.393,1448.358,0,0,1,0,0,546.934,1019.875
22.04.2026 14:15:00,2904.748,462.623,585.873,2870.531,2.273,3.021,27.455,1416.939,0,0,1,0,0,557.146,1019.875
22.04.2026 14:30:00,2904.748,438.778,624.006,2958.018,2.268,3.028,27.164,918.274,0,0,1,0,0,549.251,988.101
22.04.2026 14:45:00,2904.748,544.811,578.103,2755.027,2.274,3.012,27.192,963.451,0,0,1,0,0,522.499,1067.163
22.04.2026 15:00:00,2904.748,439.007,534.353,2827.943,2.27,3.016,26.654,1023.195,0,0,1,0,0,518.704,957.62
22.04.2026 15:15:00,2904.748,545.601,450.828,2650.938,2.28,2.992,25.614,1114.669,0,0,1,0,0,501.782,1047.308
22.04.2026 15:30:00,2904.735,638.747,664.169,2731.333,2.284,2.986,25.713,1087.489,0,0,1,0,0,467.337,1106.124
22.04.2026 15:45:00,2904.701,837.386,648.279,2501.291,2.291,2.971,24.807,822.394,0,0,1,0,0,440.779,1278.249
22.04.2026 16:00:00,2904.748,951.624,793.18,2542.527,2.297,2.971,24.235,823.612,0,0,1,0,0,383.25,1334.874
22.04.2026 16:15:00,2904.748,781.267,773.424,2682.662,2.289,3.004,23.901,1108.38,0,0,1,0,0,358.657,1139.86
22.04.2026 16:30:00,2904.731,927.78,857.938,2588.556,2.29,3.018,23.102,1008.226,0,0,1,0,0,313.743,1241.499
22.04.2026 16:45:00,2904.748,1002.376,932.577,2608.235,2.289,3.026,22.527,715.003,0,0,1,0,0,290.5,1292.876
22.04.2026 17:00:00,2904.748,997.166,1052.771,2807.139,2.286,3.028,21.866,530.762,0,0,1,0,0,255.065,1252.374
22.04.2026 17:15:00,2904.748,1109.242,1077.948,3019.186,2.279,3.046,21.6,449.491,0,0,1,0,0,218.591,1327.747
22.04.2026 17:30:00,2904.748,1140.203,1151.684,3015.916,2.269,3.057,21.122,444.181,0,0,1,0,0,169.5,1309.654
22.04.2026 17:45:00,2904.748,1131.624,1209.905,3017.404,2.262,3.058,20.805,388.964,0,0,1,0,0,124.539,1256.124
22.04.2026 18:00:00,2904.748,1288.015,1417.869,3018.726,2.262,3.052,20.619,345.856,0,0,1,0,0,103.75,1391.844
22.04.2026 18:15:00,2904.748,1251.614,1395.088,3017.487,2.261,3.051,20.472,306.013,0,0,1,0,0,85.096,1336.749
22.04.2026 18:30:00,2904.748,1342.374,1328.572,2990.964,2.26,3.041,20.123,275.223,0,0,1,0,0,58.5,1400.874
22.04.2026 18:45:00,2904.748,1336.122,1235.978,2913.899,2.261,3.038,19.691,171.743,0,0,1,0,0,41.5,1377.599
22.04.2026 19:00:00,2904.748,1394.367,1406.766,3016.623,2.262,3.038,19.431,161.226,0,0,1,0,0,23.002,1417.374
22.04.2026 19:15:00,2904.748,1472.876,1477.018,3016.458,2.262,3.039,19.228,144.965,0,0,1,0,0,4.75,1477.715
22.04.2026 19:30:00,2904.748,1502.251,1427.267,2945.215,2.262,3.039,18.816,103.442,0,0,1,0,0,4.75,1507.001
22.04.2026 19:45:00,2904.747,1495.124,1539.661,3015.386,2.262,3.041,18.177,60.412,0,0,1,0,0,4.75,1499.874
22.04.2026 20:00:00,2904.748,1525.996,1604.365,3016.743,2.261,3.044,17.009,19.724,0,0,1,0,0,4.75,1530.708
22.04.2026 20:15:00,2904.748,1484.249,1629.223,3017.14,2.26,3.044,16.4,9.787,0,0,1,0,0,4.75,1488.999
22.04.2026 20:30:00,2904.748,1519.386,1672.215,3016.37,2.259,3.043,15.569,3.051,0,0,1,0,0,4.75,1523.937
22.04.2026 20:45:00,2904.696,1478.624,1669.736,3017.16,2.258,3.042,15.053,0.508,0,0,1,0,0,4.75,1483.374
22.04.2026 21:00:00,2904.748,1384.638,1798.616,3017.872,2.259,3.041,14.602,0.451,0,0,1,0,0,4.75,1389.559
22.04.2026 21:15:00,2904.746,1595.887,1947.593,3018.082,2.259,3.04,14.183,0.465,0,0,1,0,0,4.75,1600.53
22.04.2026 21:30:00,2904.748,1557.386,1793.722,3017.423,2.259,3.04,13.894,0.45,0,0,1,0,0,4.747,1562.124
22.04.2026 21:45:00,2904.748,1517.619,1715.286,3017.427,2.26,3.04,13.538,0.463,0,0,1,0,0,4.75,1522.478
22.04.2026 22:00:00,2904.748,1440.17,1743.716,3017.236,2.259,3.039,13.484,0.487,0,0,1,0,0,4.75,1444.871
22.04.2026 22:15:00,2904.748,1427.249,1679.949,3018.67,2.259,3.039,13.235,0.512,0,0,1,0,0,4.75,1431.999
22.04.2026 22:30:00,2904.748,1396.124,1621.962,3017.005,2.259,3.039,13.117,0.465,0,0,1,0,0,4.75,1400.874
22.04.2026 22:45:00,2904.748,1361.361,1731.733,3016.163,2.259,3.046,12.971,0.495,0,0,1,0,0,4.718,1365.999
22.04.2026 23:00:00,2904.742,1421.624,1617.04,3017.515,2.259,3.039,12.473,0.45,0,0,1,0,0,4.75,1426.31
22.04.2026 23:15:00,2904.731,1469.249,1709.134,3016.747,2.259,3.037,12.665,0.458,0,0,1,0,0,4.75,1473.999
22.04.2026 23:30:00,2904.748,1427.251,1620.077,3017.354,2.258,3.036,12.421,0.453,0,0,1,0,0,4.75,1432.001
22.04.2026 23:45:00,2904.748,1339.499,1443.304,3017.143,2.259,3.036,12.063,0.454,0,0,1,0,0,4.75,1344.249
23.04.2026 00:00:00,2904.748,1357.876,1669.47,3016.618,2.259,3.035,11.737,0.45,0,0,1,0,0,4.75,1362.626
23.04.2026 00:15:00,2904.748,1357.876,1598.784,3017.105,2.258,3.034,11.45,0.445,0,0,1,0,0,4.75,1362.626
23.04.2026 00:30:00,2904.748,1357.983,1830.209,3016.816,2.258,3.035,11.301,0.543,0,0,1,0,0,4.711,1362.624
23.04.2026 00:45:00,2904.748,1357.874,1725.024,3016.988,2.258,3.033,10.99,0.467,0,0,1,0,0,4.75,1362.624
23.04.2026 01:00:00,2904.748,1357.874,1489.793,3015.623,2.259,3.033,10.798,0.45,0,0,1,0,0,4.75,1362.624
23.04.2026 01:15:00,2904.701,1357.857,1377.895,2989.182,2.258,3.032,10.676,0.472,0,0,1,0,0,4.75,1362.62
23.04.2026 01:30:00,2904.748,1357.874,1258.896,2928.584,2.26,3.027,10.671,0.452,0,0,1,0,0,4.75,1362.624
23.04.2026 01:45:00,2904.748,1357.896,1811.826,3014.756,2.26,3.028,10.576,0.463,0,0,1,0,0,4.75,1362.63
23.04.2026 02:00:00,2904.748,1357.876,1767.734,3015.561,2.258,3.03,10.471,0.451,0,0,1,0,0,4.75,1362.626
23.04.2026 02:15:00,2904.744,1357.876,1623.95,3016.795,2.258,3.031,10.199,0.454,0,0,1,0,0,4.75,1362.626
23.04.2026 02:30:00,2904.748,1357.876,1480.479,3015.588,2.258,3.031,10.058,0.428,0,0,1,0,0,4.75,1362.626
23.04.2026 02:45:00,2904.748,1357.855,1333.291,2983.866,2.258,3.029,9.836,0.414,0,0,1,0,0,4.756,1362.624
23.04.2026 03:00:00,2904.746,1357.874,1245.517,2909.597,2.262,3.02,9.977,0.487,0,0,1,0,0,4.75,1362.624
23.04.2026 03:15:00,2904.666,1357.874,1183.228,2849.645,2.264,3.015,9.809,0.45,0,0,1,0,0,4.75,1362.624
23.04.2026 03:30:00,2904.748,1357.874,1214.74,2865.239,2.265,3.014,9.711,0.527,0,0,1,0,0,4.75,1362.624
23.04.2026 03:45:00,2904.748,1357.852,1910.289,3014.782,2.262,3.024,9.589,0.45,0,0,1,0,0,4.75,1362.619
23.04.2026 04:00:00,2904.748,1357.874,1845.562,3014.906,2.26,3.033,9.568,0.455,0,0,1,0,0,4.75,1362.624
23.04.2026 04:15:00,2904.657,1357.874,1566.279,3014.869,2.257,3.034,9.385,0.452,0,0,1,0,0,4.75,1362.624
23.04.2026 04:30:00,2904.748,1357.876,1504.399,3014.992,2.259,3.032,9.454,0.509,0,0,1,0,0,4.75,1362.626
23.04.2026 04:45:00,2904.748,1357.874,1510.289,3016.186,2.258,3.029,9.467,0.469,0,0,1,0,0,4.75,1362.624
23.04.2026 05:00:00,2904.748,1357.943,1434.539,3016.156,2.257,3.025,9.088,0.485,0,0,1,0,0,4.731,1362.626
23.04.2026 05:15:00,2904.667,1357.876,1496.264,3016.979,2.257,3.024,8.976,0.538,0,0,1,0,0,4.75,1362.626
23.04.2026 05:30:00,2904.748,1357.874,1418.879,3018.095,2.256,3.022,8.717,0.456,0,0,1,0,0,4.75,1362.624
23.04.2026 05:45:00,2904.748,1357.874,1470.357,3015.791,2.257,3.027,8.629,0.483,0,0,1,0,0,4.75,1362.525
23.04.2026 06:00:00,2904.748,1357.876,1611.795,3016.833,2.257,3.022,8.547,0.553,0,0,1,0,0,4.75,1362.626
23.04.2026 06:15:00,2904.748,1357.874,1526.122,3016.716,2.257,3.02,8.386,1.421,0,0,1,0,0,4.75,1362.624
23.04.2026 06:30:00,2904.748,1357.874,1523.428,3016.195,2.257,3.02,8.387,5.395,0,0,1,0,0,4.75,1362.624
23.04.2026 06:45:00,2904.706,1357.876,1743.705,3016.949,2.258,3.02,8.391,10.446,0,0,1,0,0,4.75,1362.626
23.04.2026 07:00:00,2904.748,1357.874,1791.719,3015.501,2.257,3.019,8.269,16.409,0,0,1,0,0,4.75,1362.624
23.04.2026 07:15:00,2904.748,1357.876,1685.611,3016.507,2.258,3.017,8.107,21.293,0,0,1,0,0,4.75,1362.626
23.04.2026 07:30:00,2904.748,1357.874,1668.449,3015.939,2.257,3.017,8.131,25.682,0,0,1,0,0,4.75,1362.624
23.04.2026 07:45:00,2904.744,1357.769,1908.205,3016.009,2.257,3.017,8.315,29.889,0,0,1,0,0,4.75,1362.595
23.04.2026 08:00:00,2904.748,1357.874,1874.499,3016.914,2.256,3.016,8.384,33.805,0,0,1,0,0,4.75,1362.525
23.04.2026 08:15:00,2904.748,1357.874,1913.742,3016.019,2.256,3.016,8.465,36.836,0,0,1,0,0,4.75,1362.624
23.04.2026 08:30:00,2904.747,1357.874,1756.826,3016.372,2.256,3.016,8.671,40.003,0,0,1,0,0,4.75,1362.624
23.04.2026 08:45:00,2904.748,1357.876,1716.61,3017.872,2.256,3.015,8.958,42.907,0,0,1,0,0,4.75,1362.626
23.04.2026 09:00:00,2904.748,1493.261,1503.541,3018.35,2.256,3.015,9.203,49.34,0,0,1,0,0,103.748,1597.001
23.04.2026 09:15:00,2904.738,1533.324,1261.568,2750.644,2.261,3.004,13.055,688.39,0,0,1,0,0,139.544,1673.287
23.04.2026 09:30:00,2904.748,1454.988,1208.542,2840.657,2.266,2.994,16.97,753.188,0,0,1,0,0,167.269,1622.445
23.04.2026 09:45:00,2904.748,1420.941,1204.095,2824.613,2.271,2.985,19.299,801.081,0,0,1,0,0,197.75,1618.546
23.04.2026 10:00:00,2904.748,1269.854,1171.13,2936.467,2.267,3.003,21.033,820.799,0,0,1,0,0,231.936,1501.749
23.04.2026 10:15:00,2904.748,1211.749,1069.003,2928.694,2.266,3.015,22.405,836.212,0,0,1,0,0,269.69,1481.499
23.04.2026 10:30:00,2904.748,1242.638,1042.363,2844.968,2.267,3.015,23.334,903.818,0,0,1,0,0,295.25,1537.971
23.04.2026 10:45:00,2904.748,1126.077,988.304,2931.1,2.263,3.023,25.005,887.857,0,0,1,0,0,334.5,1460.467
23.04.2026 11:00:00,2904.748,990.051,1071.908,3015.651,2.26,3.022,26.386,901.903,0,0,1,0,0,401.722,1391.874
23.04.2026 11:15:00,1203.738,878.874,1009.896,1630.645,2.29,2.942,27.32,1070.182,0,0,1,0,0,439.5,1318.374
23.04.2026 11:30:00,1203.57,871.427,939.515,1357.049,2.335,2.798,29.149,1247.125,0,0,1,0,0,474.536,1345.994
23.04.2026 11:45:00,1203.749,846.725,962.607,1469.49,2.344,2.709,29.793,1244.515,0,0,1,0,0,499.25,1345.918
23.04.2026 12:00:00,1203.749,666.166,681.476,1361.685,2.348,2.733,29.664,1244.177,0,0,1,0,0,532.223,1198.285
23.04.2026 12:15:00,1203.731,430.362,562.089,1469.9,2.349,2.877,28.476,1297.178,0,0,1,0,0,569.729,1000.001
23.04.2026 12:30:00,1203.743,379.748,395.851,1399.633,2.351,2.941,27.288,1179.064,0,0,1,0,0,587.249,966.999
23.04.2026 12:45:00,1203.729,367.499,370.078,1287.969,2.353,2.959,27.116,1011.51,0,0,1,0,0,599.501,966.999
23.04.2026 13:00:00,1203.749,354.998,381.613,1346.599,2.354,2.958,28.471,959.53,0,0,1,0,0,611.831,966.998
23.04.2026 13:15:00,1203.749,363.999,372.249,1154.616,2.357,2.952,28.078,844.422,0,0,1,0,0,603.001,966.999
23.04.2026 13:30:00,1203.749,348.417,424.404,1305.016,2.357,2.955,28.673,1194.781,0,0,1,0,0,618.787,966.987
23.04.2026 13:45:00,1203.524,352.181,468.373,1237.932,2.358,2.959,28.926,1448.192,0,0,1,0,0,614.551,966.998
23.04.2026 14:00:00,1203.745,340.75,527.406,1381.178,2.354,2.971,29.242,1448.306,0,0,1,0,0,626.249,966.999
23.04.2026 14:15:00,1203.749,376.247,578.681,1382.995,2.353,2.981,28.896,1448.144,0,0,1,0,0,590.751,966.999
23.04.2026 14:30:00,1203.749,335.102,552.775,1365.122,2.35,2.987,28.223,1175.374,0,0,1,0,0,601.857,936.974
23.04.2026 14:45:00,1203.749,419.791,507.399,1303.186,2.355,2.97,27.84,960.412,0,0,1,0,0,592.001,1011.731
23.04.2026 15:00:00,1203.617,344.573,395.721,1309.63,2.355,2.968,27.308,1039.135,0,0,1,0,0,563.763,908.124
23.04.2026 15:15:00,1203.749,433.499,444.633,1155.126,2.357,2.963,27.286,1017.088,0,0,1,0,0,559.001,992.499
23.04.2026 15:30:00,1203.749,507.124,630.986,1275.102,2.359,2.959,27.331,990.678,0,0,1,0,0,541.999,1049.124
23.04.2026 15:45:00,1203.749,706.124,541.539,1155.939,2.362,2.956,26.507,925.89,0,0,1,0,0,504.25,1210.374
23.04.2026 16:00:00,1203.749,790.894,611.031,1155.966,2.363,2.956,25.907,1073.778,0,0,1,0,0,475.821,1266.852
23.04.2026 16:15:00,1203.749,666.529,708.691,1202.884,2.361,2.966,25.711,1200.445,0,0,1,0,0,413.772,1080.361
23.04.2026 16:30:00,2904.748,788.499,732.777,2083.087,2.336,3.041,25.487,1041.002,0,0,1,0,0,387,1175.499
23.04.2026 16:45:00,2904.748,887.057,852.693,2823.663,2.296,3.099,25.004,797.508,0,0,1,0,0,337.991,1225.006
23.04.2026 17:00:00,2904.748,875.097,942.559,2950.289,2.279,3.102,24.104,590.273,0,0,1,0,0,313.518,1188.624
23.04.2026 17:15:00,2904.748,982.249,1038.676,2880.898,2.274,3.081,23.302,530.18,0,0,1,0,0,275.75,1257.999
23.04.2026 17:30:00,2904.748,1008.155,1115.978,2954.679,2.269,3.062,23.127,461.555,0,0,1,0,0,234.616,1242.456
23.04.2026 17:45:00,2904.748,1008.974,1268.968,3015.446,2.265,3.052,22.822,394.517,0,0,1,0,0,183.007,1191.999
23.04.2026 18:00:00,2904.748,1184.714,1366.547,3001.662,2.265,3.046,22.583,309.623,0,0,1,0,0,134.467,1319.992
23.04.2026 18:15:00,2904.748,1142.778,1201.5,2991.529,2.264,3.04,22.421,283.621,0,0,1,0,0,124.598,1267.374
23.04.2026 18:30:00,2904.748,1274.873,1353.702,2947.542,2.268,3.035,22.193,293.853,0,0,1,0,0,54.75,1329.624
23.04.2026 18:45:00,2904.748,1303.032,1407.317,2970.646,2.266,3.032,21.895,211.684,0,0,1,0,0,4.75,1308.096
23.04.2026 19:00:00,2904.748,1339.499,1320.881,2949.638,2.268,3.031,21.384,177.321,0,0,1,0,0,4.75,1344.249
23.04.2026 19:15:00,2904.748,1397.999,1395.552,2896.65,2.271,3.028,21.089,153.67,0,0,1,0,0,4.75,1402.749
23.04.2026 19:30:00,2904.748,1425.375,1446.348,2883.07,2.269,3.035,20.337,114.188,0,0,1,0,0,4.676,1430.124
23.04.2026 19:45:00,2904.748,1418.251,1514.775,2933.52,2.268,3.045,19.464,63.917,0,0,1,0,0,4.75,1423.001
23.04.2026 20:00:00,2904.748,1446.965,1720.776,3014.464,2.264,3.047,18.77,18.672,0,0,1,0,0,4.75,1451.295
23.04.2026 20:15:00,2904.748,1408.873,1726.031,3016.086,2.263,3.049,17.841,9.787,0,0,1,0,0,4.75,1413.624
23.04.2026 20:30:00,2904.748,1441.905,1739.277,3015.757,2.262,3.049,16.993,3.41,0,0,1,0,0,4.742,1446.778
23.04.2026 20:45:00,2904.748,1403.575,1675.005,3014.966,2.262,3.047,16.421,0.516,0,0,1,0,0,4.762,1408.374
23.04.2026 21:00:00,2904.748,1313.501,1663.219,3015.98,2.263,3.049,16.382,0.45,0,0,1,0,0,4.75,1318.34
23.04.2026 21:15:00,2904.748,1513.707,1909.457,3016.046,2.262,3.046,16.134,0.453,0,0,1,0,0,4.75,1518.608
23.04.2026 21:30:00,2904.748,1476.749,1775.461,3015.23,2.262,3.044,15.69,0.45,0,0,1,0,0,4.75,1481.499
23.04.2026 21:45:00,2904.748,1439.966,1674.502,3016.202,2.262,3.044,15.116,0.45,0,0,1,0,0,4.779,1444.841
23.04.2026 22:00:00,2904.748,1364.999,1642.38,3016.142,2.262,3.043,14.782,0.45,0,0,1,0,0,4.75,1369.86
23.04.2026 22:15:00,2904.748,1354.124,1677.214,3016.142,2.262,3.042,14.726,0.434,0,0,1,0,0,4.75,1358.964
23.04.2026 22:30:00,2904.748,1324.764,1620.149,3016.282,2.262,3.042,14.261,0.458,0,0,1,0,0,4.75,1329.59
23.04.2026 22:45:00,2904.748,1292.141,1760.762,3016.201,2.262,3.042,13.563,0.45,0,0,1,0,0,4.75,1296.759
23.04.2026 23:00:00,2904.748,1348.499,1659.477,3015.951,2.261,3.041,13.338,0.45,0,0,1,0,0,4.75,1353.249
23.04.2026 23:15:00,2904.748,1394.249,1722.826,3015.938,2.262,3.042,13.136,0.45,0,0,1,0,0,4.75,1398.999
23.04.2026 23:30:00,2904.63,1354.115,1595.565,3016.345,2.263,3.046,13.098,0.499,0,0,1,0,0,4.75,1358.872
23.04.2026 23:45:00,2904.748,1269.749,1422.584,3016.464,2.261,3.041,12.851,0.435,0,0,1,0,0,4.625,1274.499
24.04.2026 00:00:00,2904.748,1288.142,1594.715,3014.803,2.262,3.041,12.528,0.45,0,0,1,0,0,4.75,1292.88
24.04.2026 00:15:00,2904.748,1506.028,1568.285,2937.661,2.266,3.034,12.463,0.449,0,0,1,0,0,4.75,1510.894
24.04.2026 00:30:00,2904.748,1575.751,1824.054,3013.452,2.266,3.036,12.154,0.45,0,0,1,0,0,4.75,1580.501
24.04.2026 00:45:00,2904.652,1592.344,1780.961,3014.552,2.264,3.04,12.189,0.451,0,0,1,0,0,4.75,1597.258
24.04.2026 01:00:00,2904.748,1513.7,1535.127,2874.137,2.264,3.04,12.097,0.45,0,0,1,0,0,4.75,1518.498
24.04.2026 01:15:00,2904.748,1418.249,1305.917,2775.222,2.269,3.028,11.889,0.531,0,0,1,0,0,4.75,1422.999
24.04.2026 01:30:00,2904.748,1312.738,1189.262,2769.357,2.274,3.018,11.8,0.45,0,0,1,0,0,4.75,1318.192
24.04.2026 01:45:00,2904.748,1476.749,1722.545,3015.694,2.275,3.023,11.835,0.402,0,0,1,0,0,4.75,1481.499
24.04.2026 02:00:00,2904.748,1526.683,1725.094,3015.307,2.267,3.042,11.889,0.45,0,0,1,0,0,4.75,1531.343
24.04.2026 02:15:00,2904.748,1525.954,1532.066,2880.548,2.267,3.045,11.781,0.46,0,0,1,0,0,4.75,1530.494
24.04.2026 02:30:00,2904.748,1392.374,1328.127,2811.756,2.268,3.041,11.794,0.483,0,0,1,0,0,4.75,1397.124
24.04.2026 02:45:00,2904.748,1297.406,1199.542,2807.882,2.274,3.03,11.618,0.448,0,0,1,0,0,4.749,1302.784
24.04.2026 03:00:00,2904.748,1159.874,1150.822,2893.977,2.273,3.028,11.559,0.449,0,0,1,0,0,4.75,1164.624
24.04.2026 03:15:00,2904.748,1185.374,1227.522,2931.418,2.274,3.025,11.378,0.45,0,0,1,0,0,4.75,1190.124
24.04.2026 03:30:00,2904.748,1238.079,1328.802,2974.665,2.271,3.039,11.12,0.455,0,0,1,0,0,4.75,1242.96
24.04.2026 03:45:00,2904.748,1571.999,1884.854,3014.379,2.271,3.04,11.159,0.45,0,0,1,0,0,4.75,1576.749
24.04.2026 04:00:00,2904.748,1672.734,1759.873,2965.666,2.267,3.046,11.413,0.458,0,0,1,0,0,4.75,1677.433
24.04.2026 04:15:00,2904.748,1540.804,1544.782,2890.126,2.266,3.042,11.538,0.467,0,0,1,0,0,4.75,1545.607
24.04.2026 04:30:00,2904.748,1469.249,1433.047,2858.313,2.271,3.033,11.101,0.451,0,0,1,0,0,4.75,1473.999
24.04.2026 04:45:00,2904.748,1427.249,1490.511,2971.262,2.27,3.027,10.703,0.45,0,0,1,0,0,4.75,1431.999
24.04.2026 05:00:00,2904.667,1335.749,1421.327,2928.625,2.266,3.033,10.627,0.487,0,0,1,0,0,4.75,1340.499
24.04.2026 05:15:00,2904.692,1282.497,1370.817,3011.676,2.265,3.038,10.748,0.45,0,0,1,0,0,4.75,1287.249
24.04.2026 05:30:00,2904.748,1253.249,1404.341,3013.274,2.264,3.041,10.471,0.474,0,0,1,0,0,4.75,1257.999
24.04.2026 05:45:00,2904.748,1383.016,1559.58,3013.944,2.265,3.036,10.35,0.45,0,0,1,0,0,4.75,1388.024
24.04.2026 06:00:00,2904.747,1432.886,1704.121,3014.199,2.263,3.037,10.199,0.45,0,0,1,0,0,4.75,1437.459
24.04.2026 06:15:00,2904.748,1469.226,1631.683,3015.071,2.263,3.035,10.029,1.744,0,0,1,0,0,4.75,1473.993
24.04.2026 06:30:00,2904.748,1500.374,1600.098,2995.346,2.263,3.035,9.92,6.151,0,0,1,0,0,4.75,1505.124
24.04.2026 06:45:00,2904.724,1513.849,1689.879,3012.216,2.264,3.031,9.875,10.479,0,0,1,0,0,4.75,1518.678
24.04.2026 07:00:00,2904.748,1557.302,1754.659,3013.763,2.263,3.03,9.825,16.034,0,0,1,0,0,4.75,1562.106
24.04.2026 07:15:00,2904.748,1485.749,1630.696,3010.962,2.263,3.027,9.817,20.336,0,0,1,0,0,4.75,1490.499
24.04.2026 07:30:00,2904.748,1482.374,1667.985,3012.69,2.262,3.031,9.888,24.775,0,0,1,0,0,4.75,1487.124
24.04.2026 07:45:00,2904.748,1487.624,1743.286,3013.945,2.262,3.037,9.904,28.012,0,0,1,0,0,4.75,1492.374
24.04.2026 08:00:00,2904.744,1604.207,1680.778,2998.01,2.262,3.032,9.831,31.837,0,0,1,0,0,18.25,1622.489
24.04.2026 08:15:00,2904.748,1624.458,1657.782,2920.148,2.266,3.022,9.891,34.05,0,0,1,0,0,50,1674.917
24.04.2026 08:30:00,2904.748,1474.938,1461.861,2825.827,2.266,3.02,9.831,37.377,0,0,1,0,0,74.331,1549.352
24.04.2026 08:45:00,2904.748,1601.876,1492.668,2722.214,2.276,2.999,9.879,40.597,0,0,1,0,0,101.077,1703.124
24.04.2026 09:00:00,2904.748,1421.016,1369.649,2831.121,2.275,3.006,10.008,47.975,0,0,1,0,0,144.973,1565.874
24.04.2026 09:15:00,2904.748,1462.624,1250.639,2663.653,2.282,2.995,14.308,700.867,0,0,1,0,0,178.25,1640.874
24.04.2026 09:30:00,2904.748,1378.499,1186.407,2686.563,2.282,3.009,18.323,765.872,0,0,1,0,0,211,1589.499
24.04.2026 09:45:00,2904.747,1341.734,1156.971,2646.855,2.285,3.005,20.78,826.312,0,0,1,0,0,243.984,1585.729
24.04.2026 10:00:00,2904.748,1183.523,1087.559,2770.419,2.282,3.023,22.805,840.677,0,0,1,0,0,288,1471.63
24.04.2026 10:15:00,1103.749,1132.533,916.387,1150.632,2.303,2.936,24.535,840.439,0,0,1,0,0,317.738,1450.374
24.04.2026 10:30:00,1103.749,1149.36,886.593,1153.876,2.347,2.804,26.851,884.942,0,0,1,0,0,357.722,1506.999
24.04.2026 10:45:00,1103.69,1024.19,793.501,1155.599,2.359,2.718,28.301,817.574,0,0,1,0,0,407.75,1431.983
24.04.2026 11:00:00,1103.738,904.909,780.866,1155.812,2.362,2.79,29.224,1120.191,0,0,1,0,0,457.741,1362.624
24.04.2026 11:15:00,1103.749,804.624,829.034,1155.815,2.363,2.753,30.325,1447.765,0,0,1,0,0,488.25,1292.874
24.04.2026 11:30:00,1103.749,790.218,894.353,1153.643,2.363,2.352,30.13,1447.765,0,0,1,0,0,528.305,1318.376
24.04.2026 11:45:00,1103.749,761.602,859.039,1153.744,2.361,2.619,31.55,1447.785,0,0,1,0,0,556.751,1318.368
24.04.2026 12:00:00,1103.749,586.347,750.93,1202.826,2.359,3.015,32.018,1448.324,0,0,1,0,0,587.249,1173.619
24.04.2026 12:15:00,1103.749,241.112,575.718,1457.241,2.354,3.054,32.527,1308.32,0,0,1,0,0,614.093,855.238
24.04.2026 12:30:00,1103.749,197.25,400.233,1260.425,2.357,3.025,32.03,1047.016,0,0,1,0,0,657.999,855.249
24.04.2026 12:45:00,1103.749,179.062,308.778,1213.291,2.358,3,31.84,971.25,0,0,1,0,0,676.105,855.249
24.04.2026 13:00:00,1103.749,159.5,396.862,1310.63,2.357,3.006,31.395,940.327,0,0,1,0,0,695.749,855.249
24.04.2026 13:15:00,1103.749,172.751,451.408,1282.256,2.356,3.008,31.128,884.325,0,0,1,0,0,682.499,855.251
24.04.2026 13:30:00,1103.683,174.004,326.022,1212.756,2.359,3.005,30.601,1133.22,0,0,1,0,0,681.166,855.249
24.04.2026 13:45:00,1103.749,165.501,403.649,1284.3,2.359,3.005,31.044,1448.324,0,0,1,0,0,689.749,855.251
24.04.2026 14:00:00,1103.749,169.251,428.284,1353.308,2.346,3.14,31.063,1448.219,0,0,1,0,0,685.999,855.251
24.04.2026 14:15:00,1103.746,195.896,433.288,1376.903,2.336,3.168,30.882,1448.299,0,0,1,0,0,659.279,855.249
24.04.2026 14:30:00,1103.739,239.714,379.532,1232.226,2.35,3.036,29.781,1254.922,0,0,1,0,0,615.379,855.251
24.04.2026 14:45:00,1103.522,248.525,440.993,1214.242,2.36,2.979,29.487,996.639,0,0,1,0,0,606.853,855.259
24.04.2026 15:00:00,1103.617,260.751,426.254,1225.241,2.361,2.963,28.718,1157.37,0,0,1,0,0,594.499,855.251
24.04.2026 15:15:00,1103.568,277.854,495.327,1256.418,2.361,2.999,28.559,1175.396,0,0,1,0,0,577.366,855.271
24.04.2026 15:30:00,1103.319,287.024,429.006,1279.231,2.359,3.016,28.34,937.351,0,0,1,0,0,568.273,855.251
24.04.2026 15:45:00,1103.561,418.752,424.171,1155.105,2.363,3.011,27.911,922.381,0,0,1,0,0,536.945,955.749
24.04.2026 16:00:00,1103.688,398.5,509.133,1155.551,2.364,3.012,27.565,864.794,0,0,1,0,0,507.75,906.249
24.04.2026 16:15:00,2904.748,595.814,522.518,2081.205,2.34,3.072,27.118,947.723,0,0,1,0,0,466.25,1061.971
24.04.2026 16:30:00,2904.748,711.749,650.37,2797.54,2.304,3.112,26.682,1145.41,0,0,1,0,0,442,1153.644
24.04.2026 16:45:00,2904.748,810.249,784.027,2833.721,2.286,3.112,25.934,921.953,0,0,1,0,0,393,1203.249
24.04.2026 17:00:00,2904.752,814.83,824.68,2841.291,2.279,3.087,25.766,675.73,0,0,1,0,0,347.93,1162.749
24.04.2026 17:15:00,2904.748,923.224,887.899,2837.022,2.28,3.065,25.265,515.715,0,0,1,0,0,309.932,1233.15
24.04.2026 17:30:00,2904.748,955.76,964.154,2930.516,2.278,3.058,24.766,453.919,0,0,1,0,0,262.247,1217.876
24.04.2026 17:45:00,2904.748,952.999,1037.855,2988.773,2.274,3.056,24.509,385.431,0,0,1,0,0,213.5,1166.499
24.04.2026 18:00:00,2904.748,1114.551,1109.211,2847.072,2.276,3.052,24.378,329.382,0,0,1,0,0,178.269,1292.956
24.04.2026 18:15:00,2904.748,1089.215,1205.056,3012.421,2.273,3.057,23.841,319.739,0,0,1,0,0,153.75,1242.881
24.04.2026 18:30:00,2904.748,1170.751,1234.052,2929.371,2.271,3.059,23.186,327.345,0,0,1,0,0,131.131,1302.567
24.04.2026 18:45:00,2904.748,1184.501,1307.34,3002.037,2.27,3.062,22.8,228.707,0,0,1,0,0,97.5,1282.001
24.04.2026 19:00:00,2904.748,1234.935,1246.786,2884.218,2.27,3.059,22.139,164.01,0,0,1,0,0,82.856,1317.931
24.04.2026 19:15:00,2904.748,1313.757,1321.017,2866.574,2.275,3.053,21.696,128.475,0,0,1,0,0,59.75,1373.502
24.04.2026 19:30:00,2904.748,1362.499,1383.341,2938.462,2.277,3.051,21.254,105.025,0,0,1,0,0,40.25,1402.749
24.04.2026 19:45:00,2904.706,1373.458,1410.82,2930.705,2.278,3.054,20.513,69.095,0,0,1,0,0,21.761,1395.151
24.04.2026 20:00:00,2904.623,1412.227,1521.845,3013.838,2.272,3.064,19.582,24.075,0,0,1,0,0,10.756,1422.999
24.04.2026 20:15:00,2904.748,1380.93,1538.8,3014.112,2.269,3.068,18.205,12.973,0,0,1,0,0,4.75,1385.521
24.04.2026 20:30:00,2904.748,1412.626,1545.867,3014.461,2.268,3.068,18.415,4.876,0,0,1,0,0,4.75,1417.376
24.04.2026 20:45:00,2904.74,1374.963,1659.32,3014.056,2.267,3.066,18.485,1.023,0,0,1,0,0,4.75,1379.917
24.04.2026 21:00:00,2904.748,1286.249,1542.048,3014.578,2.267,3.066,18.182,0.45,0,0,1,0,0,4.75,1290.999
24.04.2026 21:15:00,2904.748,1484.249,1914.049,3015.103,2.267,3.063,17.573,0.45,0,0,1,0,0,4.75,1488.999
24.04.2026 21:30:00,2904.748,1448.357,1726.597,3015.525,2.267,3.064,17.154,0.446,0,0,1,0,0,4.75,1453.349
24.04.2026 21:45:00,2904.748,1412.624,1611.16,3014.763,2.267,3.064,16.366,0.455,0,0,1,0,0,4.75,1417.374
24.04.2026 22:00:00,2904.748,1339.499,1609.13,3016.071,2.267,3.064,16.121,0.48,0,0,1,0,0,4.75,1344.249
24.04.2026 22:15:00,2904.748,1328.249,1681.754,3014.996,2.266,3.065,15.589,0.451,0,0,1,0,0,4.75,1332.999
24.04.2026 22:30:00,2904.748,1297.321,1645.041,3016.448,2.267,3.065,15.388,0.45,0,0,1,0,0,4.75,1302.374
24.04.2026 22:45:00,2904.748,1265.999,1751.664,3015.449,2.267,3.066,15.289,0.474,0,0,1,0,0,4.75,1270.749
24.04.2026 23:00:00,2904.748,1322.999,1762.047,3014.534,2.266,3.065,15.046,0.45,0,0,1,0,0,4.75,1327.749
24.04.2026 23:15:00,2904.748,1365.031,1754.368,3014.757,2.266,3.065,14.906,0.441,0,0,1,0,0,4.75,1369.758
24.04.2026 23:30:00,2904.748,1326.749,1540.595,3016.219,2.267,3.065,14.799,0.45,0,0,1,0,0,4.75,1331.499
24.04.2026 23:45:00,2904.748,1246.008,1403.586,3015.605,2.267,3.064,14.517,0.516,0,0,1,0,0,4.75,1250.624
25.04.2026 00:00:00,2904.748,1262.624,1625.799,3015.769,2.266,3.065,14.451,0.668,0,0,1,0,0,4.75,1267.374
25.04.2026 00:15:00,2904.748,1462.119,1505.187,2895.413,2.268,3.062,14.377,0.457,0,0,1,0,0,4.75,1466.874
25.04.2026 00:30:00,2904.748,1529.735,1797.341,3013.561,2.27,3.062,14.208,0.506,0,0,1,0,0,4.75,1533.839
25.04.2026 00:45:00,2904.748,1546.424,1614.421,3009.505,2.268,3.064,14.148,0.453,0,0,1,0,0,4.75,1551.231
25.04.2026 01:00:00,2904.748,1469.17,1513.232,2927.993,2.269,3.063,14.138,0.496,0,0,1,0,0,4.75,1473.914
25.04.2026 01:15:00,2904.748,1374.627,1373.201,2881.781,2.272,3.064,14.061,0.451,0,0,1,0,0,4.75,1379.811
25.04.2026 01:30:00,2904.731,1273.449,1255.349,2893.761,2.273,3.058,13.582,0.474,0,0,1,0,0,4.75,1278.237
25.04.2026 01:45:00,2904.748,1432.874,1754.839,3013.288,2.273,3.062,13.456,0.498,0,0,1,0,0,4.75,1437.624
25.04.2026 02:00:00,2904.748,1482.374,1690.549,3013.566,2.269,3.066,13.386,0.486,0,0,1,0,0,4.75,1487.124
25.04.2026 02:15:00,2904.748,1478.624,1505.936,2872.984,2.269,3.067,13.462,0.451,0,0,1,0,0,4.75,1483.374
25.04.2026 02:30:00,2904.748,1350.374,1304.155,2817.3,2.273,3.06,13.514,0.458,0,0,1,0,0,4.75,1355.124
25.04.2026 02:45:00,2904.748,1258.874,1160.361,2784.254,2.277,3.054,13.316,0.481,0,0,1,0,0,4.75,1263.624
25.04.2026 03:00:00,2904.748,1123.172,1110.821,2874.846,2.277,3.057,13.27,0.498,0,0,1,0,0,4.75,1127.886
25.04.2026 03:15:00,2904.718,1148.999,1142.358,2876.469,2.277,3.057,12.818,0.454,0,0,1,0,0,4.75,1153.749
25.04.2026 03:30:00,2904.748,1200.205,1239.602,2915.135,2.275,3.063,12.808,0.451,0,0,1,0,0,4.75,1205.086
25.04.2026 03:45:00,2904.748,1525.268,1832.43,3015.043,2.274,3.064,12.692,0.467,0,0,1,0,0,4.75,1530.434
25.04.2026 04:00:00,2904.748,1623.374,1737.123,2975.501,2.269,3.069,12.568,0.481,0,0,1,0,0,4.75,1628.124
25.04.2026 04:15:00,2904.748,1495.122,1516.972,2922.816,2.267,3.066,12.324,0.453,0,0,1,0,0,4.75,1499.874
25.04.2026 04:30:00,2904.748,1425.374,1377.604,2820.413,2.272,3.06,12.237,0.451,0,0,1,0,0,4.75,1430.124
25.04.2026 04:45:00,2904.748,1384.632,1307.4,2824.602,2.276,3.052,12.191,0.45,0,0,1,0,0,4.75,1389.659
25.04.2026 05:00:00,2904.748,1295.534,1274.947,2838.835,2.277,3.05,12.2,0.45,0,0,1,0,0,4.75,1300.155
25.04.2026 05:15:00,2904.724,1245.607,1148.606,2806.762,2.276,3.054,12.172,0.468,0,0,1,0,0,4.75,1250.629
25.04.2026 05:30:00,2904.748,1214.999,1178.564,2846.458,2.278,3.056,12.213,0.531,0,0,1,0,0,4.75,1219.749
25.04.2026 05:45:00,2904.748,1341.374,1200.49,2718.672,2.284,3.05,12.131,0.459,0,0,1,0,0,4.75,1346.124
25.04.2026 06:00:00,2904.748,1390.499,1326.397,2778.527,2.286,3.047,11.924,0.45,0,0,1,0,0,4.75,1395.191
25.04.2026 06:15:00,2904.748,1425.374,1393.726,2813.35,2.283,3.055,11.504,1.959,0,0,1,0,0,4.75,1430.124
25.04.2026 06:30:00,2904.748,1456.193,1399.308,2806.565,2.281,3.06,11.517,6.283,0,0,1,0,0,4.745,1460.929
25.04.2026 06:45:00,2904.748,1469.151,1382.132,2793.486,2.282,3.057,11.483,11.626,0,0,1,0,0,4.75,1473.972
25.04.2026 07:00:00,2904.748,1509.851,1467.095,2811.113,2.282,3.055,11.579,17.54,0,0,1,0,0,4.75,1514.526
25.04.2026 07:15:00,2904.748,1441.876,1289.754,2714.164,2.282,3.058,11.78,23.059,0,0,1,0,0,4.75,1446.789
25.04.2026 07:30:00,2904.752,1436.626,1375.951,2811.674,2.285,3.052,11.616,26.874,0,0,1,0,0,4.75,1441.376
25.04.2026 07:45:00,2904.748,1443.909,1342.274,2799.113,2.284,3.051,11.843,30.457,0,0,1,0,0,4.75,1448.621
25.04.2026 08:00:00,2904.748,1556.623,1358.152,2788.931,2.285,3.051,11.663,34.812,0,0,1,0,0,18.25,1574.874
25.04.2026 08:15:00,2904.748,1574.374,1326.447,2544.409,2.288,3.045,11.823,37.806,0,0,1,0,0,50,1624.374
25.04.2026 08:30:00,2904.623,1427.437,1317.947,2668.265,2.287,3.048,12.072,41.734,0,0,1,0,0,74.301,1501.749
25.04.2026 08:45:00,2904.748,1550.488,1289.66,2514.251,2.296,3.033,12.19,46.125,0,0,1,0,0,101.25,1651.746
25.04.2026 09:00:00,2904.667,1373.049,1123.213,2494.091,2.294,3.043,12.399,54.9,0,0,1,0,0,145.137,1518.251
25.04.2026 09:15:00,2904.683,1412.999,1061.714,2453.396,2.3,3.035,16.514,687.684,0,0,1,0,0,178.285,1591.374
25.04.2026 09:30:00,2904.744,1330.843,962.218,2429.074,2.302,3.037,20.4,763.087,0,0,1,0,0,211,1541.814
25.04.2026 09:45:00,2904.748,1293.832,905.101,2375.715,2.305,3.035,23.113,821.345,0,0,1,0,0,244,1537.893
25.04.2026 10:00:00,2904.748,1138.332,796.999,2445.919,2.302,3.047,23.89,813.149,0,0,1,0,0,288,1426.305
25.04.2026 10:15:00,2904.747,1089.868,805.381,2501.293,2.302,3.051,24.725,844.718,0,0,1,0,0,318.5,1408.373
25.04.2026 10:30:00,2904.748,1103.809,669.875,2372.386,2.304,3.046,25.559,901.397,0,0,1,0,0,358.66,1462.644
25.04.2026 10:45:00,2904.748,981.333,575.994,2370.589,2.307,3.046,26.628,858.092,0,0,1,0,0,408.487,1389.423
25.04.2026 11:00:00,2904.748,865.276,590.69,2454.971,2.304,3.046,27.954,893.299,0,0,1,0,0,458.552,1323.83
25.04.2026 11:15:00,1504.251,764.289,643.514,1242.888,2.335,2.967,29.437,1099.663,0,0,1,0,0,488.25,1252.498
25.04.2026 11:30:00,1504.305,751.502,594.433,1238.625,2.358,2.902,31.463,1174.342,0,0,1,0,0,528.499,1280.097
25.04.2026 11:45:00,1504.289,722.866,517.024,1193.599,2.364,2.896,32.006,1166.913,0,0,1,0,0,557.163,1280.124
25.04.2026 12:00:00,1504.255,551.873,369.197,1223.282,2.362,2.983,32.892,1185.343,0,0,1,0,0,587.251,1139.124
25.04.2026 12:15:00,1052.931,216.474,387.583,1152.961,2.365,3.022,33.075,1231.367,0,0,1,0,0,614.544,831.249
25.04.2026 12:30:00,1052.743,112.421,428.579,1203.753,2.365,3.034,33.398,1157.766,0,0,1,0,0,658.384,770.874
25.04.2026 12:45:00,1052.889,94.625,276.222,1153.27,2.365,3.037,33.883,937.326,0,0,1,0,0,676.249,770.874
25.04.2026 13:00:00,1052.882,75.13,302.367,1074.17,2.37,3.027,33.329,915.888,0,0,1,0,0,695.748,770.874
25.04.2026 13:15:00,1052.723,88.375,274.778,1074.217,2.371,3.029,34.06,781.392,0,0,1,0,0,682.499,770.874
25.04.2026 13:30:00,1052.828,89.449,290.066,1074.557,2.372,3.034,34.457,1210.028,0,0,1,0,0,681.249,770.825
25.04.2026 13:45:00,1052.983,81.184,246.93,1153.205,2.368,3.049,34.513,1447.772,0,0,1,0,0,689.736,770.874
25.04.2026 14:00:00,1052.838,84.865,151.941,1074.654,2.372,3.044,34.15,1448.064,0,0,1,0,0,685.929,770.872
25.04.2026 14:15:00,1052.778,110.768,249.255,1074.568,2.372,3.039,33.874,1447.792,0,0,1,0,0,660.31,770.874
25.04.2026 14:30:00,1052.786,154.523,270.597,1074.504,2.372,3.043,32.896,1154.234,0,0,1,0,0,616.185,770.87
25.04.2026 14:45:00,1052.737,163.917,281.499,1074.316,2.372,3.048,32.811,971.442,0,0,1,0,0,607.148,770.874
25.04.2026 15:00:00,1052.647,176.186,317.529,1073.993,2.373,3.048,32.011,1008.979,0,0,1,0,0,594.499,770.816
25.04.2026 15:15:00,1052.798,193.375,280.916,1074.245,2.374,3.049,30.804,1036.217,0,0,1,0,0,577.499,770.874
25.04.2026 15:30:00,1052.897,202.125,338.588,1076.166,2.375,3.048,30.08,989.71,0,0,1,0,0,568.749,770.874
25.04.2026 15:45:00,1052.935,323.581,375.803,1076.037,2.375,3.051,29.689,890.525,0,0,1,0,0,536.999,860.523
25.04.2026 16:00:00,1052.598,308.874,381.235,1076.235,2.376,3.054,29.184,1040.776,0,0,1,0,0,507.75,816.624
25.04.2026 16:15:00,1504.408,487.662,476.35,1075.881,2.376,3.054,28.896,1214.782,0,0,1,0,0,466.24,953.874
25.04.2026 16:30:00,1504.38,596.249,583.038,1075.085,2.375,3.06,28.433,1069.243,0,0,1,0,0,442,1038.249
25.04.2026 16:45:00,1504.252,688.519,638.425,2407.825,2.369,3.081,28.004,805.479,0,0,1,0,0,393.035,1081.188
25.04.2026 17:00:00,1504.295,699.495,726.385,1347.296,2.35,3.088,27.553,598.701,0,0,1,0,0,347.752,1047.251
25.04.2026 17:15:00,1504.251,800.348,734.09,1483.225,2.358,3.082,27.289,520.743,0,0,1,0,0,309.741,1109.874
25.04.2026 17:30:00,1504.319,833.176,828.382,1492.917,2.36,3.058,27,479.136,0,0,1,0,0,261.631,1094.874
25.04.2026 17:45:00,1504.284,835.624,846.336,1573.715,2.359,3.07,26.463,406.943,0,0,1,0,0,213.5,1049.124
25.04.2026 18:00:00,1504.341,983.901,952.84,1498.889,2.359,3.075,25.969,328.281,0,0,1,0,0,178.275,1162.623
25.04.2026 18:15:00,2904.748,1182.999,1037.208,2435.264,2.34,3.104,25.727,282.931,0,0,1,0,0,153.75,1336.749
25.04.2026 18:30:00,2904.748,1269.25,1108.943,2717.255,2.308,3.132,25.387,288.693,0,0,1,0,0,131.718,1400.874
25.04.2026 18:45:00,2904.748,1280.519,1154.604,2838.211,2.297,3.129,24.91,219.202,0,0,1,0,0,97.5,1377.637
25.04.2026 19:00:00,2904.748,1334.379,1231.203,2851.151,2.295,3.111,24.489,156.143,0,0,1,0,0,82.886,1417.374
25.04.2026 19:15:00,2904.748,1417.999,1234.352,2754.411,2.293,3.1,24.225,141.75,0,0,1,0,0,59.75,1477.749
25.04.2026 19:30:00,2904.742,1466.749,1280.256,2762.723,2.296,3.095,24.06,119.693,0,0,1,0,0,40.25,1506.999
25.04.2026 19:45:00,2904.748,1478.027,1296.556,2720.66,2.297,3.092,23.627,70.875,0,0,1,0,0,21.95,1499.872
25.04.2026 20:00:00,2904.748,1520.108,1398.299,2788.337,2.296,3.095,22.415,24.718,0,0,1,0,0,10.834,1530.979
25.04.2026 20:15:00,2904.748,1484.249,1469.255,2958.573,2.289,3.105,21.1,10.359,0,0,1,0,0,4.75,1488.999
25.04.2026 20:30:00,2904.748,1519.099,1431.445,2822.278,2.288,3.104,20.437,3.046,0,0,1,0,0,4.75,1524.251
25.04.2026 20:45:00,2904.748,1478.623,1403.096,2865.815,2.29,3.101,19.507,0.45,0,0,1,0,0,4.75,1483.374
25.04.2026 21:00:00,2904.748,1385.154,1467.907,2997.885,2.284,3.102,18.532,0.448,0,0,1,0,0,4.75,1389.638
25.04.2026 21:15:00,2904.735,1596.069,1777.736,3017.416,2.281,3.104,18.231,0.45,0,0,1,0,0,4.75,1600.88
25.04.2026 21:30:00,2904.748,1557.373,1735.317,3016.916,2.278,3.111,18.188,0.449,0,0,1,0,0,4.75,1562.124
25.04.2026 21:45:00,2904.748,1517.467,1647.978,3017.494,2.277,3.101,17.995,0.46,0,0,1,0,0,4.75,1522.474
25.04.2026 22:00:00,2904.653,1440.054,1596.852,3018.661,2.276,3.098,17.822,0.447,0,0,1,0,0,4.75,1444.765
25.04.2026 22:15:00,2904.748,1427.249,1651.313,3018.732,2.276,3.096,17.723,0.45,0,0,1,0,0,4.75,1431.999
25.04.2026 22:30:00,2904.748,1396.126,1494.375,3017.613,2.275,3.099,17.595,0.463,0,0,1,0,0,4.75,1400.876
25.04.2026 22:45:00,2904.748,1361.232,1637.695,3018.001,2.276,3.096,17.308,0.45,0,0,1,0,0,4.75,1365.996
25.04.2026 23:00:00,2904.748,1421.624,1578.959,3018.723,2.276,3.094,16.726,0.453,0,0,1,0,0,4.75,1426.374
25.04.2026 23:15:00,2904.748,1469.234,1640.272,3018.114,2.276,3.095,16.61,0.455,0,0,1,0,0,4.75,1473.996
25.04.2026 23:30:00,2904.745,1427.249,1580.414,3017.858,2.275,3.093,15.755,0.473,0,0,1,0,0,4.75,1431.999
25.04.2026 23:45:00,2904.748,1339.499,1424.016,2977.304,2.275,3.097,15.384,0.496,0,0,1,0,0,4.75,1344.249
26.04.2026 00:00:00,2904.748,1357.876,1549.493,3017.375,2.276,3.091,15.646,0.439,0,0,1,0,0,4.75,1362.626
26.04.2026 00:15:00,2904.748,1431.001,1484.481,3014.599,2.275,3.092,15.306,0.45,0,0,1,0,0,4.75,1435.751
26.04.2026 00:30:00,2904.748,1496.999,1793.098,3017.528,2.276,3.092,14.633,0.45,0,0,1,0,0,4.75,1501.749
26.04.2026 00:45:00,2904.748,1513.757,1679.431,3016.568,2.276,3.092,14.466,0.449,0,0,1,0,0,4.75,1518.626
26.04.2026 01:00:00,2904.748,1436.624,1434.553,2939.135,2.275,3.091,14.417,0.45,0,0,1,0,0,4.75,1441.374
26.04.2026 01:15:00,2904.748,1346.624,1335.957,2911.123,2.276,3.089,14.185,0.45,0,0,1,0,0,4.75,1351.374
26.04.2026 01:30:00,2904.748,1247.624,1257.288,2932.292,2.275,3.09,13.881,0.45,0,0,1,0,0,4.75,1252.374
26.04.2026 01:45:00,2904.748,1403.622,1766.826,3016.192,2.278,3.091,14.075,0.45,0,0,1,0,0,4.75,1408.374
26.04.2026 02:00:00,2904.748,1452.427,1697.378,3018.247,2.275,3.088,13.719,0.455,0,0,1,0,0,4.75,1457.501
26.04.2026 02:15:00,2904.748,1449.11,1556.445,3017.665,2.274,3.092,13.578,0.45,0,0,1,0,0,4.75,1453.67
26.04.2026 02:30:00,2904.748,1322.998,1314.79,2912.845,2.276,3.088,13.797,0.437,0,0,1,0,0,4.75,1327.65
26.04.2026 02:45:00,2904.675,1232.411,1130.409,2839.607,2.28,3.083,13.852,0.45,0,0,1,0,0,4.75,1237.146
26.04.2026 03:00:00,2904.748,1101.376,1120.629,2954.817,2.281,3.082,13.767,0.463,0,0,1,0,0,4.75,1106.126
26.04.2026 03:15:00,2904.748,1126.067,1079.5,2897.315,2.282,3.086,13.523,0.45,0,0,1,0,0,4.767,1130.78
26.04.2026 03:30:00,2904.748,1174.499,1066.15,2831.837,2.287,3.082,13.339,0.423,0,0,1,0,0,4.75,1179.249
26.04.2026 03:45:00,2904.748,1493.242,1727.075,3018.552,2.285,3.088,13.274,0.45,0,0,1,0,0,4.502,1497.999
26.04.2026 04:00:00,2904.752,1588.501,1644.643,2977.598,2.277,3.1,13.076,0.462,0,0,1,0,0,4.75,1593.251
26.04.2026 04:15:00,2904.748,1463.999,1516.574,2990.468,2.276,3.094,13.365,0.446,0,0,1,0,0,4.75,1468.597
26.04.2026 04:30:00,2904.748,1397.999,1250.903,2795.258,2.279,3.086,13.062,0.45,0,0,1,0,0,4.75,1402.66
26.04.2026 04:45:00,2904.748,1355.999,1109.031,2715.833,2.288,3.074,12.775,0.45,0,0,1,0,0,4.75,1360.749
26.04.2026 05:00:00,2904.748,1267.692,1136.659,2809.246,2.289,3.074,12.748,0.423,0,0,1,0,0,4.75,1272.578
26.04.2026 05:15:00,2904.748,1218.374,1161.352,2874.689,2.286,3.085,12.625,0.45,0,0,1,0,0,4.75,1223.124
26.04.2026 05:30:00,2904.748,1189.124,1102.502,2838.125,2.285,3.087,12.513,0.453,0,0,1,0,0,4.75,1193.874
26.04.2026 05:45:00,2904.748,1313.323,1126.911,2697.054,2.291,3.078,12.507,0.449,0,0,1,0,0,4.75,1318.306
26.04.2026 06:00:00,2904.748,1361.249,1182.371,2734.775,2.295,3.076,12.449,0.45,0,0,1,0,0,4.75,1365.999
26.04.2026 06:15:00,2904.748,1398.001,1246.102,2750.589,2.294,3.077,12.2,2.944,0,0,1,0,0,4.75,1402.751
26.04.2026 06:30:00,2904.748,1427.032,1199.356,2691.903,2.296,3.079,12.344,7.202,0,0,1,0,0,4.749,1431.938
26.04.2026 06:45:00,2904.748,1438.17,1200.375,2652.914,2.297,3.082,12.081,13.503,0,0,1,0,0,4.75,1442.888
26.04.2026 07:00:00,2904.748,1478.624,1306.756,2739.205,2.296,3.081,12.12,19.125,0,0,1,0,0,4.75,1483.374
26.04.2026 07:15:00,2904.748,1412.624,1221.631,2718.95,2.295,3.083,12.171,24.715,0,0,1,0,0,4.75,1417.374
26.04.2026 07:30:00,2904.748,1408.874,1227.078,2779.881,2.293,3.088,12.161,29.589,0,0,1,0,0,4.75,1413.624
26.04.2026 07:45:00,2904.748,1414.499,1194.198,2715.667,2.294,3.081,12.222,34.768,0,0,1,0,0,4.75,1419.249
26.04.2026 08:00:00,2904.748,1523.455,1121.457,2560.799,2.298,3.073,12.187,40.604,0,0,1,0,0,18.25,1541.298
26.04.2026 08:15:00,2904.748,1541.432,1128.061,2468.654,2.305,3.063,12.257,46.124,0,0,1,0,0,50,1591.39
26.04.2026 08:30:00,2904.696,1397.674,1001.206,2564.89,2.304,3.069,12.399,52.167,0,0,1,0,0,74.476,1471.939
26.04.2026 08:45:00,2904.748,1517.355,979.192,2398.15,2.311,3.063,12.496,58.071,0,0,1,0,0,101.25,1618.408
26.04.2026 09:00:00,2904.748,1343.755,957.395,2529.83,2.307,3.073,12.849,74.164,0,0,1,0,0,145.249,1488.999
26.04.2026 09:15:00,2904.748,1380.024,936.291,2482.52,2.308,3.077,17.116,693.899,0,0,1,0,0,178.273,1558.374
26.04.2026 09:30:00,2904.741,1297.876,921.643,2537.622,2.306,3.079,20.371,715.174,0,0,1,0,0,211,1508.876
26.04.2026 09:45:00,2904.748,1263.101,826.687,2474.302,2.307,3.074,22.494,754.966,0,0,1,0,0,243.972,1507.001
26.04.2026 10:00:00,2904.748,1109.123,669.595,2550.732,2.307,3.074,24.389,780.844,0,0,1,0,0,288,1397.066
26.04.2026 10:15:00,2904.748,1061.285,650.795,2556.166,2.304,3.079,25.554,868.61,0,0,1,0,0,318.5,1379.836
26.04.2026 10:30:00,2904.748,923.36,438.646,2458.071,2.305,3.075,26.881,961.19,0,0,1,0,0,358.649,1282.001
26.04.2026 10:45:00,2904.748,809.311,501.288,2642.966,2.303,3.079,27.519,866.717,0,0,1,0,0,408.375,1217.874
26.04.2026 11:00:00,2904.748,700.153,375.196,2576.672,2.302,3.081,29.028,988.988,0,0,1,0,0,458.818,1158.999
26.04.2026 11:15:00,1504.251,610.312,415.543,1352.532,2.335,3.012,30.309,1173.145,0,0,1,0,0,488.25,1098.61
26.04.2026 11:30:00,1504.249,594.124,342.906,1213.855,2.359,2.959,31.364,1210.981,0,0,1,0,0,528.499,1122.624
26.04.2026 11:45:00,1504.383,563.514,526.429,1552.782,2.361,2.972,32.218,1008.227,0,0,1,0,0,557.134,1120.749
26.04.2026 12:00:00,1504.252,411.853,363.924,1518.471,2.355,3.06,31.891,1161.882,0,0,1,0,0,587.352,999.109
26.04.2026 12:15:00,1052.542,114.362,804.379,1557.606,2.366,3.062,33.07,990.973,0,0,1,0,0,615.16,729.237
26.04.2026 12:30:00,1052.597,70.617,385.901,1470.352,2.353,3.081,30.736,979.477,0,0,1,0,0,658.589,729.28
26.04.2026 12:45:00,1052.63,52.95,142.776,1191.089,2.363,3.071,31.303,1048.839,0,0,1,0,0,676.249,729.603
26.04.2026 13:00:00,1052.651,33.658,441.009,1449.165,2.364,3.064,31.705,871.112,0,0,1,0,0,695.751,729.734
26.04.2026 13:15:00,1052.683,47.046,199.373,1203.94,2.367,3.063,31.359,1024.807,0,0,1,0,0,682.499,729.529
26.04.2026 13:30:00,1052.686,48.254,203.961,1274.319,2.369,3.069,32.293,1290.073,0,0,1,0,0,681.249,729.448
26.04.2026 13:45:00,1052.57,40.155,32.859,1131.335,2.371,3.063,31.996,1447.825,0,0,1,0,0,689.749,729.628
26.04.2026 14:00:00,1052.636,43.414,485.057,1076.838,2.376,3.061,31.036,787.497,0,0,1,0,0,685.999,729.582
26.04.2026 14:15:00,1052.621,69.153,521.87,1076.656,2.377,3.066,30.269,980.876,0,0,1,0,0,660.363,729.537
26.04.2026 14:30:00,1052.828,112.828,695.526,2409.724,2.371,3.085,29.184,824.206,0,0,1,0,0,616.476,729.092
26.04.2026 14:45:00,1052.845,122.154,206.208,1152.45,2.349,3.099,28.902,1064.213,0,0,1,0,0,607.355,729.812
26.04.2026 15:00:00,1052.731,135.357,257.155,1157.06,2.367,3.08,28.972,945.037,0,0,1,0,0,594.536,729.718
26.04.2026 15:15:00,1052.796,151.922,739.805,1620.916,2.365,3.063,28.303,692.866,0,0,1,0,0,577.499,729.5
26.04.2026 15:30:00,1052.777,160.416,155.637,1152.546,2.367,3.071,27.85,1086.033,0,0,1,0,0,568.749,729.414
26.04.2026 15:45:00,1052.808,277.75,287.095,1076.764,2.377,3.064,28.265,846.036,0,0,1,0,0,536.999,814.749
26.04.2026 16:00:00,1052.694,263.124,373.04,1076.696,2.38,3.062,28.258,864.3,0,0,1,0,0,507.75,770.874
26.04.2026 16:15:00,1504.339,436.625,413.022,1076.038,2.381,3.074,27.972,903.365,0,0,1,0,0,466.25,902.874
26.04.2026 16:30:00,1504.302,539.642,450.81,1840.316,2.346,3.122,27.337,1153.212,0,0,1,0,0,442,981.629
26.04.2026 16:45:00,1504.369,628.749,565.578,1470.439,2.36,3.095,27.178,999.398,0,0,1,0,0,393,1021.749
26.04.2026 17:00:00,1504.379,640.759,601.783,1464.57,2.363,3.08,26.621,740.643,0,0,1,0,0,347.936,988.751
26.04.2026 17:15:00,1504.361,737.338,842.79,1644.999,2.363,3.08,25.927,515.539,0,0,1,0,0,309.803,1047.249
26.04.2026 17:30:00,1504.389,772.609,850.253,1622.075,2.36,3.089,25.772,488.167,0,0,1,0,0,261.775,1034.499
26.04.2026 17:45:00,1504.303,777.383,936.604,1699.674,2.356,3.097,25.338,409.645,0,0,1,0,0,213.5,990.698
26.04.2026 18:00:00,1504.251,920.368,947.014,1564.921,2.358,3.089,24.941,339.856,0,0,1,0,0,178.252,1098.624
26.04.2026 18:15:00,2904.748,1182.999,1130.073,2526.093,2.342,3.111,24.403,294.175,0,0,1,0,0,153.75,1336.749
26.04.2026 18:30:00,2904.679,1269.172,1166.412,2783.575,2.308,3.141,23.736,289.248,0,0,1,0,0,131.739,1400.874
26.04.2026 18:45:00,2904.748,1280.45,1292.378,2905.789,2.296,3.137,22.855,235.417,0,0,1,0,0,97.5,1378.191
26.04.2026 19:00:00,2904.748,1334.374,1380.073,2949.632,2.289,3.124,22.499,180.148,0,0,1,0,0,83,1417.374
26.04.2026 19:15:00,2904.693,1417.996,1373.606,2909.207,2.289,3.114,21.94,148.747,0,0,1,0,0,59.75,1477.749
26.04.2026 19:30:00,2904.748,1466.751,1438.183,2876.93,2.289,3.105,21.421,114.656,0,0,1,0,0,40.25,1507.001
26.04.2026 19:45:00,2904.748,1477.788,1527.187,2960.487,2.288,3.107,20.876,47.243,0,0,1,0,0,21.931,1499.976
26.04.2026 20:00:00,2904.748,1520.185,1472.423,2906.002,2.287,3.106,20.15,23.615,0,0,1,0,0,10.942,1530.991
26.04.2026 20:15:00,2904.748,1484.249,1439.511,2878.318,2.29,3.106,19.321,11.69,0,0,1,0,0,4.81,1488.999
26.04.2026 20:30:00,2904.748,1520.2,1478.766,2903.112,2.291,3.104,18.658,4.387,0,0,1,0,0,4.75,1524.639
26.04.2026 20:45:00,2904.748,1478.624,1478.76,2942.104,2.291,3.109,18.248,0.778,0,0,1,0,0,4.75,1483.374
26.04.2026 21:00:00,2904.748,1385.06,1411.462,3009.828,2.285,3.121,17.977,0.45,0,0,1,0,0,4.75,1389.957
26.04.2026 21:15:00,2904.748,1596.227,1660.848,3014.129,2.287,3.115,17.898,0.45,0,0,1,0,0,4.75,1601.222
26.04.2026 21:30:00,2904.748,1557.374,1626.202,3015.93,2.284,3.114,17.546,0.368,0,0,1,0,0,4.75,1562.124
26.04.2026 21:45:00,2904.745,1518.111,1504.348,3015.949,2.282,3.113,16.998,0.45,0,0,1,0,0,4.75,1522.7
26.04.2026 22:00:00,2904.696,1440.2,1493.849,3015.985,2.281,3.113,16.977,0.45,0,0,1,0,0,4.75,1444.936
26.04.2026 22:15:00,2904.748,1427.246,1496.977,3015.778,2.281,3.108,16.326,0.464,0,0,1,0,0,4.751,1432.001
26.04.2026 22:30:00,2904.748,1396.124,1504.139,3016.234,2.281,3.112,16.024,0.45,0,0,1,0,0,4.75,1400.874
26.04.2026 22:45:00,2904.748,1361.259,1575.625,3016.109,2.281,3.109,16.004,0.477,0,0,1,0,0,4.75,1366.003
26.04.2026 23:00:00,2904.748,1421.624,1395.795,3015.942,2.281,3.107,15.725,0.45,0,0,1,0,0,4.75,1426.374
26.04.2026 23:15:00,2904.748,1469.277,1447.923,3014.487,2.281,3.104,15.59,0.449,0,0,1,0,0,4.743,1473.999
26.04.2026 23:30:00,2904.748,1427.237,1504.044,3015.354,2.281,3.104,15.187,0.45,0,0,1,0,0,4.75,1431.997
26.04.2026 23:45:00,2904.748,1339.499,1352.181,3015.603,2.28,3.106,15.138,0.45,0,0,1,0,0,4.75,1344.249
27.04.2026 00:00:00,2904.748,1357.83,1511.068,3015.752,2.28,3.105,14.944,0.449,0,0,1,0,0,4.875,1362.612
