Einheit;kW;kW;kW;kW;m;m;°C;W/m2;mm;;;;;kW;kW;
Signalname;PR_MI_SDR___:IO:Slot2:Prog_EWO_EGSHydro:IST_wert/t;PR_MI_SDR___:Prog:EWO:Last_Netto:SOL:IST_wert/t;PR_MI_SDR___:Prog:EWO:Last_Netto:IST:IST_wert/t;PR_MI_SDR___:IO:Slot3:SRL_Wirkleist_SOL:IST_wert/t;PR_M2_KWR2:KWR2N:Niveau:IST_wert/t;PR_M1_KWR1:KWR1N:Niveau:IST_wert/t;PR_MI_UBERGB:GW:Aussen_Temp:IST_wert/t;PR_MI_UBERGB:IO:Slot3:Solar_Irradiance:IST_wert/t;PR_MI_UBERGB:APPL:Regen:IST_mm_je_24h:IST_wert/t;PR_M1_KWR1:KWR1SDR:Modus_aktiv:RM_status_1/t;PR_M1_KWR1:KWR1SDR:Prog_Modus_aktiv:RM_status_1/t;PR_M1_KWR1:KWR1UEB:Modus_aktiv:RM_status_1/t;PR_M1_KWR1:KWR1N:Modus_aktiv:RM_status_1/t;PR_MI_SDR___:IO:Slot2:Prog_EWO_EGS_PV:IST_wert/t;PR_MI_SDR___:IO:Slot2:Prog_EWO_LGS:IST_wert/t;
27.04.2026 00:00:00;2904.748;1357.830;1511.068;3015.752;2.280;3.105;14.944;0.449;0.000;0.000;1.000;0.000;0.000;4.875;1362.612;
27.04.2026 00:15:00;2904.748;1670.340;1362.915;2740.511;2.290;3.094;14.924;0.432;0.000;0.000;1.000;0.000;0.000;4.750;1675.520;
27.04.2026 00:30:00;2904.748;1749.714;1721.955;2968.483;2.291;3.099;14.549;0.450;0.000;0.000;1.000;0.000;0.000;4.760;1754.499;
27.04.2026 00:45:00;2904.748;1766.249;1612.200;2941.040;2.287;3.105;14.427;0.468;0.000;0.000;1.000;0.000;0.000;4.750;1770.999;
27.04.2026 01:00:00;2904.752;1679.998;1451.299;2747.519;2.290;3.106;14.476;0.452;0.000;0.000;1.000;0.000;0.000;4.750;1684.749;
27.04.2026 01:15:00;2904.748;1571.999;1286.026;2743.668;2.293;3.097;14.397;0.455;0.000;0.000;1.000;0.000;0.000;4.750;1576.749;
27.04.2026 01:30:00;2904.748;1456.404;1141.413;2730.678;2.296;3.096;14.133;0.480;0.000;0.000;1.000;0.000;0.000;4.750;1461.175;
27.04.2026 01:45:00;2904.748;1637.999;1673.311;3016.271;2.294;3.107;14.324;0.450;0.000;0.000;1.000;0.000;0.000;4.750;1642.749;
27.04.2026 02:00:00;2904.748;1694.624;1690.667;3016.302;2.285;3.111;14.186;0.450;0.000;0.000;1.000;0.000;0.000;4.750;1699.374;
27.04.2026 02:15:00;2904.748;1690.873;1461.038;2820.105;2.285;3.110;14.044;0.450;0.000;0.000;1.000;0.000;0.000;4.750;1695.624;
27.04.2026 02:30:00;2904.748;1542.749;1316.160;2831.152;2.288;3.100;13.848;0.450;0.000;0.000;1.000;0.000;0.000;4.750;1547.499;
27.04.2026 02:45:00;2904.748;1438.417;1195.786;2791.080;2.290;3.096;13.688;0.452;0.000;0.000;1.000;0.000;0.000;4.750;1443.162;
27.04.2026 03:00:00;2904.748;1286.443;1068.445;2827.992;2.289;3.103;13.736;0.449;0.000;0.000;1.000;0.000;0.000;4.750;1291.120;
27.04.2026 03:15:00;2904.747;1315.499;1151.524;2867.924;2.290;3.103;13.597;0.450;0.000;0.000;1.000;0.000;0.000;4.750;1320.249;
27.04.2026 03:30:00;2904.748;1373.726;1218.782;2913.542;2.291;3.099;13.393;0.448;0.000;0.000;1.000;0.000;0.000;4.750;1378.538;
27.04.2026 03:45:00;2904.748;1744.124;1836.361;3014.957;2.290;3.105;13.571;0.450;0.000;0.000;1.000;0.000;0.000;4.750;1748.874;
27.04.2026 04:00:00;2904.740;1853.990;1715.413;2941.282;2.286;3.100;13.550;0.450;0.000;0.000;1.000;0.000;0.000;4.750;1858.748;
27.04.2026 04:15:00;2904.748;1709.249;1570.272;2891.607;2.284;3.107;13.572;0.450;0.000;0.000;1.000;0.000;0.000;4.750;1713.999;
27.04.2026 04:30:00;2904.748;1630.491;1455.854;2840.072;2.287;3.097;13.310;0.450;0.000;0.000;1.000;0.000;0.000;4.752;1635.249;
27.04.2026 04:45:00;2904.748;1581.001;1265.123;2684.883;2.293;3.088;13.093;0.452;0.000;0.000;1.000;0.000;0.000;4.750;1585.903;
27.04.2026 05:00:00;2904.748;1482.374;1210.708;2752.013;2.294;3.095;12.897;0.452;0.000;0.000;1.000;0.000;0.000;4.750;1487.124;
27.04.2026 05:15:00;2904.748;1423.499;1254.211;2896.655;2.292;3.094;12.871;0.478;0.000;0.000;1.000;0.000;0.000;4.750;1428.249;
27.04.2026 05:30:00;2904.748;1388.925;1341.264;2983.691;2.287;3.100;12.703;0.450;0.000;0.000;1.000;0.000;0.000;4.771;1393.749;
27.04.2026 05:45:00;2904.748;1533.374;1469.226;2983.784;2.285;3.105;12.478;0.444;0.000;0.000;1.000;0.000;0.000;4.750;1538.124;
27.04.2026 06:00:00;2904.748;1588.469;1632.394;3012.240;2.284;3.098;12.369;0.450;0.000;0.000;1.000;0.000;0.000;4.750;1593.405;
27.04.2026 06:15:00;2904.748;1579.165;1796.395;3015.775;2.280;3.101;12.389;3.160;0.000;0.000;1.000;0.000;0.000;4.750;1583.885;
27.04.2026 06:30:00;2904.748;1615.874;1707.878;3015.385;2.279;3.098;12.251;7.250;0.000;0.000;1.000;0.000;0.000;4.750;1620.494;
27.04.2026 06:45:00;2904.748;1630.499;1656.489;2969.875;2.279;3.092;12.181;12.417;0.000;0.000;1.000;0.000;0.000;4.750;1635.249;
27.04.2026 07:00:00;2904.748;1674.374;1676.288;3015.335;2.279;3.089;12.090;18.675;0.000;0.000;1.000;0.000;0.000;4.750;1679.124;
27.04.2026 07:15:00;2904.748;1601.181;1702.041;3015.698;2.279;3.089;12.185;23.700;0.000;0.000;1.000;0.000;0.000;4.742;1605.310;
27.04.2026 07:30:00;2904.748;1594.837;1639.311;3015.653;2.279;3.087;11.935;29.022;0.000;0.000;1.000;0.000;0.000;4.750;1599.447;
27.04.2026 07:45:00;2904.748;1600.641;1742.479;3015.943;2.279;3.087;11.846;33.976;0.000;0.000;1.000;0.000;0.000;4.750;1605.460;
27.04.2026 08:00:00;2904.748;1736.168;1711.783;2989.523;2.279;3.086;12.105;39.040;0.000;0.000;1.000;0.000;0.000;10.842;1746.999;
27.04.2026 08:15:00;2904.748;1773.167;1543.469;2770.825;2.285;3.079;12.340;44.974;0.000;0.000;1.000;0.000;0.000;27.028;1800.249;
27.04.2026 08:30:00;2904.748;1625.092;1387.535;2826.273;2.288;3.083;12.674;50.512;0.000;0.000;1.000;0.000;0.000;40.250;1665.118;
27.04.2026 08:45:00;2904.747;1779.524;1502.316;2727.504;2.297;3.072;12.799;59.843;0.000;0.000;1.000;0.000;0.000;53.500;1833.113;
27.04.2026 09:00:00;2904.748;1609.651;1340.574;2834.173;2.294;3.080;12.870;123.324;0.000;0.000;1.000;0.000;0.000;74.921;1684.749;
27.04.2026 09:15:00;2705.306;1673.881;1193.559;2393.300;2.309;3.063;16.845;657.238;0.000;0.000;1.000;0.000;0.000;91.499;1765.374;
27.04.2026 09:30:00;2705.410;1600.249;1232.501;2439.970;2.314;3.065;19.915;706.010;0.000;0.000;1.000;0.000;0.000;108.500;1708.749;
27.04.2026 09:45:00;2705.293;1581.297;1139.566;2426.558;2.314;3.072;21.150;703.873;0.000;0.000;1.000;0.000;0.000;123.567;1704.999;
27.04.2026 10:00:00;2705.370;1435.876;962.340;2364.253;2.312;3.084;22.404;826.071;0.000;0.000;1.000;0.000;0.000;146.500;1582.376;
27.04.2026 10:15:00;2705.449;1401.128;923.839;2394.146;2.317;3.081;24.367;877.937;0.000;0.000;1.000;0.000;0.000;160.999;1562.124;
27.04.2026 10:30:00;2705.365;1437.761;932.548;2294.903;2.317;3.080;25.191;900.719;0.000;0.000;1.000;0.000;0.000;182.897;1620.623;
27.04.2026 10:45:00;2705.408;1333.278;775.869;2279.522;2.319;3.080;27.210;862.270;0.000;0.000;1.000;0.000;0.000;206.273;1539.633;
27.04.2026 11:00:00;2705.433;1234.230;1019.089;2522.063;2.318;3.083;28.315;1021.890;0.000;0.000;1.000;0.000;0.000;232.386;1466.874;
27.04.2026 11:15:00;2705.446;1145.374;878.713;2501.324;2.312;3.092;29.264;1320.498;0.000;0.000;1.000;0.000;0.000;246.500;1391.874;
27.04.2026 11:30:00;2705.315;1150.749;915.486;2537.385;2.310;3.092;30.337;1447.907;0.000;0.000;1.000;0.000;0.000;268.500;1419.249;
27.04.2026 11:45:00;2705.419;1138.501;1058.714;2730.024;2.307;3.091;31.537;1447.882;0.000;0.000;1.000;0.000;0.000;280.750;1419.251;
27.04.2026 12:00:00;2705.348;966.889;785.639;2715.687;2.311;3.108;31.550;1421.039;0.000;0.000;1.000;0.000;0.000;296.739;1263.624;
27.04.2026 12:15:00;2705.231;744.901;514.183;2579.206;2.308;3.088;32.218;1153.119;0.000;0.000;1.000;0.000;0.000;311.247;1055.957;
27.04.2026 12:30:00;2705.409;686.625;371.548;2534.538;2.310;3.066;32.279;988.833;0.000;0.000;1.000;0.000;0.000;333.250;1019.875;
27.04.2026 12:45:00;2705.129;679.373;430.199;2550.426;2.309;3.072;32.187;875.831;0.000;0.000;1.000;0.000;0.000;340.501;1019.876;
27.04.2026 13:00:00;2705.234;668.497;488.423;2660.651;2.309;3.082;31.920;871.738;0.000;0.000;1.000;0.000;0.000;351.292;1019.876;
27.04.2026 13:15:00;2705.238;676.734;404.535;2569.134;2.306;3.088;31.998;865.912;0.000;0.000;1.000;0.000;0.000;343.186;1019.875;
27.04.2026 13:30:00;2705.293;676.751;645.840;2756.678;2.301;3.094;32.368;1228.527;0.000;0.000;1.000;0.000;0.000;343.032;1019.876;
27.04.2026 13:45:00;2705.125;671.458;484.389;2630.061;2.300;3.088;32.571;1447.764;0.000;0.000;1.000;0.000;0.000;348.368;1019.875;
27.04.2026 14:00:00;2705.334;672.906;565.756;2708.756;2.302;3.088;32.209;1447.773;0.000;0.000;1.000;0.000;0.000;347.007;1019.875;
27.04.2026 14:15:00;2705.333;686.604;527.554;2649.728;2.301;3.085;31.482;1447.761;0.000;0.000;1.000;0.000;0.000;333.256;1019.875;
27.04.2026 14:30:00;2705.464;677.142;502.802;2705.639;2.304;3.082;30.839;1331.680;0.000;0.000;1.000;0.000;0.000;311.250;988.649;
27.04.2026 14:45:00;2705.340;760.022;492.250;2532.431;2.309;3.080;30.146;1037.167;0.000;0.000;1.000;0.000;0.000;307.493;1067.410;
27.04.2026 15:00:00;2705.475;656.923;423.223;2571.562;2.308;2.964;29.795;1065.767;0.000;0.000;1.000;0.000;0.000;300.452;957.624;
27.04.2026 15:15:00;2705.373;755.620;497.736;2534.069;2.310;2.590;28.922;1008.831;0.000;0.000;1.000;0.000;0.000;291.846;1047.730;
27.04.2026 15:30:00;2705.197;818.206;564.347;2585.268;2.311;2.978;28.165;949.580;0.000;0.000;1.000;0.000;0.000;287.981;1106.124;
27.04.2026 15:45:00;2705.384;1007.251;576.090;2471.694;2.319;3.083;28.143;786.674;0.000;0.000;1.000;0.000;0.000;271.000;1278.251;
27.04.2026 16:00:00;2705.189;1077.757;648.691;2408.170;2.323;3.086;28.251;1064.932;0.000;0.000;1.000;0.000;0.000;257.106;1334.874;
27.04.2026 16:15:00;2705.364;905.275;814.159;2690.921;2.312;3.099;28.352;1037.120;0.000;0.000;1.000;0.000;0.000;235.479;1140.737;
27.04.2026 16:30:00;2705.298;1018.219;832.554;2624.147;2.315;3.102;28.276;832.124;0.000;0.000;1.000;0.000;0.000;223.304;1241.492;
27.04.2026 16:45:00;2705.475;1093.936;960.284;2648.791;2.310;3.108;27.308;697.382;0.000;0.000;1.000;0.000;0.000;198.988;1293.063;
27.04.2026 17:00:00;2705.347;1076.253;1054.955;2794.549;2.302;3.112;26.896;351.077;0.000;0.000;1.000;0.000;0.000;175.946;1252.374;
27.04.2026 17:15:00;2705.412;1170.249;1211.039;2852.297;2.300;3.113;26.181;293.911;0.000;0.000;1.000;0.000;0.000;157.500;1327.749;
27.04.2026 17:30:00;2705.386;1176.182;1203.826;2875.951;2.295;3.113;25.810;345.819;0.000;0.000;1.000;0.000;0.000;134.157;1310.176;
27.04.2026 17:45:00;2705.022;1147.624;1324.186;2969.005;2.293;3.115;25.534;291.267;0.000;0.000;1.000;0.000;0.000;108.500;1256.124;
27.04.2026 18:00:00;2705.030;1299.124;1334.271;2833.450;2.295;3.114;25.343;235.319;0.000;0.000;1.000;0.000;0.000;92.750;1391.874;
27.04.2026 18:15:00;2705.225;1331.999;1139.068;2687.551;2.302;3.104;25.300;371.752;0.000;0.000;1.000;0.000;0.000;4.750;1336.749;
27.04.2026 18:30:00;2904.616;1396.124;1245.070;2867.736;2.299;3.113;25.229;306.364;0.000;0.000;1.000;0.000;0.000;4.750;1400.874;
27.04.2026 18:45:00;2904.748;1373.145;1455.201;3018.043;2.290;3.122;24.843;189.327;0.000;0.000;1.000;0.000;0.000;4.750;1378.183;
27.04.2026 19:00:00;2904.748;1412.624;1469.351;3017.191;2.287;3.127;24.113;146.885;0.000;0.000;1.000;0.000;0.000;4.750;1417.374;
27.04.2026 19:15:00;2904.752;1472.999;1391.432;2962.741;2.287;3.124;23.275;138.088;0.000;0.000;1.000;0.000;0.000;4.750;1477.749;
27.04.2026 19:30:00;2904.748;1502.251;1490.895;3016.507;2.288;3.121;22.397;102.711;0.000;0.000;1.000;0.000;0.000;4.750;1507.001;
27.04.2026 19:45:00;2904.748;1495.124;1528.402;3016.782;2.286;3.122;21.741;67.624;0.000;0.000;1.000;0.000;0.000;4.750;1499.874;
27.04.2026 20:00:00;2904.733;1526.129;1521.577;3016.634;2.286;3.123;20.985;37.184;0.000;0.000;1.000;0.000;0.000;4.750;1530.966;
27.04.2026 20:15:00;2904.748;1484.248;1580.463;3017.139;2.287;3.125;20.183;14.681;0.000;0.000;1.000;0.000;0.000;4.750;1488.999;
27.04.2026 20:30:00;2904.748;1520.312;1527.256;3018.195;2.287;3.122;19.966;3.717;0.000;0.000;1.000;0.000;0.000;4.750;1524.946;
27.04.2026 20:45:00;2904.748;1478.621;1480.829;3017.863;2.286;3.122;19.680;1.013;0.000;0.000;1.000;0.000;0.000;4.750;1483.374;
27.04.2026 21:00:00;2904.748;1385.249;1483.841;3017.774;2.287;3.122;19.600;0.454;0.000;0.000;1.000;0.000;0.000;4.750;1389.999;
27.04.2026 21:15:00;2904.752;1596.906;1741.952;3017.923;2.287;3.119;19.288;0.450;0.000;0.000;1.000;0.000;0.000;4.750;1602.082;
27.04.2026 21:30:00;2904.748;1557.374;1732.195;3017.613;2.287;3.120;18.712;0.450;0.000;0.000;1.000;0.000;0.000;4.750;1562.124;
27.04.2026 21:45:00;2904.748;1518.101;1645.717;3018.553;2.287;3.118;18.123;0.438;0.000;0.000;1.000;0.000;0.000;4.750;1523.093;
27.04.2026 22:00:00;2904.748;1440.719;1559.755;3018.046;2.287;3.119;17.872;0.439;0.000;0.000;1.000;0.000;0.000;4.750;1445.901;
27.04.2026 22:15:00;2904.748;1427.275;1552.545;3018.792;2.286;3.117;17.665;0.446;0.000;0.000;1.000;0.000;0.000;4.743;1432.001;
27.04.2026 22:30:00;2904.748;1396.124;1519.455;3018.370;2.286;3.116;17.331;0.450;0.000;0.000;1.000;0.000;0.000;4.750;1400.874;
27.04.2026 22:45:00;2904.748;1361.251;1625.711;3018.488;2.286;3.115;17.068;0.450;0.000;0.000;1.000;0.000;0.000;4.750;1366.001;
27.04.2026 23:00:00;2904.748;1421.584;1548.530;3018.252;2.287;3.112;16.920;0.450;0.000;0.000;1.000;0.000;0.000;4.761;1426.374;
27.04.2026 23:15:00;2904.752;1469.249;1534.435;3018.268;2.286;3.114;17.044;0.450;0.000;0.000;1.000;0.000;0.000;4.750;1473.999;
27.04.2026 23:30:00;2904.748;1427.251;1519.180;3018.325;2.285;3.115;16.776;0.450;0.000;0.000;1.000;0.000;0.000;4.750;1432.073;
27.04.2026 23:45:00;2904.748;1339.490;1391.034;3018.685;2.285;3.115;16.502;0.450;0.000;0.000;1.000;0.000;0.000;4.752;1344.249;
28.04.2026 00:00:00;2904.748;1357.878;1449.426;3019.100;2.286;3.113;15.941;0.450;0.000;0.000;1.000;0.000;0.000;4.749;1362.626;
28.04.2026 00:15:00;2904.748;1431.000;1439.798;3018.482;2.285;3.112;15.756;0.450;0.000;0.000;1.000;0.000;0.000;4.750;1435.751;
28.04.2026 00:30:00;2904.748;1617.648;1704.942;3017.965;2.288;3.111;15.817;0.450;0.000;0.000;1.000;0.000;0.000;4.779;1622.499;
28.04.2026 00:45:00;2904.748;1639.862;1615.326;3018.347;2.286;3.109;15.726;0.450;0.000;0.000;1.000;0.000;0.000;4.753;1644.626;
28.04.2026 01:00:00;2904.748;1484.251;1330.216;2858.532;2.286;3.110;15.324;0.450;0.000;0.000;1.000;0.000;0.000;4.750;1489.001;
28.04.2026 01:15:00;2904.748;1350.375;1213.824;2885.926;2.289;3.107;14.978;0.450;0.000;0.000;1.000;0.000;0.000;4.750;1355.126;
28.04.2026 01:30:00;2904.748;1240.489;1176.542;2949.489;2.288;3.109;15.067;0.453;0.000;0.000;1.000;0.000;0.000;4.750;1245.247;
28.04.2026 01:45:00;2904.748;1427.251;1752.292;3015.730;2.290;3.109;14.981;0.450;0.000;0.000;1.000;0.000;0.000;4.750;1432.001;
28.04.2026 02:00:00;2904.748;1561.124;1686.131;3017.181;2.286;3.112;14.708;0.450;0.000;0.000;1.000;0.000;0.000;4.750;1565.874;
28.04.2026 02:15:00;2904.747;1478.624;1525.382;3017.578;2.285;3.114;14.739;0.454;0.000;0.000;1.000;0.000;0.000;4.750;1483.275;
28.04.2026 02:30:00;2904.570;1315.499;1271.066;2961.647;2.286;3.108;14.720;0.405;0.000;0.000;1.000;0.000;0.000;4.750;1320.249;
28.04.2026 02:45:00;2904.748;1226.483;1147.627;2940.582;2.286;3.105;14.439;0.480;0.000;0.000;1.000;0.000;0.000;4.750;1231.598;
28.04.2026 03:00:00;2904.729;1174.501;1057.529;2940.338;2.289;3.105;14.396;0.450;0.000;0.000;1.000;0.000;0.000;4.750;1179.251;
28.04.2026 03:15:00;2904.748;1176.441;1148.438;2989.456;2.289;3.105;14.385;0.450;0.000;0.000;1.000;0.000;0.000;4.750;1181.142;
28.04.2026 03:30:00;2904.748;1200.374;1277.689;3016.126;2.286;3.107;14.476;0.450;0.000;0.000;1.000;0.000;0.000;4.750;1205.124;
28.04.2026 03:45:00;2904.748;1709.249;1856.061;3017.667;2.288;3.107;14.299;0.450;0.000;0.000;1.000;0.000;0.000;4.863;1713.999;
28.04.2026 04:00:00;2904.748;1773.374;1558.536;2816.404;2.289;3.099;14.096;0.450;0.000;0.000;1.000;0.000;0.000;4.750;1778.124;
28.04.2026 04:15:00;2904.748;1639.946;1478.910;2879.446;2.292;3.099;14.059;0.450;0.000;0.000;1.000;0.000;0.000;4.725;1644.619;
28.04.2026 04:30:00;2904.748;1518.224;1376.498;2884.090;2.292;3.098;13.887;0.405;0.000;0.000;1.000;0.000;0.000;4.750;1523.279;
28.04.2026 04:45:00;2904.748;1414.484;1269.807;2902.592;2.291;3.104;13.677;0.450;0.000;0.000;1.000;0.000;0.000;4.750;1419.246;
28.04.2026 05:00:00;2904.701;1373.361;1204.411;2895.875;2.293;3.100;13.741;0.450;0.000;0.000;1.000;0.000;0.000;4.750;1378.399;
28.04.2026 05:15:00;2904.748;1346.626;1216.153;2891.200;2.291;3.111;13.738;0.451;0.000;0.000;1.000;0.000;0.000;4.750;1351.376;
28.04.2026 05:30:00;2904.724;1315.499;1266.615;2961.690;2.290;3.108;13.219;0.450;0.000;0.000;1.000;0.000;0.000;4.750;1320.249;
28.04.2026 05:45:00;2904.748;1367.785;1379.603;3015.518;2.288;3.108;13.014;0.451;0.000;0.000;1.000;0.000;0.000;4.750;1372.337;
28.04.2026 06:00:00;2904.748;1480.499;1470.546;3015.835;2.289;3.105;13.186;0.450;0.000;0.000;1.000;0.000;0.000;4.750;1485.249;
28.04.2026 06:15:00;2904.744;1527.767;1548.095;3016.303;2.286;3.107;13.366;1.612;0.000;0.000;1.000;0.000;0.000;4.750;1532.496;
28.04.2026 06:30:00;2904.748;1630.433;1601.045;2950.709;2.286;3.102;13.093;9.787;0.000;0.000;1.000;0.000;0.000;4.767;1635.249;
28.04.2026 06:45:00;2904.748;1559.242;1603.843;3015.806;2.285;3.100;12.856;24.074;0.000;0.000;1.000;0.000;0.000;4.752;1563.999;
28.04.2026 07:00:00;2904.748;1643.401;1714.865;3015.627;2.285;3.099;13.299;40.568;0.000;0.000;1.000;0.000;0.000;4.750;1648.039;
28.04.2026 07:15:00;2904.748;1592.627;1479.045;2942.510;2.286;3.098;13.422;60.990;0.000;0.000;1.000;0.000;0.000;4.750;1597.726;
28.04.2026 07:30:00;2904.748;1529.907;1558.609;3015.641;2.285;3.103;13.664;87.075;0.000;0.000;1.000;0.000;0.000;4.773;1534.749;
28.04.2026 07:45:00;2904.748;1591.053;1559.966;2974.613;2.286;3.097;13.692;115.801;0.000;0.000;1.000;0.000;0.000;4.750;1595.577;
28.04.2026 08:00:00;2904.748;1590.608;1604.472;3015.399;2.284;3.099;14.190;166.717;0.000;0.000;1.000;0.000;0.000;10.797;1601.585;
28.04.2026 08:15:00;2904.748;1549.829;1544.297;3017.332;2.284;3.099;14.979;169.477;0.000;0.000;1.000;0.000;0.000;23.174;1573.001;
28.04.2026 08:30:00;2904.735;1652.729;1585.502;2949.876;2.287;3.098;15.103;156.138;0.000;0.000;1.000;0.000;0.000;33.976;1686.624;
28.04.2026 08:45:00;2904.748;1574.993;1411.293;2883.256;2.286;3.096;15.060;179.289;0.000;0.000;1.000;0.000;0.000;43.750;1618.748;
28.04.2026 09:00:00;2904.752;1631.249;1391.382;2811.325;2.297;3.087;15.430;297.171;0.000;0.000;1.000;0.000;0.000;61.000;1692.249;
28.04.2026 09:15:00;2904.748;1501.302;1171.277;2683.279;2.295;3.088;17.604;617.503;0.000;0.000;1.000;0.000;0.000;73.679;1574.874;
28.04.2026 09:30:00;2904.748;1395.624;1176.993;2775.014;2.296;3.094;20.287;716.223;0.000;0.000;1.000;0.000;0.000;87.750;1483.374;
28.04.2026 09:45:00;2904.736;1449.999;1075.917;2754.337;2.299;3.094;21.559;526.226;0.000;0.000;1.000;0.000;0.000;101.250;1551.249;
28.04.2026 10:00:00;2904.748;1372.094;1235.410;2824.908;2.296;3.102;21.615;461.609;0.000;0.000;1.000;0.000;0.000;118.359;1490.499;
28.04.2026 10:15:00;2904.748;1363.883;1079.547;2815.905;2.292;3.103;21.475;652.954;0.000;0.000;1.000;0.000;0.000;130.162;1494.249;
28.04.2026 10:30:00;2904.741;1327.499;1193.765;3005.232;2.288;3.107;22.111;506.038;0.000;0.000;1.000;0.000;0.000;146.500;1473.999;
28.04.2026 10:45:00;2904.748;1344.910;1108.013;2715.709;2.297;3.091;23.379;641.632;0.000;0.000;1.000;0.000;0.000;166.043;1510.892;
28.04.2026 11:00:00;2904.748;1371.637;882.742;2571.290;2.307;3.083;25.481;879.074;0.000;0.000;1.000;0.000;0.000;186.581;1558.374;
28.04.2026 11:15:00;2904.748;1368.702;740.206;2437.307;2.312;3.075;27.592;1256.791;0.000;0.000;1.000;0.000;0.000;199.000;1567.738;
28.04.2026 11:30:00;2904.748;1388.473;997.357;2839.930;2.307;3.098;28.399;937.517;0.000;0.000;1.000;0.000;0.000;214.750;1603.318;
28.04.2026 11:45:00;2904.748;1653.172;1047.137;2552.318;2.312;3.094;28.522;747.649;0.000;0.000;1.000;0.000;0.000;224.615;1877.610;
28.04.2026 12:00:00;2904.746;1759.874;1046.694;2217.605;2.317;3.088;28.648;1303.830;0.000;0.000;1.000;0.000;0.000;238.000;1997.874;
28.04.2026 12:15:00;2904.739;1379.089;1176.902;2824.497;2.312;3.099;28.713;567.975;0.000;0.000;1.000;0.000;0.000;248.940;1628.122;
28.04.2026 12:30:00;2904.748;1151.982;516.932;2504.025;2.309;3.097;30.131;871.820;0.000;0.000;1.000;0.000;0.000;267.250;1419.245;
28.04.2026 12:45:00;2904.748;1065.999;343.028;2373.903;2.312;3.098;30.289;1078.501;0.000;0.000;1.000;0.000;0.000;274.500;1340.499;
28.04.2026 13:00:00;2904.748;1008.999;809.195;2725.928;2.311;3.096;31.438;842.078;0.000;0.000;1.000;0.000;0.000;282.000;1290.999;
28.04.2026 13:15:00;2904.748;1048.712;853.741;2569.057;2.301;3.099;29.394;763.954;0.000;0.000;1.000;0.000;0.000;277.000;1325.834;
28.04.2026 13:30:00;2904.748;1123.249;540.060;2331.205;2.308;3.093;28.896;1383.655;0.000;0.000;1.000;0.000;0.000;275.750;1398.999;
28.04.2026 13:45:00;2904.748;1088.376;847.450;2819.558;2.312;3.091;28.743;1098.083;0.000;0.000;1.000;0.000;0.000;279.500;1367.876;
28.04.2026 14:00:00;2904.748;1133.498;894.056;2712.559;2.307;3.097;28.138;1117.484;0.000;0.000;1.000;0.000;0.000;278.250;1411.749;
28.04.2026 14:15:00;2904.748;1153.537;1198.754;3020.133;2.293;3.115;26.896;460.865;0.000;0.000;1.000;0.000;0.000;267.250;1421.039;
28.04.2026 14:30:00;2904.748;1228.749;1279.561;3020.038;2.285;3.121;25.893;336.841;0.000;0.000;1.000;0.000;0.000;249.000;1477.749;
28.04.2026 14:45:00;2904.718;1152.499;1337.723;3019.208;2.283;3.113;24.108;228.877;0.000;0.000;1.000;0.000;0.000;246.500;1398.999;
28.04.2026 15:00:00;2904.748;1072.163;1514.834;3019.751;2.283;3.104;23.212;99.913;0.000;0.000;1.000;0.000;0.000;241.750;1313.797;
28.04.2026 15:15:00;2904.676;1123.221;1618.023;3018.490;2.283;3.100;22.318;53.490;0.000;0.000;1.000;0.000;0.000;233.758;1356.999;
28.04.2026 15:30:00;2904.748;1136.350;1487.428;3019.187;2.283;3.102;21.291;59.464;0.000;0.000;1.000;0.000;0.000;229.639;1365.999;
28.04.2026 15:45:00;2904.748;1189.249;1515.823;3018.349;2.284;3.103;19.078;74.137;0.400;0.000;1.000;0.000;0.000;217.250;1406.499;
28.04.2026 16:00:00;2904.748;1101.285;1544.483;3018.743;2.285;3.108;18.007;94.277;0.800;0.000;1.000;0.000;0.000;206.250;1307.620;
28.04.2026 16:15:00;2904.748;1200.867;1534.404;3018.092;2.287;3.112;17.439;81.170;1.200;0.000;1.000;0.000;0.000;189.072;1389.807;
28.04.2026 16:30:00;2904.748;1252.144;1593.716;3016.847;2.287;3.118;17.328;78.702;1.600;0.000;1.000;0.000;0.000;180.026;1431.999;
28.04.2026 16:45:00;2904.748;1316.089;1691.616;3017.454;2.287;3.122;17.137;89.081;1.800;0.000;1.000;0.000;0.000;159.759;1475.874;
28.04.2026 17:00:00;2904.713;1269.000;1548.349;3017.951;2.288;3.123;16.771;99.646;2.200;0.000;1.000;0.000;0.000;142.668;1411.749;
28.04.2026 17:15:00;2804.498;1334.106;1665.674;3017.555;2.288;3.124;16.654;105.156;3.000;0.000;1.000;0.000;0.000;127.163;1461.231;
28.04.2026 17:30:00;2804.498;1212.932;1741.809;3017.076;2.290;3.131;16.941;73.574;3.200;0.000;1.000;0.000;0.000;107.250;1320.233;
28.04.2026 17:45:00;2804.498;1304.874;1818.133;3017.069;2.289;3.128;16.842;67.976;3.400;0.000;1.000;0.000;0.000;88.968;1393.749;
28.04.2026 18:00:00;2804.498;1253.022;1805.155;3018.550;2.290;3.132;16.887;56.025;3.600;0.000;1.000;0.000;0.000;74.818;1327.734;
28.04.2026 18:15:00;2804.498;1465.750;1835.299;3017.940;2.291;3.132;16.782;60.412;4.200;0.000;1.000;0.000;0.000;4.750;1470.531;
28.04.2026 18:30:00;2804.498;1414.491;1702.847;3017.678;2.291;3.132;16.684;60.412;4.600;0.000;1.000;0.000;0.000;4.750;1419.248;
28.04.2026 18:45:00;2804.498;1584.850;1723.234;3017.149;2.290;3.136;16.676;42.300;4.600;0.000;1.000;0.000;0.000;4.750;1589.609;
28.04.2026 19:00:00;2804.498;1570.120;1738.233;3017.578;2.290;3.138;16.229;36.605;5.000;0.000;1.000;0.000;0.000;4.750;1574.874;
28.04.2026 19:15:00;2804.498;1546.490;1781.360;3017.361;2.292;3.139;16.170;26.767;5.200;0.000;1.000;0.000;0.000;4.750;1551.247;
28.04.2026 19:30:00;2804.498;1709.184;1715.906;2910.360;2.294;3.142;16.089;22.894;5.400;0.000;1.000;0.000;0.000;4.750;1713.985;
28.04.2026 19:45:00;2804.498;1650.751;1731.489;3012.046;2.293;3.143;16.052;16.928;5.600;0.000;1.000;0.000;0.000;4.750;1655.501;
28.04.2026 20:00:00;2804.498;1762.499;1740.156;2844.835;2.298;3.144;16.000;14.737;5.800;0.000;1.000;0.000;0.000;4.750;1767.249;
28.04.2026 20:15:00;2804.273;1657.856;1759.895;3016.720;2.294;3.146;15.732;8.661;5.800;0.000;1.000;0.000;0.000;4.750;1662.400;
28.04.2026 20:30:00;2804.498;1636.120;1724.027;2961.917;2.292;3.150;15.684;1.767;5.800;0.000;1.000;0.000;0.000;4.750;1640.873;
28.04.2026 20:45:00;2804.498;1551.749;1611.018;2987.250;2.292;3.147;15.625;0.437;5.800;0.000;1.000;0.000;0.000;4.750;1556.499;
28.04.2026 21:00:00;2804.498;1594.935;1694.801;3014.722;2.292;3.143;15.399;0.450;6.000;0.000;1.000;0.000;0.000;4.750;1599.345;
28.04.2026 21:15:00;2804.498;1681.874;1940.633;3017.432;2.290;3.145;15.115;0.450;6.000;0.000;1.000;0.000;0.000;4.750;1686.624;
28.04.2026 21:30:00;2804.498;1702.086;1842.532;3017.918;2.289;3.144;15.043;0.446;6.000;0.000;1.000;0.000;0.000;4.759;1706.874;
28.04.2026 21:45:00;2904.748;1577.573;1741.940;3017.435;2.287;3.143;14.837;0.450;6.000;0.000;1.000;0.000;0.000;4.767;1582.377;
28.04.2026 22:00:00;2904.748;1529.999;1659.089;3017.422;2.287;3.145;14.522;0.496;6.000;0.000;1.000;0.000;0.000;4.750;1534.677;
28.04.2026 22:15:00;2904.748;1429.124;1757.811;3017.607;2.285;3.140;14.374;0.450;6.000;0.000;1.000;0.000;0.000;4.750;1433.874;
28.04.2026 22:30:00;2904.748;1506.396;1642.092;3018.594;2.286;3.140;14.349;0.450;6.000;0.000;1.000;0.000;0.000;4.724;1510.825;
28.04.2026 22:45:00;2904.748;1496.999;1706.029;3017.221;2.286;3.140;14.222;0.450;6.000;0.000;1.000;0.000;0.000;4.750;1501.749;
28.04.2026 23:00:00;2904.748;1621.499;1600.501;3017.858;2.284;3.138;14.147;0.450;6.000;0.000;1.000;0.000;0.000;4.750;1626.249;
28.04.2026 23:15:00;2904.748;1491.374;1799.339;3016.559;2.285;3.139;14.116;0.450;6.000;0.000;1.000;0.000;0.000;4.750;1496.124;
28.04.2026 23:30:00;2904.748;1555.499;1637.579;3017.450;2.284;3.136;14.087;0.450;6.000;0.000;1.000;0.000;0.000;4.750;1560.249;
28.04.2026 23:45:00;2904.748;1381.217;1477.694;3017.774;2.284;3.136;13.828;0.450;6.000;0.000;1.000;0.000;0.000;4.750;1385.928;
29.04.2026 00:00:00;2904.748;1524.150;1593.916;3016.869;2.283;3.137;14.062;0.450;6.000;0.000;1.000;0.000;0.000;4.773;1528.593;
29.04.2026 00:15:00;2904.748;1670.985;1512.192;2882.547;2.288;3.129;14.071;0.450;0.000;0.000;1.000;0.000;0.000;4.748;1675.626;
29.04.2026 00:30:00;2904.748;1749.749;1759.033;3015.385;2.287;3.135;13.778;0.450;0.000;0.000;1.000;0.000;0.000;4.750;1754.499;
29.04.2026 00:45:00;2904.748;1768.124;1620.983;2894.424;2.288;3.134;13.827;0.496;0.000;0.000;1.000;0.000;0.000;4.750;1772.874;
29.04.2026 01:00:00;2904.748;1677.820;1445.997;2807.239;2.290;3.129;13.575;0.450;0.000;0.000;1.000;0.000;0.000;4.750;1682.798;
29.04.2026 01:15:00;2904.748;1571.999;1275.528;2754.109;2.293;3.125;13.725;0.450;0.000;0.000;1.000;0.000;0.000;4.750;1576.749;
29.04.2026 01:30:00;2904.748;1456.311;1194.971;2736.490;2.296;3.124;13.684;0.458;0.000;0.000;1.000;0.000;0.000;4.750;1461.197;
29.04.2026 01:45:00;2904.748;1638.001;1679.024;3017.578;2.293;3.133;13.624;0.450;0.000;0.000;1.000;0.000;0.000;4.750;1642.751;
29.04.2026 02:00:00;2904.748;1694.621;1666.202;3017.374;2.285;3.137;13.530;0.496;0.000;0.000;1.000;0.000;0.000;4.750;1699.374;
29.04.2026 02:15:00;2904.741;1690.874;1498.768;2840.880;2.286;3.135;13.441;0.450;0.000;0.000;1.000;0.000;0.000;4.750;1695.624;
29.04.2026 02:30:00;2904.746;1542.749;1269.019;2753.022;2.290;3.125;13.416;0.448;0.000;0.000;1.000;0.000;0.000;4.750;1547.312;
29.04.2026 02:45:00;2904.748;1438.165;1129.714;2718.149;2.293;3.120;13.383;0.450;0.000;0.000;1.000;0.000;0.000;4.750;1442.997;
29.04.2026 03:00:00;2904.748;1286.254;1039.206;2771.277;2.294;3.122;13.433;0.448;0.000;0.000;1.000;0.000;0.000;4.750;1291.137;
29.04.2026 03:15:00;2904.748;1315.483;1232.899;2941.074;2.292;3.130;13.388;0.458;0.000;0.000;1.000;0.000;0.000;4.754;1320.184;
29.04.2026 03:30:00;2904.735;1373.229;1219.209;2928.716;2.288;3.131;13.514;0.450;0.000;0.000;1.000;0.000;0.000;4.750;1377.842;
29.04.2026 03:45:00;2904.748;1744.124;1855.500;3015.887;2.289;3.131;13.301;0.450;0.000;0.000;1.000;0.000;0.000;4.750;1748.827;
29.04.2026 04:00:00;2904.748;1853.844;1708.067;2907.129;2.285;3.129;13.443;0.450;0.000;0.000;1.000;0.000;0.000;4.785;1858.741;
29.04.2026 04:15:00;2904.748;1709.249;1575.337;2879.171;2.286;3.129;13.464;0.450;0.000;0.000;1.000;0.000;0.000;4.750;1713.999;
29.04.2026 04:30:00;2904.748;1630.253;1371.401;2735.670;2.288;3.122;13.330;0.450;0.000;0.000;1.000;0.000;0.000;4.810;1635.187;
29.04.2026 04:45:00;2904.748;1581.081;1388.229;2837.947;2.293;3.121;13.309;0.450;0.200;0.000;1.000;0.000;0.000;4.750;1585.769;
29.04.2026 05:00:00;2904.728;1480.501;1263.734;2827.532;2.290;3.122;13.122;0.450;0.200;0.000;1.000;0.000;0.000;4.750;1485.251;
29.04.2026 05:15:00;2904.748;1423.499;1259.483;2852.095;2.289;3.125;13.374;0.304;0.200;0.000;1.000;0.000;0.000;4.750;1428.249;
29.04.2026 05:30:00;2904.748;1388.999;1295.551;2891.313;2.286;3.129;13.309;0.443;0.200;0.000;1.000;0.000;0.000;4.750;1393.749;
29.04.2026 05:45:00;2904.748;1533.372;1368.626;2889.447;2.288;3.127;13.273;0.447;0.400;0.000;1.000;0.000;0.000;4.750;1538.124;
29.04.2026 06:00:00;2904.748;1588.567;1509.805;2938.722;2.290;3.124;13.056;0.450;0.600;0.000;1.000;0.000;0.000;4.750;1593.453;
29.04.2026 06:15:00;2904.748;1630.499;1669.483;3014.911;2.283;3.133;13.087;0.433;0.800;0.000;1.000;0.000;0.000;4.750;1635.249;
29.04.2026 06:30:00;2904.748;1666.813;1660.308;2969.894;2.281;3.132;13.216;1.013;0.800;0.000;1.000;0.000;0.000;4.750;1671.299;
29.04.2026 06:45:00;2904.748;1679.999;1618.077;2965.718;2.280;3.132;13.119;2.806;0.800;0.000;1.000;0.000;0.000;4.750;1684.749;
29.04.2026 07:00:00;2904.748;1725.997;1625.134;2894.081;2.281;3.127;13.285;4.828;0.800;0.000;1.000;0.000;0.000;4.750;1730.781;
29.04.2026 07:15:00;2904.748;1648.889;1613.691;2962.236;2.281;3.128;13.192;9.787;0.800;0.000;1.000;0.000;0.000;4.750;1653.529;
29.04.2026 07:30:00;2904.748;1643.249;1697.138;3012.642;2.279;3.129;13.412;24.075;0.800;0.000;1.000;0.000;0.000;4.750;1647.999;
29.04.2026 07:45:00;2904.667;1650.749;1695.085;3013.955;2.277;3.129;13.373;24.077;0.800;0.000;1.000;0.000;0.000;4.750;1655.499;
29.04.2026 08:00:00;2904.748;1787.595;1830.687;3014.088;2.276;3.129;13.303;41.136;0.800;0.000;1.000;0.000;0.000;10.805;1798.374;
29.04.2026 08:15:00;2904.748;1833.640;1791.766;2950.874;2.276;3.129;13.372;77.504;0.800;0.000;1.000;0.000;0.000;23.073;1856.874;
29.04.2026 08:30:00;2904.732;1682.167;1745.324;3013.788;2.276;3.128;13.780;106.736;0.800;0.000;1.000;0.000;0.000;33.627;1715.874;
29.04.2026 08:45:00;2904.748;1844.636;1721.719;2853.417;2.280;3.121;14.092;118.831;1.000;0.000;1.000;0.000;0.000;43.750;1888.710;
29.04.2026 09:00:00;2904.748;1675.126;1646.925;3013.174;2.278;3.124;14.106;143.505;1.000;0.000;1.000;0.000;0.000;61.000;1736.225;
29.04.2026 09:15:00;2904.748;1746.993;1578.900;2839.489;2.281;3.122;14.347;189.644;1.000;0.000;1.000;0.000;0.000;73.460;1820.109;
29.04.2026 09:30:00;2904.748;1673.874;1743.953;3012.992;2.278;3.129;14.658;149.073;1.000;0.000;1.000;0.000;0.000;87.750;1761.624;
29.04.2026 09:45:00;2904.748;1658.496;1634.849;2990.112;2.276;3.129;14.982;177.069;1.000;0.000;1.000;0.000;0.000;101.250;1759.749;
29.04.2026 10:00:00;2904.718;1513.070;1668.305;3013.676;2.275;3.129;15.100;182.071;1.000;0.000;1.000;0.000;0.000;118.468;1631.499;
29.04.2026 10:15:00;2904.748;1478.662;1708.373;3014.366;2.273;3.126;15.400;186.260;1.000;0.000;1.000;0.000;0.000;130.068;1608.569;
29.04.2026 10:30:00;2904.566;1524.313;1648.848;3015.246;2.274;3.128;15.607;191.536;1.000;0.000;1.000;0.000;0.000;146.500;1670.473;
29.04.2026 10:45:00;2904.748;1419.749;1718.787;2520.369;2.277;3.116;15.705;138.566;1.000;0.000;1.000;0.000;0.000;166.000;1585.918;
29.04.2026 11:00:00;2904.742;1324.609;1704.090;2520.983;2.298;3.098;15.400;171.289;1.000;0.000;1.000;0.000;0.000;186.455;1510.766;
29.04.2026 11:15:00;2904.748;1234.871;1697.996;2981.170;2.288;3.122;15.681;197.560;1.000;0.000;1.000;0.000;0.000;199.001;1433.874;
29.04.2026 11:30:00;2904.748;1247.469;1837.244;3016.577;2.279;3.135;15.742;192.490;1.000;0.000;1.000;0.000;0.000;214.750;1462.631;
29.04.2026 11:45:00;2904.748;1238.135;1904.110;3015.146;2.275;3.136;16.146;250.227;1.000;0.000;1.000;0.000;0.000;224.500;1462.747;
29.04.2026 12:00:00;2904.748;1064.522;1625.104;3016.891;2.273;3.127;16.627;373.867;1.000;0.000;1.000;0.000;0.000;237.921;1302.173;
29.04.2026 12:15:00;2904.748;838.749;1374.037;3016.056;2.273;3.127;17.610;507.538;1.000;0.000;1.000;0.000;0.000;249.000;1087.749;
29.04.2026 12:30:00;2904.748;783.891;960.078;3015.999;2.273;3.123;19.486;796.644;1.000;0.000;1.000;0.000;0.000;267.137;1051.035;
29.04.2026 12:45:00;2904.748;776.505;1116.065;3015.877;2.272;3.123;20.023;599.189;1.000;0.000;1.000;0.000;0.000;274.500;1051.138;
29.04.2026 13:00:00;2904.748;769.109;1139.985;3016.240;2.271;3.123;20.752;601.629;1.000;0.000;1.000;0.000;0.000;282.000;1051.108;
29.04.2026 13:15:00;2904.748;774.188;1014.752;3015.808;2.271;3.123;21.291;584.999;1.000;0.000;1.000;0.000;0.000;277.005;1051.345;
29.04.2026 13:30:00;2904.748;775.436;1123.849;3016.089;2.271;3.122;22.410;689.437;1.000;0.000;1.000;0.000;0.000;275.750;1051.328;
29.04.2026 13:45:00;2904.748;771.567;1255.356;3015.981;2.271;3.123;21.907;405.875;1.000;0.000;1.000;0.000;0.000;279.500;1051.125;
29.04.2026 14:00:00;2904.744;772.751;1137.002;3015.998;2.271;3.123;21.859;589.109;1.000;0.000;1.000;0.000;0.000;278.250;1051.188;
29.04.2026 14:15:00;2904.748;783.803;1194.882;3015.279;2.271;3.108;22.199;459.559;1.000;0.000;1.000;0.000;0.000;267.249;1051.200;
29.04.2026 14:30:00;2904.748;770.763;1293.128;3014.157;2.282;3.099;22.096;353.510;1.000;0.000;1.000;0.000;0.000;249.035;1019.876;
29.04.2026 14:45:00;2904.748;852.124;1258.322;3014.534;2.287;3.097;21.011;388.193;1.000;0.000;1.000;0.000;0.000;246.500;1098.624;
29.04.2026 15:00:00;2904.748;746.485;1285.196;3014.479;2.289;3.094;20.955;387.210;1.000;0.000;1.000;0.000;0.000;241.750;988.122;
29.04.2026 15:15:00;2904.748;846.408;1194.787;3014.241;2.288;3.098;21.073;422.652;1.000;0.000;1.000;0.000;0.000;233.770;1080.249;
29.04.2026 15:30:00;2904.748;910.432;1184.841;3014.532;2.289;3.099;21.387;430.625;1.000;0.000;1.000;0.000;0.000;229.984;1139.830;
29.04.2026 15:45:00;2904.748;1098.763;1183.487;3014.115;2.289;3.095;21.581;417.666;1.000;0.000;1.000;0.000;0.000;217.250;1316.036;
29.04.2026 16:00:00;2904.748;1169.299;1332.964;3014.958;2.289;3.096;21.445;322.962;1.000;0.000;1.000;0.000;0.000;206.250;1375.542;
29.04.2026 16:15:00;2904.748;1074.510;1266.756;3013.976;2.290;3.094;21.087;333.515;1.000;0.000;1.000;0.000;0.000;189.207;1263.624;
29.04.2026 16:30:00;2904.748;1193.439;1374.058;3015.116;2.290;3.093;20.823;266.835;1.000;0.000;1.000;0.000;0.000;180.292;1373.528;
29.04.2026 16:45:00;2904.744;1272.249;1363.447;3014.068;2.291;3.094;20.433;242.185;1.000;0.000;1.000;0.000;0.000;159.750;1431.999;
29.04.2026 17:00:00;2904.716;1245.296;1317.976;3014.912;2.291;3.098;19.841;226.615;1.000;0.000;1.000;0.000;0.000;142.750;1388.105;
29.04.2026 17:15:00;2904.748;1342.971;1474.510;3014.313;2.291;3.098;19.697;168.975;1.000;0.000;1.000;0.000;0.000;127.503;1470.624;
29.04.2026 17:30:00;2904.748;1344.448;1602.066;3013.813;2.290;3.098;19.019;95.745;1.000;0.000;1.000;0.000;0.000;107.294;1451.458;
29.04.2026 17:45:00;2904.748;1302.873;1605.811;3014.757;2.291;3.099;18.200;115.372;1.000;0.000;1.000;0.000;0.000;89.000;1391.874;
29.04.2026 18:00:00;2904.732;1466.622;1701.013;3014.565;2.290;3.094;18.137;118.954;1.000;0.000;1.000;0.000;0.000;74.857;1541.827;
29.04.2026 18:15:00;2904.748;1474.948;1703.172;3014.194;2.290;3.094;17.860;63.399;1.000;0.000;1.000;0.000;0.000;4.729;1479.624;
29.04.2026 18:30:00;2904.748;1547.998;1752.790;3014.436;2.290;3.092;17.574;56.020;1.000;0.000;1.000;0.000;0.000;4.750;1552.749;
29.04.2026 18:45:00;2904.748;1523.695;1747.289;3014.110;2.290;3.099;17.593;51.639;1.000;0.000;1.000;0.000;0.000;4.750;1528.277;
29.04.2026 19:00:00;2904.743;1564.499;1751.844;3014.355;2.290;3.099;17.118;53.282;1.000;0.000;1.000;0.000;0.000;4.750;1569.249;
29.04.2026 19:15:00;2904.748;1632.371;1788.970;3014.383;2.290;3.099;17.304;48.263;1.000;0.000;1.000;0.000;0.000;4.751;1637.124;
29.04.2026 19:30:00;2904.748;1664.232;1669.749;3014.518;2.290;3.100;17.379;76.489;1.000;0.000;1.000;0.000;0.000;4.750;1669.352;
29.04.2026 19:45:00;2904.752;1656.843;1602.429;3014.013;2.291;3.099;17.290;49.169;1.000;0.000;1.000;0.000;0.000;4.750;1661.748;
29.04.2026 20:00:00;2904.742;1690.874;1743.386;2997.175;2.292;3.098;16.998;21.124;1.000;0.000;1.000;0.000;0.000;4.798;1695.624;
29.04.2026 20:15:00;2904.748;1645.138;1671.450;3013.273;2.291;3.099;16.705;7.496;1.000;0.000;1.000;0.000;0.000;4.750;1649.879;
29.04.2026 20:30:00;2904.748;1685.624;1749.980;3013.265;2.291;3.099;16.286;1.652;1.000;0.000;1.000;0.000;0.000;4.750;1689.999;
29.04.2026 20:45:00;2904.627;1639.835;1679.363;3013.840;2.290;3.095;16.296;0.450;1.000;0.000;1.000;0.000;0.000;4.759;1644.624;
29.04.2026 21:00:00;2904.748;1533.374;1620.016;3014.031;2.290;3.100;16.411;0.415;1.000;0.000;1.000;0.000;0.000;4.750;1538.124;
29.04.2026 21:15:00;2904.748;1769.624;1910.505;3013.753;2.291;3.102;16.104;0.450;1.000;0.000;1.000;0.000;0.000;4.750;1774.374;
29.04.2026 21:30:00;2904.748;1726.334;1830.930;3015.201;2.290;3.099;15.930;0.448;1.000;0.000;1.000;0.000;0.000;4.750;1731.429;
29.04.2026 21:45:00;2904.748;1683.749;1746.822;3015.472;2.290;3.098;15.888;0.450;1.000;0.000;1.000;0.000;0.000;4.750;1688.499;
29.04.2026 22:00:00;2904.748;1596.809;1639.933;3015.802;2.290;3.098;15.996;0.447;1.000;0.000;1.000;0.000;0.000;4.750;1601.422;
29.04.2026 22:15:00;2904.748;1581.153;1720.733;3016.271;2.290;3.097;15.766;0.496;1.000;0.000;1.000;0.000;0.000;4.759;1585.871;
29.04.2026 22:30:00;2904.737;1546.499;1544.217;3015.251;2.290;3.096;15.468;0.450;1.000;0.000;1.000;0.000;0.000;4.750;1551.249;
29.04.2026 22:45:00;2904.748;1510.166;1688.752;3014.359;2.289;3.095;15.556;0.450;1.000;0.000;1.000;0.000;0.000;4.773;1514.958;
29.04.2026 23:00:00;2904.748;1575.749;1624.174;3015.277;2.290;3.095;15.437;0.448;1.000;0.000;1.000;0.000;0.000;4.750;1580.501;
29.04.2026 23:15:00;2904.748;1628.624;1663.570;3014.954;2.290;3.092;15.385;0.450;1.000;0.000;1.000;0.000;0.000;4.750;1633.374;
29.04.2026 23:30:00;2904.710;1581.100;1595.701;3015.972;2.290;3.091;15.298;0.450;1.000;0.000;1.000;0.000;0.000;4.750;1585.776;
29.04.2026 23:45:00;2904.748;1484.113;1470.868;3015.881;2.290;3.091;15.100;0.468;1.000;0.000;1.000;0.000;0.000;4.750;1488.965;
30.04.2026 00:00:00;2904.748;1504.126;1603.893;3014.769;2.292;3.089;14.857;0.450;1.000;0.000;1.000;0.000;0.000;4.625;1509.045;
30.04.2026 00:15:00;2904.748;1471.124;1498.098;3014.801;2.290;3.099;14.803;0.450;0.000;0.000;1.000;0.000;0.000;4.750;1475.874;
30.04.2026 00:30:00;2904.731;1547.998;1709.489;3015.202;2.291;3.103;14.615;0.454;0.000;0.000;1.000;0.000;0.000;4.750;1552.749;
30.04.2026 00:45:00;2904.748;1566.374;1622.022;3015.946;2.291;3.098;14.388;0.446;0.000;0.000;1.000;0.000;0.000;4.750;1571.124;
30.04.2026 01:00:00;2904.748;1478.624;1428.149;2946.250;2.291;3.099;14.183;0.478;0.000;0.000;1.000;0.000;0.000;4.750;1483.374;
30.04.2026 01:15:00;2904.748;1371.545;1299.493;2987.309;2.292;3.097;13.826;0.450;0.000;0.000;1.000;0.000;0.000;4.750;1376.671;
30.04.2026 01:30:00;2904.748;1256.998;1184.611;2950.438;2.291;3.096;13.335;0.506;0.000;0.000;1.000;0.000;0.000;4.750;1261.749;
30.04.2026 01:45:00;2904.748;1436.732;1770.458;3014.372;2.293;3.096;13.437;0.457;0.000;0.000;1.000;0.000;0.000;4.751;1441.406;
30.04.2026 02:00:00;2904.748;1493.256;1696.667;3014.877;2.290;3.094;13.387;0.450;0.000;0.000;1.000;0.000;0.000;4.749;1498.001;
30.04.2026 02:15:00;2904.748;1489.484;1520.526;3015.754;2.290;3.095;13.369;0.450;0.000;0.000;1.000;0.000;0.000;4.753;1494.249;
30.04.2026 02:30:00;2904.748;1342.874;1355.927;3015.345;2.290;3.091;13.324;0.446;0.000;0.000;1.000;0.000;0.000;4.750;1347.624;
30.04.2026 02:45:00;2904.748;1240.499;1209.764;3014.927;2.290;3.091;13.259;0.450;0.000;0.000;1.000;0.000;0.000;4.750;1245.150;
30.04.2026 03:00:00;2904.748;1084.874;1199.665;3015.757;2.290;3.089;13.077;0.450;0.000;0.000;1.000;0.000;0.000;4.750;1089.624;
30.04.2026 03:15:00;2904.748;1112.427;1232.907;3015.408;2.290;3.089;12.982;0.452;0.000;0.000;1.000;0.000;0.000;4.750;1117.050;
30.04.2026 03:30:00;2904.748;1170.749;1260.449;3015.619;2.291;3.088;12.708;0.450;0.000;0.000;1.000;0.000;0.000;4.750;1175.499;
30.04.2026 03:45:00;2904.748;1544.624;1983.041;3013.619;2.292;3.087;12.660;0.452;0.000;0.000;1.000;0.000;0.000;4.750;1549.374;
30.04.2026 04:00:00;2904.748;1654.585;1801.989;3015.307;2.291;3.094;12.400;0.479;0.000;0.000;1.000;0.000;0.000;4.750;1659.272;
30.04.2026 04:15:00;2904.748;1507.876;1605.624;3015.564;2.290;3.099;12.397;0.504;0.000;0.000;1.000;0.000;0.000;4.750;1512.626;
30.04.2026 04:30:00;2904.748;1429.124;1467.235;3014.449;2.290;3.098;12.246;0.450;0.000;0.000;1.000;0.000;0.000;4.750;1433.705;
30.04.2026 04:45:00;2904.748;1383.435;1435.180;3015.408;2.291;3.098;12.099;0.450;0.000;0.000;1.000;0.000;0.000;4.731;1388.124;
30.04.2026 05:00:00;2904.748;1280.626;1361.208;3014.659;2.291;3.094;12.082;0.450;0.000;0.000;1.000;0.000;0.000;4.750;1285.376;
30.04.2026 05:15:00;2904.748;1222.135;1254.188;3015.191;2.291;3.093;11.961;0.450;0.000;0.000;1.000;0.000;0.000;4.750;1226.943;
30.04.2026 05:30:00;2904.748;1189.124;1389.217;3014.554;2.290;3.092;12.089;0.450;0.000;0.000;1.000;0.000;0.000;4.750;1193.874;
30.04.2026 05:45:00;2904.748;1332.000;1467.864;3015.382;2.289;3.091;11.829;0.450;0.000;0.000;1.000;0.000;0.000;4.750;1336.749;
30.04.2026 06:00:00;2904.748;1390.499;1618.958;3015.474;2.290;3.091;11.792;1.021;0.000;0.000;1.000;0.000;0.000;4.750;1395.249;
30.04.2026 06:15:00;2904.748;1429.009;1766.888;3014.725;2.290;3.090;11.607;4.335;0.000;0.000;1.000;0.000;0.000;4.750;1433.842;
30.04.2026 06:30:00;2904.748;1465.862;1659.984;3014.308;2.290;3.089;11.396;8.729;0.000;0.000;1.000;0.000;0.000;4.753;1470.624;
30.04.2026 06:45:00;2904.741;1480.499;1798.138;3015.767;2.290;3.088;11.489;13.846;0.000;0.000;1.000;0.000;0.000;4.750;1485.249;
30.04.2026 07:00:00;2904.748;1526.100;1910.307;3014.871;2.290;3.088;11.500;19.168;0.000;0.000;1.000;0.000;0.000;4.750;1530.966;
30.04.2026 07:15:00;2904.748;1449.130;1780.005;3015.013;2.290;3.087;11.492;25.190;0.000;0.000;1.000;0.000;0.000;4.776;1454.095;
30.04.2026 07:30:00;2904.748;1444.140;1884.318;3014.808;2.289;3.087;11.308;30.617;0.000;0.000;1.000;0.000;0.000;4.750;1449.023;
30.04.2026 07:45:00;2904.748;1451.047;1850.032;3014.385;2.290;3.086;11.499;35.638;0.000;0.000;1.000;0.000;0.000;4.750;1455.547;
30.04.2026 08:00:00;2904.748;1581.366;1758.728;3014.675;2.290;3.086;11.483;40.598;0.000;0.000;1.000;0.000;0.000;18.250;1599.665;
30.04.2026 08:15:00;2904.615;1605.559;1739.867;3015.007;2.289;3.084;11.489;45.539;0.000;0.000;1.000;0.000;0.000;49.983;1639.097;
30.04.2026 08:30:00;2904.748;1442.082;1690.693;3017.120;2.290;3.092;11.545;49.248;0.000;0.000;1.000;0.000;0.000;74.373;1516.374;
30.04.2026 08:45:00;2904.662;1587.247;1553.484;3011.964;2.289;3.094;11.721;53.711;0.000;0.000;1.000;0.000;0.000;101.250;1688.499;
30.04.2026 09:00:00;2904.701;1389.839;1449.422;3012.658;2.289;3.091;12.322;637.100;0.000;0.000;1.000;0.000;0.000;144.940;1534.804;
30.04.2026 09:15:00;2904.748;1440.643;1346.445;2937.433;2.291;3.094;16.523;714.588;0.000;0.000;1.000;0.000;0.000;177.131;1617.839;
30.04.2026 09:30:00;2904.484;1351.093;1372.341;2993.676;2.290;3.094;19.323;786.263;0.000;0.000;1.000;0.000;0.000;210.973;1562.016;
30.04.2026 09:45:00;2904.735;1314.306;1216.974;2938.519;2.292;3.097;21.430;829.593;0.000;0.000;1.000;0.000;0.000;243.880;1558.348;
30.04.2026 10:00:00;2904.745;1142.132;1125.605;3013.301;2.289;3.090;23.325;849.255;0.000;0.000;1.000;0.000;0.000;288.000;1430.127;
30.04.2026 10:15:00;2504.820;1091.749;1064.253;2616.756;2.298;3.116;24.086;839.364;0.000;0.000;1.000;0.000;0.000;318.500;1410.249;
30.04.2026 10:30:00;2003.712;1109.652;946.738;1895.417;2.315;3.145;25.208;851.018;0.000;0.000;1.000;0.000;0.000;359.255;1468.751;
30.04.2026 10:45:00;1504.249;976.624;814.808;1439.286;2.331;3.164;27.022;1116.642;0.000;0.000;1.000;0.000;0.000;407.750;1384.374;
30.04.2026 11:00:00;949.498;852.207;920.674;1097.908;2.348;3.190;28.434;1448.832;0.000;0.000;1.000;0.000;0.000;459.000;1311.240;
30.04.2026 11:15:00;803.043;744.249;910.169;1016.161;2.354;3.194;29.431;1447.766;0.000;0.000;1.000;0.000;0.000;488.250;1232.499;
30.04.2026 11:30:00;803.249;732.325;1041.347;1096.772;2.356;3.194;30.270;1448.124;0.000;0.000;1.000;0.000;0.000;529.705;1261.844;
30.04.2026 11:45:00;803.251;706.251;1005.038;1169.380;2.355;3.184;30.494;1447.857;0.000;0.000;1.000;0.000;0.000;555.501;1261.751;
30.04.2026 12:00:00;803.249;514.976;885.918;1165.757;2.354;3.172;30.303;1447.870;0.000;0.000;1.000;0.000;0.000;587.227;1102.032;
30.04.2026 12:15:00;803.249;273.940;611.282;1114.050;2.353;3.173;29.790;1201.063;0.000;0.000;1.000;0.000;0.000;614.138;888.247;
30.04.2026 12:30:00;803.249;191.621;417.873;1044.345;2.355;3.174;29.917;832.336;0.000;0.000;1.000;0.000;0.000;658.001;849.624;
30.04.2026 12:45:00;803.249;173.391;422.599;1020.669;2.357;3.170;30.337;702.893;0.000;0.000;1.000;0.000;0.000;676.246;849.624;
30.04.2026 13:00:00;803.249;155.103;508.410;1144.016;2.356;3.162;30.303;683.212;0.000;0.000;1.000;0.000;0.000;694.499;849.619;
30.04.2026 13:15:00;803.249;167.155;536.665;1219.313;2.357;3.161;30.007;860.909;0.000;0.000;1.000;0.000;0.000;682.254;849.624;
30.04.2026 13:30:00;803.242;168.375;562.389;1229.351;2.358;3.171;31.141;1392.857;0.000;0.000;1.000;0.000;0.000;685.537;849.624;
30.04.2026 13:45:00;803.249;159.875;520.010;1152.390;2.359;2.994;31.048;1447.764;0.000;0.000;1.000;0.000;0.000;689.749;849.624;
30.04.2026 14:00:00;803.249;162.375;555.779;1267.326;2.360;3.168;30.289;1448.129;0.000;0.000;1.000;0.000;0.000;687.249;849.624;
30.04.2026 14:15:00;803.249;190.129;426.308;1068.675;2.364;3.147;30.090;1447.919;0.000;0.000;1.000;0.000;0.000;659.393;849.624;
30.04.2026 14:30:00;803.249;202.698;371.689;1025.485;2.369;3.113;30.180;1447.958;0.000;0.000;1.000;0.000;0.000;615.765;818.499;
30.04.2026 14:45:00;803.246;292.374;491.664;991.021;2.374;3.143;29.456;1146.178;0.000;0.000;1.000;0.000;0.000;606.863;899.124;
30.04.2026 15:00:00;803.249;192.874;575.226;1278.806;2.373;3.127;28.951;1053.571;0.000;0.000;1.000;0.000;0.000;594.499;787.374;
30.04.2026 15:15:00;803.249;303.015;510.113;1017.991;2.374;3.125;28.577;1220.652;0.000;0.000;1.000;0.000;0.000;577.440;893.231;
30.04.2026 15:30:00;803.249;371.103;532.385;1045.623;2.377;3.055;28.026;977.559;0.000;0.000;1.000;0.000;0.000;568.369;939.724;
30.04.2026 15:45:00;1504.249;579.206;764.821;1671.151;2.367;3.038;27.480;985.388;0.000;0.000;1.000;0.000;0.000;535.979;1115.124;
30.04.2026 16:00:00;2204.998;665.843;727.958;2465.143;2.347;3.105;27.128;1108.225;0.000;0.000;1.000;0.000;0.000;507.889;1173.624;
30.04.2026 16:15:00;2904.748;597.581;852.422;3021.093;2.308;3.130;26.029;1391.891;0.000;0.000;1.000;0.000;0.000;466.229;1063.685;
30.04.2026 16:30:00;2904.748;732.871;1229.387;3018.416;2.296;3.127;25.087;1346.874;0.000;0.000;1.000;0.000;0.000;440.811;1173.626;
30.04.2026 16:45:00;2904.748;837.708;973.068;3018.640;2.292;3.114;23.940;301.897;0.000;0.000;1.000;0.000;0.000;393.029;1230.902;
30.04.2026 17:00:00;2904.748;836.807;987.396;3016.468;2.291;3.109;23.520;869.542;0.000;0.000;1.000;0.000;0.000;348.472;1216.574;
30.04.2026 17:15:00;2904.748;958.764;979.658;2934.865;2.291;3.106;23.310;650.474;0.000;0.000;1.000;0.000;0.000;310.000;1268.844;
30.04.2026 17:30:00;2904.615;988.409;1178.925;3013.479;2.292;3.105;23.156;581.820;0.000;0.000;1.000;0.000;0.000;262.471;1250.854;
30.04.2026 17:45:00;2904.748;979.747;1264.111;3015.667;2.293;3.108;22.800;523.724;0.000;0.000;1.000;0.000;0.000;212.250;1191.999;
30.04.2026 18:00:00;2904.748;1162.054;1369.942;3015.293;2.292;3.105;23.333;463.281;0.000;0.000;1.000;0.000;0.000;178.651;1340.499;
30.04.2026 18:15:00;2904.748;1126.374;1484.088;3017.056;2.292;3.109;23.399;410.304;0.000;0.000;1.000;0.000;0.000;153.750;1280.124;
30.04.2026 18:30:00;2904.667;1219.779;1414.099;3015.684;2.293;3.106;22.784;405.438;0.000;0.000;1.000;0.000;0.000;131.710;1351.285;
30.04.2026 18:45:00;2904.748;1230.249;1325.345;3015.015;2.293;3.112;22.771;475.303;0.000;0.000;1.000;0.000;0.000;97.500;1327.749;
30.04.2026 19:00:00;2904.748;1286.774;1401.256;3013.997;2.294;3.111;22.182;316.735;0.000;0.000;1.000;0.000;0.000;82.998;1369.754;
30.04.2026 19:15:00;2904.748;1375.995;1524.054;3014.039;2.296;3.108;21.390;163.759;0.000;0.000;1.000;0.000;0.000;59.750;1435.749;
30.04.2026 19:30:00;2904.746;1430.374;1578.274;3013.410;2.295;3.106;20.833;118.575;0.000;0.000;1.000;0.000;0.000;40.250;1470.472;
30.04.2026 19:45:00;2904.657;1440.853;1572.229;3013.819;2.295;3.114;20.192;81.225;0.000;0.000;1.000;0.000;0.000;21.976;1483.517;
30.04.2026 20:00:00;2904.744;1483.445;1624.661;3014.680;2.295;3.112;19.665;47.702;0.000;0.000;1.000;0.000;0.000;10.812;1491.699;
30.04.2026 20:15:00;2904.748;1446.040;1659.407;3015.231;2.296;3.110;18.856;17.905;0.000;0.000;1.000;0.000;0.000;6.100;1451.983;
30.04.2026 20:30:00;2904.748;1484.249;1721.473;3016.917;2.295;3.108;17.900;8.550;0.000;0.000;1.000;0.000;0.000;4.750;1488.889;
30.04.2026 20:45:00;2904.748;1438.134;1693.110;3016.311;2.295;3.116;17.622;2.241;0.000;0.000;1.000;0.000;0.000;4.750;1436.270;
30.04.2026 21:00:00;2904.748;1333.855;1725.966;3016.220;2.295;3.114;17.188;0.450;0.000;0.000;1.000;0.000;0.000;4.755;1338.624;
30.04.2026 21:15:00;2904.748;1570.124;1983.046;3015.664;2.295;3.113;16.756;0.450;0.000;0.000;1.000;0.000;0.000;4.750;1574.874;
30.04.2026 21:30:00;2904.748;1526.205;1898.013;3017.083;2.295;3.108;16.433;0.450;0.000;0.000;1.000;0.000;0.000;4.816;1521.645;
30.04.2026 21:45:00;2904.748;1447.745;1800.905;3016.600;2.295;3.106;16.229;0.430;0.000;0.000;1.000;0.000;0.000;4.750;1415.454;
30.04.2026 22:00:00;2904.748;1396.124;1699.293;3017.344;2.295;3.106;16.009;0.450;0.000;0.000;1.000;0.000;0.000;4.750;1400.874;
30.04.2026 22:15:00;2904.748;1383.371;1773.195;3016.140;2.293;3.112;15.934;0.450;0.000;0.000;1.000;0.000;0.000;4.750;1383.296;
30.04.2026 22:30:00;2904.748;1346.624;1630.257;3016.783;2.293;3.115;15.606;0.423;0.000;0.000;1.000;0.000;0.000;4.750;1351.374;
30.04.2026 22:45:00;2904.748;1310.032;1740.976;3017.216;2.293;3.113;15.179;0.450;0.000;0.000;1.000;0.000;0.000;4.750;1345.394;
30.04.2026 23:00:00;2904.748;1387.996;1674.235;3015.492;2.293;3.111;15.129;0.450;0.000;0.000;1.000;0.000;0.000;4.750;1422.022;
30.04.2026 23:15:00;2904.748;1427.249;1834.576;3016.952;2.293;3.109;14.800;0.450;0.000;0.000;1.000;0.000;0.000;4.750;1431.855;
30.04.2026 23:30:00;2904.748;1381.221;1697.533;3016.635;2.293;3.105;14.550;0.416;0.000;0.000;1.000;0.000;0.000;4.750;1386.061;
30.04.2026 23:45:00;2904.748;1284.542;1601.803;3015.250;2.292;3.105;14.398;0.450;0.000;0.000;1.000;0.000;0.000;4.750;1289.172;
01.05.2026 00:00:00;2904.748;1305.453;1678.567;3016.982;2.293;3.099;14.276;0.445;0.000;0.000;1.000;0.000;0.000;4.750;1310.526;
01.05.2026 00:15:00;2904.714;1500.376;1616.851;3015.466;2.293;3.099;14.153;0.480;0.000;0.000;1.000;0.000;0.000;4.750;1505.126;
01.05.2026 00:30:00;2904.745;1711.126;1797.676;3014.241;2.295;3.105;13.935;0.453;0.000;0.000;1.000;0.000;0.000;4.750;1715.876;
01.05.2026 00:45:00;2904.748;1479.187;1687.391;3014.206;2.293;3.112;13.899;0.450;0.000;0.000;1.000;0.000;0.000;4.696;1449.359;
01.05.2026 01:00:00;2904.748;1431.031;1568.188;3013.510;2.293;3.109;13.884;0.449;0.000;0.000;1.000;0.000;0.000;4.750;1435.758;
01.05.2026 01:15:00;2904.748;1301.750;1403.586;3014.675;2.293;3.110;13.608;0.450;0.000;0.000;1.000;0.000;0.000;4.750;1306.362;
01.05.2026 01:30:00;2904.748;1187.249;1203.420;2928.709;2.294;3.110;13.638;0.451;0.000;0.000;1.000;0.000;0.000;4.750;1191.999;
01.05.2026 01:45:00;2904.748;1773.374;1782.412;2887.023;2.298;3.110;13.522;0.450;0.000;0.000;1.000;0.000;0.000;4.750;1778.124;
01.05.2026 02:00:00;2904.744;1700.249;1699.217;2978.030;2.295;3.108;13.583;0.423;0.000;0.000;1.000;0.000;0.000;4.750;1704.999;
01.05.2026 02:15:00;2904.748;1523.386;1610.761;3013.889;2.293;3.104;13.308;0.448;0.000;0.000;1.000;0.000;0.000;4.750;1438.248;
01.05.2026 02:30:00;2904.748;1349.097;1383.682;2934.072;2.293;3.104;13.268;0.394;0.000;0.000;1.000;0.000;0.000;4.750;1255.924;
01.05.2026 02:45:00;2904.748;1207.793;1266.824;3011.049;2.292;3.099;13.145;0.451;0.000;0.000;1.000;0.000;0.000;4.794;1208.296;
01.05.2026 03:00:00;2904.748;1201.874;1187.037;2939.533;2.295;3.099;13.291;0.500;0.000;0.000;1.000;0.000;0.000;4.750;1206.624;
01.05.2026 03:15:00;2904.748;1254.194;1220.249;2952.528;2.296;3.099;13.324;0.450;0.000;0.000;1.000;0.000;0.000;4.750;1264.994;
01.05.2026 03:30:00;2904.748;1262.624;1232.417;2946.062;2.296;3.100;13.300;0.450;0.000;0.000;1.000;0.000;0.000;4.750;1267.374;
01.05.2026 03:45:00;2904.748;1985.959;1915.880;2869.326;2.301;3.116;13.133;0.450;0.000;0.000;1.000;0.000;0.000;4.761;1990.528;
01.05.2026 04:00:00;2904.748;1661.186;1755.659;2888.706;2.296;3.112;13.199;0.442;0.000;0.000;1.000;0.000;0.000;4.750;1626.829;
01.05.2026 04:15:00;2904.748;1608.659;1634.534;2936.428;2.294;3.111;13.046;0.450;0.000;0.000;1.000;0.000;0.000;4.750;1567.958;
01.05.2026 04:30:00;2904.748;1469.249;1498.181;2915.399;2.294;3.110;12.939;0.450;0.000;0.000;1.000;0.000;0.000;4.750;1473.999;
01.05.2026 04:45:00;2904.748;1436.626;1442.631;2905.579;2.295;3.109;12.804;0.450;0.000;0.000;1.000;0.000;0.000;4.750;1441.265;
01.05.2026 05:00:00;2904.748;1280.666;1352.106;2955.516;2.294;3.105;12.604;0.446;0.000;0.000;1.000;0.000;0.000;4.755;1268.439;
01.05.2026 05:15:00;2904.748;1256.999;1286.688;2962.192;2.295;3.104;12.666;0.450;0.000;0.000;1.000;0.000;0.000;4.750;1261.749;
01.05.2026 05:30:00;2904.748;1420.526;1290.022;2798.886;2.299;3.105;12.396;0.359;0.000;0.000;1.000;0.000;0.000;4.750;1459.996;
01.05.2026 05:45:00;2904.748;1477.536;1378.168;2830.350;2.302;3.099;12.172;0.450;0.000;0.000;1.000;0.000;0.000;4.750;1588.081;
01.05.2026 06:00:00;2904.748;1621.497;1556.051;2871.779;2.304;3.096;12.075;1.013;0.000;0.000;1.000;0.000;0.000;4.750;1626.249;
01.05.2026 06:15:00;2904.748;1769.624;1599.396;2758.314;2.305;3.107;11.872;4.353;0.000;0.000;1.000;0.000;0.000;4.750;1774.374;
01.05.2026 06:30:00;2904.748;1661.814;1663.414;3012.639;2.300;3.100;11.939;9.261;0.000;0.000;1.000;0.000;0.000;4.750;1666.423;
01.05.2026 06:45:00;2904.616;1800.986;1712.332;2923.081;2.296;3.105;11.899;14.171;0.000;0.000;1.000;0.000;0.000;4.750;1845.033;
01.05.2026 07:00:00;2904.748;1912.499;1895.171;2927.345;2.295;3.105;11.942;19.688;0.000;0.000;1.000;0.000;0.000;4.875;1917.249;
01.05.2026 07:15:00;2904.748;1624.514;1716.644;2962.442;2.293;3.100;11.832;24.638;0.000;0.000;1.000;0.000;0.000;4.750;1613.410;
01.05.2026 07:30:00;2904.748;1602.721;1772.901;3012.750;2.292;3.096;11.779;29.025;0.000;0.000;1.000;0.000;0.000;4.750;1607.394;
01.05.2026 07:45:00;2904.748;1451.118;1791.015;3012.671;2.291;3.094;11.733;32.397;0.000;0.000;1.000;0.000;0.000;4.750;1475.106;
01.05.2026 08:00:00;2904.748;1616.054;1796.957;3013.885;2.291;3.104;11.742;36.787;0.000;0.000;1.000;0.000;0.000;40.201;1649.553;
01.05.2026 08:15:00;2904.729;1605.499;1620.149;3013.142;2.291;3.103;11.727;39.698;0.000;0.000;1.000;0.000;0.000;50.000;1655.499;
01.05.2026 08:30:00;2904.748;1567.267;1513.115;3016.335;2.290;3.101;12.138;43.425;0.000;0.000;1.000;0.000;0.000;96.812;1678.859;
01.05.2026 08:45:00;2904.748;1456.009;1438.682;2927.022;2.293;3.105;12.358;48.292;0.000;0.000;1.000;0.000;0.000;135.770;1546.185;
01.05.2026 09:00:00;2904.739;1431.338;1335.098;2956.323;2.291;3.100;13.039;652.583;0.000;0.000;1.000;0.000;0.000;164.491;1606.345;
01.05.2026 09:15:00;2904.748;1402.079;1413.659;3007.802;2.291;3.099;17.655;724.592;0.000;0.000;1.000;0.000;0.000;196.912;1566.926;
01.05.2026 09:30:00;2904.748;1349.332;1198.933;2902.527;2.291;3.103;20.462;776.328;0.000;0.000;1.000;0.000;0.000;227.263;1558.989;
01.05.2026 09:45:00;2904.748;1314.383;1107.302;2857.940;2.294;3.107;22.211;820.096;0.000;0.000;1.000;0.000;0.000;258.306;1559.700;
01.05.2026 10:00:00;2803.015;1272.203;1089.326;2830.978;2.297;3.100;23.569;900.181;0.000;0.000;1.000;0.000;0.000;287.903;1560.235;
01.05.2026 10:15:00;2505.059;1199.749;1014.883;2414.757;2.308;3.123;24.735;965.589;0.000;0.000;1.000;0.000;0.000;318.500;1518.249;
01.05.2026 10:30:00;2003.717;1126.918;1045.496;2069.669;2.321;3.142;25.894;1007.101;0.000;0.000;1.000;0.000;0.000;359.021;1486.201;
01.05.2026 10:45:00;1504.249;1042.494;933.415;1367.360;2.337;3.172;27.685;1045.904;0.000;0.000;1.000;0.000;0.000;407.750;1450.338;
01.05.2026 11:00:00;1002.570;982.348;925.296;942.273;2.352;3.195;28.941;1067.461;0.000;0.000;1.000;0.000;0.000;459.007;1441.374;
01.05.2026 11:15:00;803.206;1000.818;956.207;784.959;2.363;3.194;30.313;1257.282;0.000;0.000;1.000;0.000;0.000;488.250;1508.901;
01.05.2026 11:30:00;803.248;1057.870;904.870;640.825;2.368;3.202;31.178;1242.791;0.000;0.000;1.000;0.000;0.000;529.749;1587.565;
01.05.2026 11:45:00;803.249;1120.145;984.489;737.204;2.369;3.200;31.954;1278.429;0.000;0.000;1.000;0.000;0.000;555.561;1675.725;
01.05.2026 12:00:00;803.246;934.620;924.174;704.984;2.368;3.203;32.285;1089.415;0.000;0.000;1.000;0.000;0.000;609.458;1471.346;
01.05.2026 12:15:00;803.249;629.988;614.271;636.560;2.368;3.191;31.985;1026.923;0.000;0.000;1.000;0.000;0.000;656.391;1269.625;
01.05.2026 12:30:00;803.249;570.169;606.141;826.979;2.370;3.184;32.602;909.372;0.000;0.000;1.000;0.000;0.000;666.854;1165.826;
01.05.2026 12:45:00;803.249;441.805;586.385;1008.727;2.368;3.178;32.804;800.340;0.000;0.000;1.000;0.000;0.000;679.797;936.389;
01.05.2026 13:00:00;803.249;155.125;509.518;1155.887;2.363;3.169;32.224;754.706;0.000;0.000;1.000;0.000;0.000;686.518;849.624;
01.05.2026 13:15:00;803.249;167.133;475.679;1188.623;2.361;3.161;31.728;853.352;0.000;0.000;1.000;0.000;0.000;681.986;849.624;
01.05.2026 13:30:00;803.248;161.323;661.124;1344.154;2.361;3.158;31.885;1241.571;0.000;0.000;1.000;0.000;0.000;689.341;849.624;
01.05.2026 13:45:00;803.249;159.872;550.772;1235.966;2.359;3.166;31.297;1447.764;0.000;0.000;1.000;0.000;0.000;689.751;849.624;
01.05.2026 14:00:00;803.249;162.375;426.044;1077.482;2.360;3.174;31.723;1447.766;0.000;0.000;1.000;0.000;0.000;687.249;849.624;
01.05.2026 14:15:00;803.249;174.565;499.151;1122.305;2.360;3.174;31.428;1447.761;0.000;0.000;1.000;0.000;0.000;634.691;823.052;
01.05.2026 14:30:00;803.221;202.054;464.374;1066.844;2.361;3.171;30.848;1447.761;0.000;0.000;1.000;0.000;0.000;616.216;843.148;
01.05.2026 14:45:00;803.249;201.570;488.272;1070.796;2.364;3.174;29.454;1302.783;0.000;0.000;1.000;0.000;0.000;595.741;791.071;
01.05.2026 15:00:00;803.245;197.244;372.546;977.335;2.365;3.169;28.911;1048.832;0.000;0.000;1.000;0.000;0.000;585.490;854.359;
01.05.2026 15:15:00;803.249;365.306;347.603;906.275;2.369;3.172;29.001;1132.903;0.000;0.000;1.000;0.000;0.000;569.539;938.952;
01.05.2026 15:30:00;1500.152;565.977;490.607;966.547;2.370;3.170;28.800;1047.708;0.000;0.000;1.000;0.000;0.000;536.890;1112.302;
01.05.2026 15:45:00;2184.423;630.993;666.850;1582.960;2.359;2.980;28.691;1052.836;0.000;0.000;1.000;0.000;0.000;512.043;1168.817;
01.05.2026 16:00:00;0.000;665.364;654.884;0.000;2.336;3.102;28.807;996.288;0.000;0.000;1.000;0.000;0.000;0.000;0.000;
01.05.2026 16:15:00;2904.748;597.499;665.134;3008.977;2.307;3.117;28.623;938.924;0.000;0.000;1.000;0.000;0.000;466.250;1063.749;
01.05.2026 16:30:00;2904.748;732.704;696.216;3013.427;2.296;3.103;27.812;1058.257;0.000;0.000;1.000;0.000;0.000;440.901;1173.624;
01.05.2026 16:45:00;2904.748;837.736;868.550;3014.488;2.295;3.095;27.254;965.927;0.000;0.000;1.000;0.000;0.000;393.212;1230.884;
01.05.2026 17:00:00;2904.748;976.974;914.456;2973.184;2.295;3.092;27.174;926.401;0.000;0.000;1.000;0.000;0.000;348.793;1325.874;
01.05.2026 17:15:00;2904.748;1171.499;976.592;2797.895;2.301;3.094;26.348;709.263;0.000;0.000;1.000;0.000;0.000;310.000;1481.499;
01.05.2026 17:30:00;2904.748;1347.196;1081.301;2728.059;2.307;3.088;26.066;513.712;0.000;0.000;1.000;0.000;0.000;262.500;1609.623;
01.05.2026 17:45:00;2904.748;1401.183;1269.668;2841.628;2.305;3.089;25.596;448.332;0.000;0.000;1.000;0.000;0.000;212.250;1613.485;
01.05.2026 18:00:00;2904.748;1529.837;1324.260;2753.726;2.307;3.096;25.200;400.551;0.000;0.000;1.000;0.000;0.000;179.043;1708.749;
01.05.2026 18:15:00;2904.748;1556.499;1328.502;2806.414;2.308;3.092;24.744;360.958;0.000;0.000;1.000;0.000;0.000;153.750;1710.249;
01.05.2026 18:30:00;2904.748;1627.999;1418.001;2765.284;2.310;3.091;24.330;329.634;0.000;0.000;1.000;0.000;0.000;131.750;1759.749;
01.05.2026 18:45:00;2904.748;1658.874;1467.156;2821.221;2.311;3.091;23.887;293.807;0.000;0.000;1.000;0.000;0.000;97.500;1756.374;
01.05.2026 19:00:00;2904.748;1676.749;1483.264;2861.672;2.311;3.096;23.318;190.037;0.000;0.000;1.000;0.000;0.000;83.000;1759.749;
01.05.2026 19:15:00;2904.748;1736.707;1458.464;2777.513;2.309;3.099;22.754;141.736;0.000;0.000;1.000;0.000;0.000;59.761;1796.501;
01.05.2026 19:30:00;2904.748;1637.374;1500.091;2904.674;2.308;3.096;22.166;120.862;0.000;0.000;1.000;0.000;0.000;40.250;1677.624;
01.05.2026 19:45:00;2904.748;1587.277;1544.358;3013.319;2.303;3.095;21.548;81.834;0.000;0.000;1.000;0.000;0.000;22.038;1609.498;
01.05.2026 20:00:00;2904.748;1739.788;1561.192;2763.106;2.304;3.109;20.994;47.681;0.000;0.000;1.000;0.000;0.000;11.209;1750.748;
01.05.2026 20:15:00;2904.748;1673.086;1588.022;2968.197;2.302;3.099;20.030;16.398;0.000;0.000;1.000;0.000;0.000;6.086;1679.124;
01.05.2026 20:30:00;2904.747;1753.103;1592.263;2896.188;2.303;3.100;19.312;8.413;0.000;0.000;1.000;0.000;0.000;4.756;1757.874;
01.05.2026 20:45:00;2904.748;1681.874;1583.534;2903.625;2.302;3.093;19.481;2.516;0.000;0.000;1.000;0.000;0.000;4.750;1686.624;
01.05.2026 21:00:00;2904.748;1623.335;1525.149;2985.115;2.300;3.099;19.515;0.450;0.000;0.000;1.000;0.000;0.000;4.760;1627.979;
01.05.2026 21:15:00;2904.748;1912.447;1804.548;2937.464;2.304;3.112;18.774;0.450;0.000;0.000;1.000;0.000;0.000;4.763;1917.249;
01.05.2026 21:30:00;2904.733;1833.748;1734.182;2921.801;2.300;3.136;18.667;0.450;0.000;0.000;1.000;0.000;0.000;4.750;1838.499;
01.05.2026 21:45:00;2904.748;1749.749;1718.017;3013.812;2.299;3.136;17.882;0.441;0.000;0.000;1.000;0.000;0.000;4.750;1754.499;
01.05.2026 22:00:00;2904.748;1641.751;1635.922;3015.141;2.297;3.132;17.316;0.448;0.000;0.000;1.000;0.000;0.000;4.750;1646.501;
01.05.2026 22:15:00;2904.748;1721.850;1707.953;3007.052;2.297;3.135;17.201;0.450;0.000;0.000;1.000;0.000;0.000;4.792;1726.749;
01.05.2026 22:30:00;2904.748;1546.496;1587.655;3014.039;2.296;3.135;16.798;0.429;0.000;0.000;1.000;0.000;0.000;4.751;1551.249;
01.05.2026 22:45:00;2904.748;1690.867;1764.171;3014.098;2.297;3.133;16.676;0.450;0.000;0.000;1.000;0.000;0.000;4.752;1695.624;
01.05.2026 23:00:00;2904.743;1626.749;1651.263;3014.396;2.296;3.132;16.426;0.450;0.000;0.000;1.000;0.000;0.000;4.824;1631.499;
01.05.2026 23:15:00;2904.748;1666.745;1737.697;3013.653;2.296;3.132;16.172;0.434;0.000;0.000;1.000;0.000;0.000;4.750;1671.807;
01.05.2026 23:30:00;2904.748;1599.080;1676.417;3014.275;2.295;3.128;15.909;0.448;0.000;0.000;1.000;0.000;0.000;4.760;1603.618;
01.05.2026 23:45:00;2904.748;1599.002;1551.782;2999.788;2.295;3.130;16.180;0.450;0.000;0.000;1.000;0.000;0.000;4.750;1603.581;
02.05.2026 00:00:00;2904.748;1472.999;1665.576;3016.092;2.295;3.129;15.972;0.450;0.000;0.000;1.000;0.000;0.000;4.750;1477.749;
02.05.2026 00:15:00;2904.505;1453.146;1599.942;3016.665;2.295;3.130;15.871;0.451;0.000;0.000;1.000;0.000;0.000;4.748;1457.830;
02.05.2026 00:30:00;2904.555;1559.249;1822.510;3016.601;2.294;3.130;15.766;0.413;0.000;0.000;1.000;0.000;0.000;4.750;1563.900;
02.05.2026 00:45:00;2904.468;1630.124;1764.279;3016.055;2.295;3.130;15.755;0.420;0.000;0.000;1.000;0.000;0.000;4.832;1635.044;
02.05.2026 01:00:00;2904.703;1520.626;1570.957;3016.324;2.294;3.128;15.476;0.446;0.000;0.000;1.000;0.000;0.000;4.750;1525.276;
02.05.2026 01:15:00;2904.278;1323.901;1322.310;3015.685;2.294;3.128;15.310;0.450;0.000;0.000;1.000;0.000;0.000;4.750;1329.039;
02.05.2026 01:30:00;2904.479;1223.941;1209.428;2999.463;2.294;3.126;15.133;0.450;0.000;0.000;1.000;0.000;0.000;4.672;1228.736;
02.05.2026 01:45:00;2904.577;1385.976;1735.073;3015.278;2.296;3.127;15.312;0.450;0.000;0.000;1.000;0.000;0.000;4.750;1390.537;
02.05.2026 02:00:00;2904.615;1628.623;1656.662;3015.955;2.294;3.126;15.239;0.420;0.000;0.000;1.000;0.000;0.000;4.750;1633.374;
02.05.2026 02:15:00;2904.688;1515.344;1587.506;3016.468;2.294;3.129;14.812;0.465;0.000;0.000;1.000;0.000;0.000;4.750;1520.117;
02.05.2026 02:30:00;2904.308;1359.378;1375.158;3016.061;2.295;3.130;14.950;0.434;0.000;0.000;1.000;0.000;0.000;4.749;1364.124;
02.05.2026 02:45:00;2904.548;1218.374;1282.512;3016.219;2.295;3.128;14.848;0.450;0.000;0.000;1.000;0.000;0.000;4.750;1223.124;
02.05.2026 03:00:00;2904.118;1134.376;1130.134;3015.802;2.295;3.128;14.706;0.434;0.000;0.000;1.000;0.000;0.000;4.750;1139.262;
02.05.2026 03:15:00;2904.284;1123.126;1216.598;3016.103;2.294;3.125;14.592;0.450;0.000;0.000;1.000;0.000;0.000;4.750;1127.876;
02.05.2026 03:30:00;2904.442;1149.648;1187.009;3015.686;2.294;3.128;14.680;0.459;0.000;0.000;1.000;0.000;0.000;4.750;1154.948;
02.05.2026 03:45:00;2904.451;1390.167;1777.075;3015.612;2.295;3.127;14.449;0.450;0.000;0.000;1.000;0.000;0.000;4.750;1394.717;
02.05.2026 04:00:00;2904.701;1672.933;1653.766;3015.538;2.294;3.126;14.365;0.419;0.000;0.000;1.000;0.000;0.000;4.750;1677.641;
02.05.2026 04:15:00;2904.401;1533.376;1451.116;2929.444;2.294;3.125;14.254;0.420;0.000;0.000;1.000;0.000;0.000;4.750;1538.126;
02.05.2026 04:30:00;2904.577;1368.751;1374.429;3015.763;2.294;3.123;14.365;0.450;0.000;0.000;1.000;0.000;0.000;4.750;1373.501;
02.05.2026 04:45:00;2904.474;1248.351;1263.665;3015.706;2.294;3.124;14.169;0.450;0.000;0.000;1.000;0.000;0.000;4.642;1253.369;
02.05.2026 05:00:00;2904.613;1184.830;1331.697;3015.610;2.295;3.124;13.848;0.450;0.000;0.000;1.000;0.000;0.000;4.750;1189.350;
02.05.2026 05:15:00;2904.569;1198.499;1328.665;3015.023;2.293;3.124;13.812;0.496;0.000;0.000;1.000;0.000;0.000;4.750;1203.249;
02.05.2026 05:30:00;2904.359;1148.726;1305.332;3015.076;2.294;3.123;14.027;0.423;0.000;0.000;1.000;0.000;0.000;4.750;1153.565;
02.05.2026 05:45:00;2904.534;1156.124;1434.969;3014.375;2.294;3.122;13.795;0.450;0.000;0.000;1.000;0.000;0.000;4.750;1160.874;
02.05.2026 06:00:00;2904.428;1200.374;1405.205;3015.265;2.295;3.125;13.356;3.174;0.000;0.000;1.000;0.000;0.000;4.750;1205.124;
02.05.2026 06:15:00;2904.515;1188.672;1418.511;3014.846;2.294;3.127;13.411;7.566;0.000;0.000;1.000;0.000;0.000;4.804;1193.437;
02.05.2026 06:30:00;2904.139;1211.249;1338.896;3015.177;2.294;3.124;13.534;19.114;0.000;0.000;1.000;0.000;0.000;4.750;1215.999;
02.05.2026 06:45:00;2904.485;1240.502;1315.310;3014.988;2.294;3.126;13.732;34.639;0.000;0.000;1.000;0.000;0.000;4.750;1245.251;
02.05.2026 07:00:00;2904.376;1284.377;1384.396;3015.236;2.294;3.125;13.871;42.383;0.000;0.000;1.000;0.000;0.000;8.497;1292.568;
02.05.2026 07:15:00;2904.436;1260.626;1258.288;3012.819;2.294;3.124;13.879;52.823;0.000;0.000;1.000;0.000;0.000;11.999;1272.624;
02.05.2026 07:30:00;2904.481;1258.749;1321.726;3014.716;2.294;3.123;13.809;61.694;0.000;0.000;1.000;0.000;0.000;15.750;1274.363;
02.05.2026 07:45:00;2904.566;1265.499;1344.089;3014.451;2.294;3.122;13.477;71.760;0.000;0.000;1.000;0.000;0.000;21.750;1287.249;
02.05.2026 08:00:00;2904.450;1297.890;1401.579;3014.284;2.293;3.124;13.720;77.271;0.000;0.000;1.000;0.000;0.000;32.757;1330.837;
02.05.2026 08:15:00;2904.463;1346.109;1317.764;2999.983;2.293;3.123;14.177;89.108;0.000;0.000;1.000;0.000;0.000;50.000;1395.957;
02.05.2026 08:30:00;2904.602;1337.507;1388.695;3014.244;2.294;3.122;14.194;98.802;0.000;0.000;1.000;0.000;0.000;70.750;1408.342;
02.05.2026 08:45:00;2904.369;1317.510;1303.304;3013.670;2.293;3.122;14.702;108.862;0.000;0.000;1.000;0.000;0.000;95.850;1413.624;
02.05.2026 09:00:00;2904.421;1295.330;1196.840;2919.003;2.294;3.124;15.718;588.091;0.000;0.000;1.000;0.000;0.000;125.762;1421.124;
02.05.2026 09:15:00;1504.249;1296.315;1067.142;1429.241;2.322;3.203;19.770;712.047;0.000;0.000;1.000;0.000;0.000;159.735;1455.999;
02.05.2026 09:30:00;1504.186;1242.853;1068.668;1484.177;2.336;3.197;22.420;702.671;0.000;0.000;1.000;0.000;0.000;194.658;1437.624;
02.05.2026 09:45:00;1302.749;1182.384;1077.043;1277.728;2.344;3.206;23.950;805.651;0.000;0.000;1.000;0.000;0.000;231.750;1414.384;
02.05.2026 10:00:00;1302.928;1119.162;945.140;1289.004;2.348;3.203;25.595;816.926;0.000;0.000;1.000;0.000;0.000;270.760;1390.001;
02.05.2026 10:15:00;1102.515;1046.737;992.075;1133.378;2.352;3.212;26.467;877.671;0.000;0.000;1.000;0.000;0.000;306.266;1353.029;
02.05.2026 10:30:00;1102.499;1005.139;725.547;1036.200;2.356;3.214;27.599;945.009;0.000;0.000;1.000;0.000;0.000;335.750;1340.791;
02.05.2026 10:45:00;1002.249;919.283;723.135;903.980;2.362;3.219;29.017;1085.653;0.000;0.000;1.000;0.000;0.000;350.250;1269.540;
02.05.2026 11:00:00;1002.249;890.624;588.304;842.054;2.363;3.214;30.100;1285.511;0.000;0.000;1.000;0.000;0.000;352.750;1243.374;
02.05.2026 11:15:00;803.249;733.223;652.542;808.505;2.368;3.204;30.819;1447.365;0.000;0.000;1.000;0.000;0.000;360.102;1093.376;
02.05.2026 11:30:00;803.233;695.534;577.068;819.931;2.370;3.203;31.053;1237.563;0.000;0.000;1.000;0.000;0.000;383.241;1078.749;
02.05.2026 11:45:00;803.249;685.001;520.747;770.049;2.372;3.200;31.492;1158.703;0.000;0.000;1.000;0.000;0.000;402.750;1087.751;
02.05.2026 12:00:00;803.249;706.845;485.547;700.528;2.375;3.203;32.021;1076.289;0.000;0.000;1.000;0.000;0.000;422.718;1129.749;
02.05.2026 12:15:00;803.248;766.020;516.297;675.938;2.378;3.203;33.682;1064.512;0.000;0.000;1.000;0.000;0.000;440.750;1206.827;
02.05.2026 12:30:00;803.216;695.377;334.969;621.029;2.380;3.199;34.229;912.978;0.000;0.000;1.000;0.000;0.000;456.500;1151.876;
02.05.2026 12:45:00;803.174;636.713;402.258;627.853;2.384;3.197;34.034;811.703;0.000;0.000;1.000;0.000;0.000;471.175;1107.774;
02.05.2026 13:00:00;803.246;623.217;331.338;534.029;2.388;3.196;34.414;773.549;0.000;0.000;1.000;0.000;0.000;482.250;1105.349;
02.05.2026 13:15:00;803.238;617.486;626.166;871.945;2.387;3.184;34.237;828.003;0.000;0.000;1.000;0.000;0.000;492.000;1109.776;
02.05.2026 13:30:00;803.249;557.990;446.491;771.501;2.386;3.183;33.991;1447.761;0.000;0.000;1.000;0.000;0.000;500.500;1058.497;
02.05.2026 13:45:00;803.249;485.282;304.200;746.350;2.387;3.180;34.261;1447.753;0.000;0.000;1.000;0.000;0.000;509.023;994.374;
02.05.2026 14:00:00;803.249;453.653;330.804;677.134;2.389;3.179;34.320;1447.761;0.000;0.000;1.000;0.000;0.000;516.716;970.374;
02.05.2026 14:15:00;803.249;385.168;321.643;784.473;2.387;3.175;33.957;1447.764;0.000;0.000;1.000;0.000;0.000;522.731;908.124;
02.05.2026 14:30:00;803.249;335.892;389.872;888.737;2.386;3.171;33.624;1447.725;0.000;0.000;1.000;0.000;0.000;524.739;860.499;
02.05.2026 14:45:00;803.247;305.591;400.102;975.109;2.384;3.167;32.772;1102.073;0.000;0.000;1.000;0.000;0.000;516.486;822.235;
02.05.2026 15:00:00;803.249;297.863;470.400;1017.527;2.383;3.166;32.265;928.042;0.000;0.000;1.000;0.000;0.000;500.500;798.341;
02.05.2026 15:15:00;803.248;287.371;317.625;960.687;2.384;3.166;31.952;977.633;0.000;0.000;1.000;0.000;0.000;479.750;767.124;
02.05.2026 15:30:00;803.249;282.110;351.558;906.405;2.385;3.167;31.859;880.800;0.000;0.000;1.000;0.000;0.000;460.263;742.591;
02.05.2026 15:45:00;803.247;273.600;448.798;1048.859;2.384;3.159;30.797;834.872;0.000;0.000;1.000;0.000;0.000;442.000;715.708;
02.05.2026 16:00:00;803.249;299.122;424.343;1018.294;2.382;3.159;30.121;988.762;0.000;0.000;1.000;0.000;0.000;423.935;723.251;
02.05.2026 16:15:00;803.159;404.701;519.185;1031.330;2.385;3.162;30.081;1173.711;0.000;0.000;1.000;0.000;0.000;407.750;812.600;
02.05.2026 16:30:00;803.249;473.751;625.862;1032.823;2.387;3.160;29.776;1163.875;0.000;0.000;1.000;0.000;0.000;390.500;864.251;
02.05.2026 16:45:00;803.249;534.679;897.849;1284.689;2.387;3.156;29.261;466.908;0.000;0.000;1.000;0.000;0.000;373.370;908.124;
02.05.2026 17:00:00;1504.249;598.322;852.778;1915.806;2.372;3.122;28.781;796.497;0.000;0.000;1.000;0.000;0.000;354.000;952.363;
02.05.2026 17:15:00;2904.477;721.506;1180.079;2858.569;2.352;3.129;27.630;156.428;0.000;0.000;1.000;0.000;0.000;333.250;1054.752;
02.05.2026 17:30:00;2904.716;821.193;1184.310;3022.360;2.314;3.153;27.243;285.409;0.000;0.000;1.000;0.000;0.000;312.385;1133.546;
02.05.2026 17:45:00;2904.600;911.682;1237.721;3021.962;2.303;3.150;26.995;158.074;0.000;0.000;1.000;0.000;0.000;282.000;1193.574;
02.05.2026 18:00:00;2904.507;1019.993;1306.145;3020.317;2.301;3.142;26.961;369.868;0.000;0.000;1.000;0.000;0.000;237.519;1257.342;
02.05.2026 18:15:00;2904.628;1089.249;1382.345;3018.658;2.301;3.140;25.955;102.027;0.000;0.000;1.000;0.000;0.000;192.750;1281.999;
02.05.2026 18:30:00;2904.466;1173.249;1447.510;3017.257;2.302;3.139;24.806;105.440;0.000;0.000;1.000;0.000;0.000;163.500;1336.749;
02.05.2026 18:45:00;2904.527;1240.887;1402.998;3016.237;2.302;3.137;24.398;148.130;0.000;0.000;1.000;0.000;0.000;134.445;1375.373;
02.05.2026 19:00:00;2904.571;1303.188;1359.102;2984.151;2.303;3.139;24.726;230.492;0.000;0.000;1.000;0.000;0.000;108.499;1411.732;
02.05.2026 19:15:00;2904.308;1341.176;1472.842;3012.196;2.303;3.141;25.202;126.124;0.000;0.000;1.000;0.000;0.000;84.737;1426.374;
02.05.2026 19:30:00;2904.487;1371.624;1444.763;3013.851;2.302;3.142;24.768;93.361;0.000;0.000;1.000;0.000;0.000;62.250;1433.874;
02.05.2026 19:45:00;2904.494;1386.999;1484.075;3015.076;2.301;3.139;23.787;59.629;0.000;0.000;1.000;0.000;0.000;45.000;1431.999;
02.05.2026 20:00:00;2904.322;1394.358;1447.669;3015.510;2.301;3.138;22.738;37.695;0.000;0.000;1.000;0.000;0.000;31.905;1426.239;
02.05.2026 20:15:00;2904.440;1448.329;1607.548;3015.150;2.301;3.137;21.688;24.638;0.000;0.000;1.000;0.000;0.000;23.000;1471.013;
02.05.2026 20:30:00;2904.219;1466.349;1606.812;3016.194;2.300;3.139;21.337;9.787;0.000;0.000;1.000;0.000;0.000;17.007;1483.263;
02.05.2026 20:45:00;2904.316;1491.874;1621.290;3016.747;2.300;3.137;21.394;1.614;0.000;0.000;1.000;0.000;0.000;13.250;1505.124;
02.05.2026 21:00:00;2904.460;1490.999;1571.386;3015.907;2.299;3.135;20.982;0.455;0.000;0.000;1.000;0.000;0.000;10.750;1501.749;
02.05.2026 21:15:00;2904.507;1606.873;1713.120;3015.188;2.300;3.137;21.030;0.450;0.000;0.000;1.000;0.000;0.000;7.237;1614.392;
02.05.2026 21:30:00;2904.510;1650.749;1720.402;3015.585;2.300;3.137;20.283;0.450;0.000;0.000;1.000;0.000;0.000;4.750;1655.499;
02.05.2026 21:45:00;2904.522;1605.011;1547.536;2907.233;2.300;3.137;19.880;0.450;0.000;0.000;1.000;0.000;0.000;4.750;1609.819;
02.05.2026 22:00:00;2904.555;1533.386;1529.414;3003.175;2.300;3.135;19.048;0.450;0.000;0.000;1.000;0.000;0.000;4.676;1538.128;
02.05.2026 22:15:00;2904.504;1516.874;1565.982;3014.543;2.299;3.136;18.752;0.482;0.000;0.000;1.000;0.000;0.000;4.750;1521.624;
02.05.2026 22:30:00;2904.459;1505.999;1488.537;2977.589;2.299;3.136;19.309;0.405;0.000;0.000;1.000;0.000;0.000;4.750;1510.749;
02.05.2026 22:45:00;2904.466;1580.999;1687.306;3014.506;2.299;3.133;18.668;0.450;0.000;0.000;1.000;0.000;0.000;4.750;1585.749;
02.05.2026 23:00:00;2904.499;1610.785;1602.231;2970.945;2.300;3.132;18.200;0.435;0.000;0.000;1.000;0.000;0.000;4.750;1615.838;
02.05.2026 23:15:00;2904.552;1632.374;1677.319;3014.564;2.300;3.129;17.864;0.450;0.000;0.000;1.000;0.000;0.000;4.750;1637.124;
02.05.2026 23:30:00;2904.471;1594.126;1596.851;2942.474;2.299;3.133;17.608;0.450;0.000;0.000;1.000;0.000;0.000;4.750;1598.876;
02.05.2026 23:45:00;2904.462;1507.874;1490.122;2984.909;2.300;3.135;17.307;0.450;0.000;0.000;1.000;0.000;0.000;4.750;1512.714;
03.05.2026 00:00:00;2904.582;1438.156;1562.321;3014.207;2.299;3.130;17.201;0.448;0.000;0.000;1.000;0.000;0.000;4.741;1442.874;
03.05.2026 00:15:00;2904.306;1430.999;1544.821;3015.611;2.298;3.130;17.264;0.450;0.000;0.000;1.000;0.000;0.000;4.750;1435.749;
03.05.2026 00:30:00;2904.517;1496.957;1750.307;3014.590;2.298;3.129;17.064;0.450;0.000;0.000;1.000;0.000;0.000;4.749;1501.737;
03.05.2026 00:45:00;2904.388;1513.499;1703.908;3015.328;2.297;3.129;17.568;0.450;0.000;0.000;1.000;0.000;0.000;4.750;1518.249;
03.05.2026 01:00:00;2904.516;1438.126;1478.142;3013.745;2.296;3.128;17.301;0.450;0.000;0.000;1.000;0.000;0.000;4.750;1442.876;
03.05.2026 01:15:00;2904.441;1346.624;1286.591;2924.641;2.297;3.129;16.833;0.450;0.000;0.000;1.000;0.000;0.000;4.750;1351.374;
03.05.2026 01:30:00;2904.493;1246.779;1249.247;2927.840;2.300;3.131;16.597;0.402;0.000;0.000;1.000;0.000;0.000;4.749;1251.423;
03.05.2026 01:45:00;2904.459;1403.624;1735.738;3014.401;2.300;3.130;16.386;0.450;0.000;0.000;1.000;0.000;0.000;4.750;1407.964;
03.05.2026 02:00:00;2904.413;1451.249;1684.620;3014.465;2.299;3.131;15.994;0.417;0.000;0.000;1.000;0.000;0.000;4.750;1455.999;
03.05.2026 02:15:00;2904.617;1447.501;1532.486;3014.124;2.298;3.131;15.715;0.450;0.000;0.000;1.000;0.000;0.000;4.750;1452.420;
03.05.2026 02:30:00;2904.374;1321.995;1313.648;2974.994;2.298;3.129;16.019;0.417;0.000;0.000;1.000;0.000;0.000;4.750;1326.686;
03.05.2026 02:45:00;2904.413;1231.501;1161.466;2913.085;2.299;3.132;15.723;0.506;0.000;0.000;1.000;0.000;0.000;4.750;1236.251;
03.05.2026 03:00:00;2904.592;1101.374;1069.668;2974.782;2.300;3.130;15.442;0.450;0.000;0.000;1.000;0.000;0.000;4.750;1106.124;
03.05.2026 03:15:00;2904.485;1125.002;1106.371;2951.102;2.301;3.126;15.536;0.434;0.000;0.000;1.000;0.000;0.000;4.750;1129.751;
03.05.2026 03:30:00;2904.286;1174.499;1127.872;2952.483;2.301;3.125;15.250;0.445;0.000;0.000;1.000;0.000;0.000;4.750;1179.249;
03.05.2026 03:45:00;2904.473;1493.151;1795.139;3013.089;2.301;3.128;15.097;0.450;0.000;0.000;1.000;0.000;0.000;4.750;1497.977;
03.05.2026 04:00:00;2904.476;1588.482;1653.662;3013.274;2.299;3.129;14.998;0.450;0.000;0.000;1.000;0.000;0.000;4.659;1593.245;
03.05.2026 04:15:00;2904.417;1462.940;1442.108;2951.424;2.299;3.132;15.041;0.450;0.000;0.000;1.000;0.000;0.000;4.750;1467.673;
03.05.2026 04:30:00;2904.410;1395.500;1361.844;2972.956;2.300;3.128;14.962;0.450;0.000;0.000;1.000;0.000;0.000;4.750;1400.494;
03.05.2026 04:45:00;2904.524;1355.999;1224.854;2869.834;2.303;3.130;14.988;0.449;0.000;0.000;1.000;0.000;0.000;4.750;1360.749;
03.05.2026 05:00:00;2904.264;1269.749;1135.192;2821.281;2.305;3.129;14.883;0.398;0.000;0.000;1.000;0.000;0.000;4.750;1274.499;
03.05.2026 05:15:00;2904.543;1218.374;1063.883;2840.010;2.306;3.126;14.790;0.451;0.000;0.000;1.000;0.000;0.000;4.750;1223.124;
03.05.2026 05:30:00;2904.279;1190.934;1133.256;2866.207;2.305;3.123;14.766;0.449;0.000;0.000;1.000;0.000;0.000;4.750;1195.499;
03.05.2026 05:45:00;2904.587;1311.875;1260.133;2945.764;2.305;3.126;14.680;0.442;0.000;0.000;1.000;0.000;0.000;4.750;1316.616;
03.05.2026 06:00:00;2904.487;1361.251;1304.094;2946.432;2.303;3.128;14.368;1.775;0.000;0.000;1.000;0.000;0.000;4.750;1366.001;
03.05.2026 06:15:00;2904.216;1395.708;1215.441;2773.796;2.305;3.131;14.224;4.755;0.000;0.000;1.000;0.000;0.000;4.750;1400.426;
03.05.2026 06:30:00;2904.319;1427.249;1159.197;2680.160;2.309;3.128;14.393;16.252;0.000;0.000;1.000;0.000;0.000;4.750;1431.999;
03.05.2026 06:45:00;2904.445;1438.124;1177.376;2780.511;2.312;3.123;14.488;48.948;0.000;0.000;1.000;0.000;0.000;4.750;1442.874;
03.05.2026 07:00:00;2904.607;1473.389;1202.883;2700.308;2.314;3.123;14.463;70.345;0.000;0.000;1.000;0.000;0.000;9.750;1483.140;
03.05.2026 07:15:00;2904.390;1402.874;1040.505;2627.789;2.314;3.133;14.802;74.130;0.000;0.000;1.000;0.000;0.000;14.500;1417.374;
03.05.2026 07:30:00;2904.501;1396.624;1004.128;2573.533;2.316;3.131;14.519;92.785;0.000;0.000;1.000;0.000;0.000;17.000;1413.624;
03.05.2026 07:45:00;2904.286;1398.440;1030.479;2565.485;2.318;3.124;14.480;107.418;0.000;0.000;1.000;0.000;0.000;20.765;1419.249;
03.05.2026 08:00:00;2904.522;1515.138;1095.689;2482.541;2.322;3.118;14.812;138.618;0.000;0.000;1.000;0.000;0.000;25.498;1541.013;
03.05.2026 08:15:00;2904.672;1556.378;1108.840;2514.376;2.324;3.113;15.305;164.967;0.000;0.000;1.000;0.000;0.000;33.085;1589.499;
03.05.2026 08:30:00;2904.325;1425.882;1095.609;2709.911;2.319;3.117;15.692;205.718;0.000;0.000;1.000;0.000;0.000;44.978;1470.668;
03.05.2026 08:45:00;2904.591;1560.135;1122.637;2528.113;2.323;3.122;16.426;232.464;0.000;0.000;1.000;0.000;0.000;57.250;1617.385;
03.05.2026 09:00:00;2904.402;1416.993;1053.753;2593.545;2.319;3.119;17.382;419.121;0.000;0.000;1.000;0.000;0.000;72.000;1488.998;
03.05.2026 09:15:00;1573.748;1469.390;943.966;1107.835;2.343;3.196;19.056;445.261;0.000;0.000;1.000;0.000;0.000;86.864;1556.501;
03.05.2026 09:30:00;1506.473;1403.875;1034.050;1197.630;2.353;3.193;20.417;457.990;0.000;0.000;1.000;0.000;0.000;105.000;1508.874;
03.05.2026 09:45:00;1484.499;1383.661;813.597;952.495;2.361;3.209;22.674;869.081;0.000;0.000;1.000;0.000;0.000;123.250;1506.975;
03.05.2026 10:00:00;1357.751;1256.867;698.930;832.713;2.366;3.211;24.733;833.766;0.000;0.000;1.000;0.000;0.000;140.377;1397.127;
03.05.2026 10:15:00;1322.230;1220.245;522.531;667.125;2.375;3.201;26.902;950.708;0.000;0.000;1.000;0.000;0.000;158.500;1378.749;
03.05.2026 10:30:00;1205.014;1104.996;779.265;908.147;2.378;3.196;27.383;727.081;0.000;0.000;1.000;0.000;0.000;177.000;1281.926;
03.05.2026 10:45:00;1123.178;1023.478;753.554;949.219;2.375;3.188;26.937;698.793;0.000;0.000;1.000;0.000;0.000;194.363;1217.874;
03.05.2026 11:00:00;1047.490;944.066;764.085;1004.909;2.376;3.179;26.513;700.192;0.000;0.000;1.000;0.000;0.000;213.386;1157.584;
03.05.2026 11:15:00;968.893;865.279;748.987;932.856;2.380;3.185;27.942;1055.054;0.000;0.000;1.000;0.000;0.000;231.750;1097.153;
03.05.2026 11:30:00;974.249;870.497;784.266;947.568;2.378;3.176;27.381;790.507;0.000;0.000;1.000;0.000;0.000;250.250;1120.749;
03.05.2026 11:45:00;954.749;851.406;696.333;803.509;2.380;3.182;27.348;893.407;0.000;0.000;1.000;0.000;0.000;269.347;1120.749;
03.05.2026 12:00:00;810.499;707.625;628.431;730.776;2.385;3.186;28.355;939.319;0.000;0.000;1.000;0.000;0.000;290.500;998.124;
03.05.2026 12:15:00;516.249;412.583;730.308;884.950;2.388;3.183;29.115;673.860;0.000;0.000;1.000;0.000;0.000;313.804;726.956;
03.05.2026 12:30:00;487.280;384.000;580.439;773.630;2.387;3.183;29.261;761.522;0.000;0.000;1.000;0.000;0.000;343.000;726.999;
03.05.2026 12:45:00;459.000;355.758;414.278;558.283;2.391;3.200;30.792;881.200;0.000;0.000;1.000;0.000;0.000;371.228;727.001;
03.05.2026 13:00:00;437.840;334.002;222.962;521.194;2.393;3.199;28.529;723.490;0.000;0.000;1.000;0.000;0.000;393.000;727.081;
03.05.2026 13:15:00;429.752;327.875;437.927;799.919;2.393;3.205;27.587;495.286;0.000;0.000;1.000;0.000;0.000;399.218;726.999;
03.05.2026 13:30:00;442.996;338.725;787.547;860.858;2.390;3.199;26.606;812.077;0.000;0.000;1.000;0.000;0.000;388.250;726.994;
03.05.2026 13:45:00;471.248;368.250;56.649;282.240;2.392;3.220;27.430;1407.603;0.000;0.000;1.000;0.000;0.000;358.750;726.849;
03.05.2026 14:00:00;504.250;400.001;227.083;398.554;2.394;3.215;28.074;1255.736;0.000;0.000;1.000;0.000;0.000;327.000;727.001;
03.05.2026 14:15:00;533.615;430.500;77.820;331.741;2.395;3.219;28.005;1381.270;0.000;0.000;1.000;0.000;0.000;296.500;727.065;
03.05.2026 14:30:00;557.749;453.691;388.336;629.173;2.393;3.219;28.118;746.124;0.000;0.000;1.000;0.000;0.000;273.038;726.999;
03.05.2026 14:45:00;578.803;475.501;239.687;401.351;2.390;3.220;27.995;657.209;0.000;0.000;1.000;0.000;0.000;251.500;727.001;
03.05.2026 15:00:00;599.418;496.251;257.999;564.944;2.391;3.217;27.591;680.721;0.000;0.000;1.000;0.000;0.000;230.750;727.001;
03.05.2026 15:15:00;612.749;509.751;510.904;730.469;2.386;3.208;26.396;518.055;0.000;0.000;1.000;0.000;0.000;217.250;727.001;
03.05.2026 15:30:00;615.249;512.251;625.478;737.374;2.383;3.199;26.240;568.402;0.000;0.000;1.000;0.000;0.000;214.750;727.001;
03.05.2026 15:45:00;699.499;597.166;937.199;1137.021;2.377;3.184;25.203;397.072;0.000;0.000;1.000;0.000;0.000;214.750;812.090;
03.05.2026 16:00:00;657.999;556.124;906.769;1069.666;2.376;3.184;24.789;390.772;0.000;0.000;1.000;0.000;0.000;214.750;770.874;
03.05.2026 16:15:00;797.233;694.628;1006.583;1119.850;2.375;3.174;24.485;247.974;0.000;0.000;1.000;0.000;0.000;206.188;900.952;
03.05.2026 16:30:00;893.749;791.749;1186.314;1300.619;2.373;3.164;24.119;196.791;0.000;0.000;1.000;0.000;0.000;188.000;979.749;
03.05.2026 16:45:00;955.999;853.074;1181.864;1324.692;2.373;3.158;23.986;177.309;0.000;0.000;1.000;0.000;0.000;167.250;1020.211;
03.05.2026 17:00:00;951.001;848.445;996.717;1204.967;2.373;3.159;24.096;415.452;0.000;0.000;1.000;0.000;0.000;140.263;988.749;
03.05.2026 17:15:00;2904.340;936.249;1189.302;2492.380;2.357;3.115;24.469;345.148;0.000;0.000;1.000;0.000;0.000;111.000;1047.249;
03.05.2026 17:30:00;2904.120;952.430;1246.223;3022.265;2.316;3.148;23.856;276.094;0.000;0.000;1.000;0.000;0.000;82.200;1034.499;
03.05.2026 17:45:00;2904.498;936.650;1355.083;3021.511;2.301;3.144;23.271;240.223;0.000;0.000;1.000;0.000;0.000;56.000;992.538;
03.05.2026 18:00:00;2904.423;1059.704;1480.805;3020.040;2.299;3.138;22.909;183.027;0.000;0.000;1.000;0.000;0.000;38.979;1098.624;
03.05.2026 18:15:00;2904.540;1307.044;1463.396;3018.650;2.297;3.131;22.711;158.240;0.000;0.000;1.000;0.000;0.000;29.343;1336.619;
03.05.2026 18:30:00;2904.384;1375.290;1455.498;3017.671;2.298;3.129;22.369;135.852;0.000;0.000;1.000;0.000;0.000;25.502;1400.716;
03.05.2026 18:45:00;2904.303;1354.463;1561.337;3016.695;2.298;3.129;22.198;123.005;0.000;0.000;1.000;0.000;0.000;24.250;1378.661;
03.05.2026 19:00:00;2904.562;1394.374;1452.901;3015.731;2.297;3.129;21.866;123.071;0.000;0.000;1.000;0.000;0.000;23.000;1417.374;
03.05.2026 19:15:00;2904.690;1455.128;1500.766;3012.184;2.297;3.129;21.141;119.304;0.000;0.000;1.000;0.000;0.000;21.750;1477.326;
03.05.2026 19:30:00;2904.583;1487.502;1517.549;3014.402;2.298;3.128;20.742;80.212;0.000;0.000;1.000;0.000;0.000;19.499;1506.999;
03.05.2026 19:45:00;2904.396;1482.872;1558.451;3015.056;2.297;3.129;20.183;53.223;0.000;0.000;1.000;0.000;0.000;17.000;1499.874;
03.05.2026 20:00:00;2904.363;1514.690;1496.501;2977.838;2.299;3.133;19.645;38.934;0.000;0.000;1.000;0.000;0.000;14.500;1529.224;
03.05.2026 20:15:00;2904.551;1478.397;1529.063;3011.615;2.297;3.129;19.548;27.757;0.000;0.000;1.000;0.000;0.000;12.029;1490.499;
03.05.2026 20:30:00;2904.646;1512.749;1462.095;2922.497;2.301;3.128;19.014;8.699;0.000;0.000;1.000;0.000;0.000;10.750;1523.499;
03.05.2026 20:45:00;2904.437;1473.522;1403.723;2937.203;2.301;3.125;18.654;1.687;0.000;0.000;1.000;0.000;0.000;9.750;1483.351;
03.05.2026 21:00:00;2904.333;1378.384;1462.735;3013.322;2.299;3.125;18.708;0.450;0.000;0.000;1.000;0.000;0.000;9.750;1388.127;
03.05.2026 21:15:00;2903.989;1595.626;1614.472;3014.121;2.299;3.131;18.231;0.424;0.000;0.000;1.000;0.000;0.000;4.750;1600.376;
03.05.2026 21:30:00;2904.563;1557.231;1551.162;3013.662;2.297;3.131;17.757;0.450;0.000;0.000;1.000;0.000;0.000;4.750;1562.080;
03.05.2026 21:45:00;2904.617;1518.749;1538.595;2984.483;2.296;3.130;17.604;0.450;0.000;0.000;1.000;0.000;0.000;4.750;1523.499;
03.05.2026 22:00:00;2904.554;1439.999;1534.562;3014.035;2.296;3.128;17.397;0.450;0.000;0.000;1.000;0.000;0.000;4.750;1444.749;
03.05.2026 22:15:00;2904.167;1427.249;1597.017;3014.785;2.296;3.125;17.103;0.449;0.000;0.000;1.000;0.000;0.000;4.750;1431.999;
03.05.2026 22:30:00;2904.284;1395.696;1424.892;2965.444;2.296;3.126;16.684;0.429;0.000;0.000;1.000;0.000;0.000;4.750;1400.754;
03.05.2026 22:45:00;2904.206;1361.249;1598.044;3015.140;2.295;3.123;16.541;0.425;0.000;0.000;1.000;0.000;0.000;4.750;1365.999;
03.05.2026 23:00:00;2904.183;1421.624;1502.922;3014.677;2.295;3.121;16.442;0.450;0.000;0.000;1.000;0.000;0.000;4.750;1426.374;
03.05.2026 23:15:00;2904.516;1468.658;1584.493;3014.426;2.296;3.123;16.428;0.452;0.000;0.000;1.000;0.000;0.000;4.750;1473.547;
03.05.2026 23:30:00;2904.215;1427.249;1507.743;3016.043;2.296;3.126;16.234;0.450;0.000;0.000;1.000;0.000;0.000;4.750;1431.999;
03.05.2026 23:45:00;2904.491;1339.495;1389.837;3015.500;2.295;3.126;15.998;0.450;0.000;0.000;1.000;0.000;0.000;4.750;1344.249;
04.05.2026 00:00:00;2904.403;1357.874;1556.758;3015.482;2.296;3.125;15.866;0.420;0.000;0.000;1.000;0.000;0.000;4.750;1362.624;
04.05.2026 00:15:00;2904.748;1403.623;1473.142;3015.414;2.296;3.123;15.622;0.450;0.000;0.000;1.000;0.000;0.000;4.751;1408.376;
04.05.2026 00:30:00;2904.748;1547.890;1764.329;3013.118;2.296;3.123;15.335;0.442;0.000;0.000;1.000;0.000;0.000;4.816;1552.722;
04.05.2026 00:45:00;2904.748;1602.656;1581.983;2943.993;2.297;3.123;15.222;0.443;0.000;0.000;1.000;0.000;0.000;4.752;1607.552;
04.05.2026 01:00:00;2904.748;1467.684;1355.733;2877.676;2.298;3.126;15.099;0.446;0.000;0.000;1.000;0.000;0.000;4.750;1472.485;
04.05.2026 01:15:00;2904.721;1280.491;1270.765;3003.610;2.297;3.123;15.013;0.446;0.000;0.000;1.000;0.000;0.000;4.750;1285.337;
04.05.2026 01:30:00;2904.748;1156.124;1159.640;2922.611;2.296;3.122;14.792;0.450;0.000;0.000;1.000;0.000;0.000;4.750;1160.874;
04.05.2026 01:45:00;2904.748;1292.802;1734.093;3013.145;2.297;3.122;14.533;0.450;0.000;0.000;1.000;0.000;0.000;4.875;1297.209;
04.05.2026 02:00:00;2904.748;1553.624;1631.647;3014.604;2.296;3.125;14.474;0.423;0.000;0.000;1.000;0.000;0.000;4.750;1558.374;
04.05.2026 02:15:00;2904.601;1476.749;1457.768;2957.458;2.295;3.127;14.451;0.445;0.000;0.000;1.000;0.000;0.000;4.750;1481.499;
04.05.2026 02:30:00;2904.748;1339.499;1290.047;2932.832;2.296;3.128;14.397;0.448;0.000;0.000;1.000;0.000;0.000;4.750;1344.249;
04.05.2026 02:45:00;2904.748;1205.624;1220.679;3014.197;2.295;3.122;14.100;0.420;0.000;0.000;1.000;0.000;0.000;4.750;1210.374;
04.05.2026 03:00:00;2904.748;1139.612;1122.740;2962.412;2.295;3.125;14.167;0.433;0.000;0.000;1.000;0.000;0.000;4.753;1144.374;
04.05.2026 03:15:00;2904.748;1189.124;1141.081;2924.661;2.297;3.126;14.196;0.428;0.000;0.000;1.000;0.000;0.000;4.750;1193.874;
04.05.2026 03:30:00;2904.727;1251.374;1169.396;2924.605;2.299;3.123;14.264;0.446;0.000;0.000;1.000;0.000;0.000;4.750;1256.124;
04.05.2026 03:45:00;2904.716;1504.126;1746.662;3012.838;2.299;3.123;14.131;0.429;0.000;0.000;1.000;0.000;0.000;4.750;1508.876;
04.05.2026 04:00:00;2904.748;1797.429;1677.963;2828.765;2.299;3.125;14.316;0.447;0.000;0.000;1.000;0.000;0.000;4.751;1802.207;
04.05.2026 04:15:00;2904.748;1703.999;1600.441;2860.562;2.302;3.122;14.173;0.449;0.000;0.000;1.000;0.000;0.000;4.750;1708.749;
04.05.2026 04:30:00;2904.748;1592.690;1347.881;2730.844;2.304;3.125;14.066;0.450;0.000;0.000;1.000;0.000;0.000;4.750;1597.529;
04.05.2026 04:45:00;2904.748;1495.124;1263.900;2701.113;2.306;3.122;14.081;0.450;0.000;0.000;1.000;0.000;0.000;4.750;1499.874;
04.05.2026 05:00:00;2904.748;1436.626;1293.973;2834.413;2.304;3.119;14.036;0.449;0.000;0.000;1.000;0.000;0.000;4.750;1441.376;
04.05.2026 05:15:00;2904.748;1350.374;1211.617;2822.182;2.302;3.122;13.838;0.441;0.000;0.000;1.000;0.000;0.000;4.785;1355.124;
04.05.2026 05:30:00;2904.748;1322.999;1233.152;2883.318;2.302;3.118;13.644;0.425;0.000;0.000;1.000;0.000;0.000;4.750;1327.749;
04.05.2026 05:45:00;2904.748;1339.494;1354.498;2986.905;2.302;3.115;13.427;0.356;0.000;0.000;1.000;0.000;0.000;4.750;1344.249;
04.05.2026 06:00:00;2904.623;1385.243;1576.276;3013.513;2.297;3.124;13.224;1.023;0.000;0.000;1.000;0.000;0.000;4.750;1389.998;
04.05.2026 06:15:00;2904.748;1447.402;1595.071;3013.821;2.296;3.124;13.081;4.367;0.000;0.000;1.000;0.000;0.000;4.750;1452.030;
04.05.2026 06:30:00;2904.716;1484.249;1562.446;3014.990;2.294;3.122;13.222;13.418;0.000;0.000;1.000;0.000;0.000;4.750;1488.999;
04.05.2026 06:45:00;2904.747;1527.592;1748.294;3014.425;2.295;3.122;13.247;27.856;0.000;0.000;1.000;0.000;0.000;4.750;1532.412;
04.05.2026 07:00:00;2904.748;1553.582;1756.301;3013.385;2.294;3.121;13.504;54.887;0.000;0.000;1.000;0.000;0.000;8.512;1562.124;
04.05.2026 07:15:00;2904.546;1546.370;1629.017;3014.619;2.294;3.120;13.806;75.617;0.000;0.000;1.000;0.000;0.000;12.193;1558.374;
04.05.2026 07:30:00;2904.748;1545.760;1682.541;3015.535;2.295;3.119;13.922;96.733;0.000;0.000;1.000;0.000;0.000;14.623;1560.249;
04.05.2026 07:45:00;2904.743;1551.935;1591.915;3015.498;2.294;3.117;13.934;116.562;0.000;0.000;1.000;0.000;0.000;20.923;1573.001;
04.05.2026 08:00:00;2904.748;1574.121;1761.277;3015.080;2.294;3.114;14.380;127.014;0.000;0.000;1.000;0.000;0.000;31.497;1605.831;
04.05.2026 08:15:00;2804.498;1565.040;1887.479;3015.243;2.294;3.115;14.497;138.275;0.000;0.000;1.000;0.000;0.000;46.250;1611.530;
04.05.2026 08:30:00;2804.495;1560.248;1813.787;3015.406;2.294;3.115;14.867;182.189;0.000;0.000;1.000;0.000;0.000;62.250;1622.499;
04.05.2026 08:45:00;2804.498;1553.538;1801.748;3014.516;2.294;3.113;15.395;227.681;0.000;0.000;1.000;0.000;0.000;81.741;1635.249;
04.05.2026 09:00:00;2804.498;1560.383;1806.818;3014.528;2.294;3.113;15.927;261.212;0.000;0.000;1.000;0.000;0.000;101.250;1661.714;
04.05.2026 09:15:00;2804.498;1556.617;1428.505;2857.247;2.298;3.108;17.150;591.112;0.000;0.000;1.000;0.000;0.000;120.893;1677.614;
04.05.2026 09:30:00;2804.373;1524.626;1628.607;3002.497;2.300;3.108;18.571;354.825;0.000;0.000;1.000;0.000;0.000;141.500;1665.534;
04.05.2026 09:45:00;2804.495;1524.260;1117.360;2735.661;2.303;3.102;19.297;935.540;0.000;0.000;1.000;0.000;0.000;158.501;1682.840;
04.05.2026 10:00:00;2804.498;1533.750;1172.471;2563.753;2.313;3.105;21.639;900.441;0.000;0.000;1.000;0.000;0.000;175.257;1708.749;
04.05.2026 10:15:00;2804.498;1475.205;1085.399;2651.209;2.318;3.100;24.424;923.359;0.000;0.000;1.000;0.000;0.000;191.500;1666.568;
04.05.2026 10:30:00;2804.498;1443.624;1166.041;2656.229;2.316;3.109;26.429;849.216;0.000;0.000;1.000;0.000;0.000;206.250;1649.874;
04.05.2026 10:45:00;2804.502;1383.254;1339.384;2926.965;2.304;3.122;26.386;537.141;0.000;0.000;1.000;0.000;0.000;219.781;1603.421;
04.05.2026 11:00:00;2804.468;1358.761;1072.965;2691.119;2.310;3.112;26.182;982.666;0.000;0.000;1.000;0.000;0.000;232.711;1591.376;
04.05.2026 11:15:00;2804.498;1388.749;1030.940;2636.146;2.319;3.099;26.858;1279.025;0.000;0.000;1.000;0.000;0.000;242.750;1631.499;
04.05.2026 11:30:00;2804.432;1438.427;1194.867;2879.684;2.318;3.107;27.774;1112.686;0.000;0.000;1.000;0.000;0.000;252.141;1690.374;
04.05.2026 11:45:00;2804.498;1444.950;1029.876;2619.160;2.325;3.109;28.795;1429.909;0.000;0.000;1.000;0.000;0.000;259.992;1704.978;
04.05.2026 12:00:00;2804.498;1396.923;861.306;2479.382;2.319;3.113;28.710;1343.785;0.000;0.000;1.000;0.000;0.000;264.750;1661.618;
04.05.2026 12:15:00;2804.498;1151.999;562.272;2440.721;2.317;3.103;25.969;1065.618;0.000;0.000;1.000;0.000;0.000;267.250;1419.249;
04.05.2026 12:30:00;2804.498;1065.513;221.992;2671.629;2.329;3.095;26.111;1149.972;0.000;0.000;1.000;0.000;0.000;265.995;1331.499;
04.05.2026 12:45:00;2804.498;1051.172;347.859;2719.524;2.320;3.108;26.451;990.663;0.000;0.000;1.000;0.000;0.000;261.250;1312.927;
04.05.2026 13:00:00;2804.498;1079.727;554.767;2942.085;2.313;3.115;26.174;1042.459;0.000;0.000;1.000;0.000;0.000;253.027;1332.999;
04.05.2026 13:15:00;2804.498;1117.377;408.779;2696.279;2.310;3.114;26.071;1150.566;0.000;0.000;1.000;0.000;0.000;245.250;1362.626;
04.05.2026 13:30:00;2804.498;1164.124;444.055;2779.742;2.310;3.111;26.235;1411.571;0.000;0.000;1.000;0.000;0.000;236.750;1400.874;
04.05.2026 13:45:00;2804.498;1179.725;410.956;2713.219;2.316;3.103;26.659;1447.761;0.000;0.000;1.000;0.000;0.000;228.603;1408.374;
04.05.2026 14:00:00;2804.498;1184.497;1113.489;3016.225;2.302;3.122;25.364;662.179;0.000;0.000;1.000;0.000;0.000;222.113;1406.499;
04.05.2026 14:15:00;2804.498;1147.499;897.430;3016.149;2.297;3.126;24.462;891.010;0.000;0.000;1.000;0.000;0.000;218.500;1365.999;
04.05.2026 14:30:00;2804.502;1094.496;1023.735;3016.120;2.295;3.123;24.112;663.621;0.000;0.000;1.000;0.000;0.000;216.000;1310.164;
04.05.2026 14:45:00;2804.498;1068.501;994.311;3016.557;2.288;3.120;23.794;644.148;0.000;0.000;1.000;0.000;0.000;213.500;1282.001;
04.05.2026 15:00:00;2804.498;1060.336;1076.463;3014.961;2.290;3.119;23.782;539.605;0.000;0.000;1.000;0.000;0.000;212.250;1272.615;
04.05.2026 15:15:00;2804.498;1020.043;1159.332;3015.220;2.291;3.116;23.075;418.232;0.000;0.000;1.000;0.000;0.000;211.000;1231.067;
04.05.2026 15:30:00;2804.498;1030.308;1307.014;3016.728;2.291;3.120;22.617;329.587;0.000;0.000;1.000;0.000;0.000;208.750;1239.329;
04.05.2026 15:45:00;2804.498;1051.749;1308.845;3015.345;2.291;3.120;22.040;345.287;0.000;0.000;1.000;0.000;0.000;206.250;1257.999;
04.05.2026 16:00:00;2804.498;1113.375;1221.825;3015.588;2.291;3.121;21.644;402.831;0.000;0.000;1.000;0.000;0.000;201.250;1314.707;
04.05.2026 16:15:00;2804.498;1222.124;1205.455;2899.983;2.299;3.110;21.638;375.853;0.000;0.000;1.000;0.000;0.000;195.250;1417.374;
04.05.2026 16:30:00;2804.498;1258.125;1338.020;3012.833;2.296;3.119;21.388;334.666;0.000;0.000;1.000;0.000;0.000;186.612;1444.969;
04.05.2026 16:45:00;2804.498;1274.040;1204.351;2916.498;2.300;3.115;21.398;454.258;0.000;0.000;1.000;0.000;0.000;177.645;1451.731;
04.05.2026 17:00:00;2804.498;1293.232;1363.357;2991.153;2.296;3.122;21.648;343.592;0.000;0.000;1.000;0.000;0.000;166.202;1459.226;
04.05.2026 17:15:00;2904.748;1226.439;1313.995;3014.981;2.295;3.119;21.810;390.060;0.000;0.000;1.000;0.000;0.000;153.750;1380.526;
04.05.2026 17:30:00;2904.748;1211.749;1447.764;3015.092;2.292;3.123;21.742;240.158;0.000;0.000;1.000;0.000;0.000;141.500;1353.249;
04.05.2026 17:45:00;2904.752;1232.405;1566.325;3014.765;2.292;3.124;21.604;161.795;0.000;0.000;1.000;0.000;0.000;126.543;1358.874;
04.05.2026 18:00:00;2904.748;1256.894;1608.430;3016.250;2.292;3.122;20.797;158.329;0.000;0.000;1.000;0.000;0.000;107.250;1364.130;
04.05.2026 18:15:00;2904.748;1310.050;1365.467;3015.852;2.292;3.118;20.427;287.615;0.000;0.000;1.000;0.000;0.000;88.985;1398.999;
04.05.2026 18:30:00;2904.748;1343.687;1510.861;3015.653;2.292;3.122;20.659;276.119;0.000;0.000;1.000;0.000;0.000;69.703;1413.624;
04.05.2026 18:45:00;2904.748;1421.023;1545.465;3014.349;2.292;3.122;20.228;279.764;0.000;0.000;1.000;0.000;0.000;54.776;1475.874;
04.05.2026 19:00:00;2904.748;1480.647;1423.870;3015.091;2.293;3.118;19.899;178.056;0.000;0.000;1.000;0.000;0.000;42.500;1523.177;
04.05.2026 19:15:00;2904.748;1541.001;1606.861;3014.217;2.293;3.116;19.412;162.212;0.000;0.000;1.000;0.000;0.000;33.964;1574.874;
04.05.2026 19:30:00;2904.752;1548.680;1554.110;2997.584;2.292;3.118;19.006;92.693;0.000;0.000;1.000;0.000;0.000;26.235;1574.874;
04.05.2026 19:45:00;2904.748;1588.619;1623.807;3010.982;2.292;3.114;18.494;57.039;0.000;0.000;1.000;0.000;0.000;20.996;1609.516;
04.05.2026 20:00:00;2904.748;1609.172;1669.508;3015.011;2.291;3.116;18.170;47.249;0.000;0.000;1.000;0.000;0.000;17.123;1626.249;
04.05.2026 20:15:00;2904.748;1654.528;1677.534;3016.154;2.291;3.120;17.897;30.750;0.000;0.000;1.000;0.000;0.000;14.655;1669.788;
04.05.2026 20:30:00;2904.748;1659.279;1708.628;3013.918;2.291;3.120;17.510;8.439;0.000;0.000;1.000;0.000;0.000;12.055;1670.965;
04.05.2026 20:45:00;2904.748;1666.547;1574.341;2981.880;2.294;3.117;17.299;3.174;0.000;0.000;1.000;0.000;0.000;10.804;1677.496;
04.05.2026 21:00:00;2904.748;1651.227;1629.485;2990.943;2.293;3.117;17.158;0.450;0.000;0.000;1.000;0.000;0.000;10.875;1661.944;
04.05.2026 21:15:00;2904.748;1723.324;1747.299;3014.003;2.293;3.116;16.754;0.450;0.000;0.000;1.000;0.000;0.000;7.250;1730.924;
04.05.2026 21:30:00;2904.752;1799.946;1702.547;2926.797;2.294;3.112;16.199;0.450;0.000;0.000;1.000;0.000;0.000;4.750;1804.970;
04.05.2026 21:45:00;2904.576;1740.216;1630.626;2937.956;2.294;3.113;16.181;0.450;0.000;0.000;1.000;0.000;0.000;4.798;1744.861;
04.05.2026 22:00:00;2904.748;1641.749;1567.928;2951.170;2.295;3.113;15.993;0.457;0.000;0.000;1.000;0.000;0.000;4.750;1646.499;
04.05.2026 22:15:00;2904.748;1592.419;1652.842;3014.082;2.293;3.113;15.996;0.450;0.000;0.000;1.000;0.000;0.000;4.750;1597.048;
04.05.2026 22:30:00;2904.748;1575.751;1600.117;3014.427;2.291;3.112;15.890;0.450;0.000;0.000;1.000;0.000;0.000;4.750;1580.501;
04.05.2026 22:45:00;2904.748;1639.874;1806.517;3013.971;2.291;3.118;15.620;0.450;0.000;0.000;1.000;0.000;0.000;4.750;1644.624;
04.05.2026 23:00:00;2904.748;1666.715;1662.526;3015.352;2.291;3.116;15.411;0.450;0.000;0.000;1.000;0.000;0.000;4.750;1671.583;
04.05.2026 23:15:00;2904.748;1648.864;1697.007;3015.538;2.291;3.117;15.226;0.405;0.000;0.000;1.000;0.000;0.000;4.753;1653.626;
04.05.2026 23:30:00;2904.748;1602.784;1648.270;3014.842;2.291;3.114;15.041;0.446;0.000;0.000;1.000;0.000;0.000;4.750;1607.271;
04.05.2026 23:45:00;2904.748;1522.423;1469.497;2986.205;2.291;3.112;14.921;0.450;0.000;0.000;1.000;0.000;0.000;4.750;1527.129;
05.05.2026 00:00:00;2904.748;1471.124;1535.312;3015.071;2.291;3.115;14.493;0.416;0.000;0.000;1.000;0.000;0.000;4.750;1475.874;
05.05.2026 00:15:00;2904.748;1403.624;1486.071;3015.363;2.290;3.112;14.552;0.410;0.000;0.000;1.000;0.000;0.000;4.750;1408.374;
05.05.2026 00:30:00;2904.748;1548.004;1763.683;3015.843;2.291;3.111;14.305;0.450;0.000;0.000;1.000;0.000;0.000;4.749;1552.749;
05.05.2026 00:45:00;2904.748;1602.444;1685.474;3015.968;2.290;3.113;14.197;0.417;0.000;0.000;1.000;0.000;0.000;4.749;1607.453;
05.05.2026 01:00:00;2904.748;1467.748;1460.377;2989.353;2.290;3.109;14.423;0.446;0.000;0.000;1.000;0.000;0.000;4.750;1472.499;
05.05.2026 01:15:00;2904.748;1280.626;1272.543;2992.639;2.290;3.110;14.719;0.449;0.000;0.000;1.000;0.000;0.000;4.750;1285.376;
05.05.2026 01:30:00;2904.748;1156.124;1161.664;3016.077;2.290;3.109;14.794;0.448;0.000;0.000;1.000;0.000;0.000;4.750;1160.874;
05.05.2026 01:45:00;2904.748;1292.508;1705.809;3014.295;2.293;3.108;14.690;0.424;0.000;0.000;1.000;0.000;0.000;4.750;1297.034;
05.05.2026 02:00:00;2904.748;1553.627;1675.861;3015.804;2.291;3.109;14.730;0.448;0.000;0.000;1.000;0.000;0.000;4.749;1558.374;
05.05.2026 02:15:00;2904.748;1476.749;1543.067;3014.514;2.291;3.108;14.710;0.452;0.000;0.000;1.000;0.000;0.000;4.750;1481.499;
05.05.2026 02:30:00;2904.748;1339.499;1348.501;3015.222;2.289;3.106;14.514;0.501;0.000;0.000;1.000;0.000;0.000;4.750;1344.249;
05.05.2026 02:45:00;2904.748;1205.626;1255.593;3016.244;2.290;3.116;14.587;0.447;0.000;0.000;1.000;0.000;0.000;4.750;1210.376;
05.05.2026 03:00:00;2904.748;1139.624;1223.652;3017.016;2.290;3.113;14.477;0.450;0.000;0.000;1.000;0.000;0.000;4.750;1144.374;
05.05.2026 03:15:00;2904.748;1189.124;1154.687;3015.964;2.290;3.113;14.338;0.450;0.000;0.000;1.000;0.000;0.000;4.750;1193.874;
05.05.2026 03:30:00;2904.748;1251.371;1178.610;2999.799;2.292;3.112;14.174;0.442;0.000;0.000;1.000;0.000;0.000;4.751;1256.124;
05.05.2026 03:45:00;2904.733;1504.126;1781.563;3015.361;2.295;3.110;13.886;0.448;0.000;0.000;1.000;0.000;0.000;4.750;1508.956;
05.05.2026 04:00:00;2904.748;1797.526;1732.420;2936.326;2.293;3.112;13.984;0.411;0.000;0.000;1.000;0.000;0.000;4.750;1802.168;
05.05.2026 04:15:00;2904.700;1703.999;1513.774;2877.565;2.296;3.108;13.831;0.446;0.000;0.000;1.000;0.000;0.000;4.750;1708.685;
05.05.2026 04:30:00;2904.445;1592.249;1414.895;2856.894;2.299;3.105;14.124;0.449;0.000;0.000;1.000;0.000;0.000;4.750;1596.999;
05.05.2026 04:45:00;2904.589;1495.126;1421.474;2917.694;2.301;3.100;14.258;0.450;0.000;0.000;1.000;0.000;0.000;4.750;1499.876;
05.05.2026 05:00:00;2904.584;1436.626;1263.235;2878.420;2.299;3.107;14.111;0.450;0.000;0.000;1.000;0.000;0.000;4.750;1441.376;
05.05.2026 05:15:00;2904.646;1350.374;1343.178;3010.742;2.271;3.111;13.879;0.405;0.000;0.000;0.000;1.000;0.000;4.750;1355.124;
05.05.2026 05:30:00;2904.575;1321.936;1342.722;3014.253;2.189;3.112;13.584;0.440;0.000;0.000;0.000;1.000;0.000;4.750;1326.328;
05.05.2026 05:45:00;2904.557;1339.565;1428.943;3013.570;2.123;3.124;13.148;0.450;0.000;0.000;0.000;0.000;1.000;4.731;1344.249;
05.05.2026 06:00:00;2904.562;1383.376;1472.525;3014.815;2.057;3.129;13.102;1.012;0.000;0.000;0.000;0.000;1.000;4.750;1388.126;
05.05.2026 06:15:00;2904.611;1445.614;1517.613;3014.716;1.993;3.127;13.116;3.348;0.000;0.000;0.000;0.000;1.000;4.750;1450.372;
05.05.2026 06:30:00;2904.725;1484.224;1522.251;3013.676;1.860;3.123;13.091;18.037;0.000;0.000;0.000;0.000;1.000;4.750;1488.702;
05.05.2026 06:45:00;2904.615;1526.249;1716.106;3012.856;1.634;3.128;13.249;14.079;0.000;0.000;0.000;0.000;1.000;4.750;1530.999;
05.05.2026 07:00:00;2904.403;1557.153;1653.595;3010.085;1.405;3.144;13.324;28.463;0.000;0.000;0.000;0.000;1.000;4.750;1561.862;
05.05.2026 07:15:00;2003.501;1551.962;1626.091;3009.515;1.238;3.147;13.684;42.300;0.000;0.000;0.000;0.000;1.000;4.750;1556.712;
05.05.2026 07:30:00;1354.061;1553.836;1672.145;3009.668;1.128;3.146;13.800;28.453;0.000;0.000;0.000;0.000;1.000;4.731;1558.410;
05.05.2026 07:45:00;1369.686;1567.719;1823.406;2064.802;1.098;3.089;14.129;42.300;0.000;0.000;0.000;1.000;0.000;4.750;1572.292;
05.05.2026 08:00:00;1397.985;1595.626;1964.874;1646.830;1.106;3.078;13.797;64.734;0.000;0.000;0.000;1.000;0.000;8.500;1604.124;
05.05.2026 08:15:00;1392.999;1591.499;1883.684;1675.049;0.997;3.069;13.801;68.613;0.000;0.000;0.000;1.000;0.000;18.250;1609.749;
05.05.2026 08:30:00;1396.751;1595.152;1877.254;1323.100;0.842;3.057;13.808;95.600;0.000;0.000;0.000;1.000;0.000;25.493;1620.624;
05.05.2026 08:45:00;1400.249;1600.716;1807.026;1274.497;0.333;3.075;14.125;117.132;0.000;0.000;0.000;0.000;1.000;32.750;1633.509;
05.05.2026 09:00:00;1414.922;1614.421;1859.597;1426.977;0.333;3.076;14.641;127.250;0.000;0.000;0.000;0.000;1.000;46.451;1661.104;
05.05.2026 09:15:00;1419.999;1618.555;1752.256;1372.139;0.333;3.044;14.787;145.173;0.000;0.000;0.000;0.000;1.000;57.152;1675.749;
05.05.2026 09:30:00;1399.240;1597.499;1881.629;1374.602;0.333;3.029;15.004;124.515;0.000;0.000;0.000;0.000;1.000;67.000;1664.499;
05.05.2026 09:45:00;1405.765;1604.249;1780.090;1400.262;1.216;3.030;14.999;200.204;0.000;0.000;0.000;0.000;1.000;76.750;1680.999;
05.05.2026 10:00:00;1419.932;1618.308;1720.823;1276.822;1.471;3.019;15.288;324.835;0.000;0.000;0.000;0.000;1.000;89.185;1707.511;
05.05.2026 10:15:00;1369.690;1568.592;1782.078;1273.244;1.455;3.029;16.531;226.800;0.000;0.000;0.000;0.000;1.000;97.938;1666.374;
05.05.2026 10:30:00;1339.251;1538.795;1617.733;1328.309;1.448;3.028;16.644;315.438;0.000;0.000;0.000;0.000;1.000;110.979;1649.727;
05.05.2026 10:45:00;1276.999;1476.493;1566.801;1324.681;1.438;3.033;17.017;440.802;0.000;0.000;0.000;0.000;1.000;125.750;1602.248;
05.05.2026 11:00:00;1251.932;1451.115;1619.837;1224.254;1.457;3.027;17.578;391.349;0.000;0.000;0.000;0.000;1.000;140.252;1591.374;
05.05.2026 11:15:00;1281.999;1481.263;1763.686;1224.109;1.449;3.023;18.336;335.882;0.000;0.000;0.000;0.000;1.000;149.293;1630.164;
05.05.2026 11:30:00;1328.249;1526.249;1687.036;1152.339;0.835;3.023;18.380;541.193;0.000;0.000;0.000;0.000;1.000;162.250;1688.499;
05.05.2026 11:45:00;1335.749;1533.801;1786.346;1074.303;0.755;3.012;20.470;626.591;0.000;0.000;0.000;0.000;1.000;169.500;1703.175;
05.05.2026 12:00:00;1283.224;1481.874;805.924;1225.492;1.435;3.026;22.689;1448.793;0.000;0.000;0.000;0.000;1.000;179.250;1661.124;
05.05.2026 12:15:00;1102.496;1231.081;836.749;1225.337;1.417;3.030;24.144;562.566;0.000;0.000;0.000;0.000;1.000;186.750;1417.579;
05.05.2026 12:30:00;1102.501;1129.077;945.317;1225.191;1.424;3.034;24.196;961.353;0.000;0.000;0.000;0.000;1.000;200.588;1329.624;
05.05.2026 12:45:00;1102.460;1105.096;347.583;1225.425;1.421;3.041;25.492;941.964;0.000;0.000;0.000;0.000;1.000;206.009;1311.249;
05.05.2026 13:00:00;1102.638;1119.284;423.089;1225.782;1.415;3.043;26.966;875.900;0.000;0.000;0.000;0.000;1.000;212.241;1331.499;
05.05.2026 13:15:00;1102.501;1154.071;458.022;1075.060;1.473;3.035;26.167;1221.254;0.000;0.000;0.000;0.000;1.000;208.514;1362.623;
05.05.2026 13:30:00;1102.581;1191.583;432.664;1074.348;1.463;3.031;26.414;1448.666;0.000;0.000;0.000;0.000;1.000;207.474;1398.999;
05.05.2026 13:45:00;1102.510;1196.613;547.034;1074.629;1.451;3.036;26.716;1448.863;0.000;0.000;0.000;0.000;1.000;209.999;1406.531;
05.05.2026 14:00:00;1102.501;1194.626;429.863;1073.838;1.461;3.036;26.344;1448.736;0.000;0.000;0.000;0.000;1.000;210.000;1404.626;
05.05.2026 14:15:00;1102.499;1165.186;485.636;1073.898;1.460;3.040;26.182;1448.512;0.000;0.000;0.000;0.000;1.000;200.797;1365.995;
05.05.2026 14:30:00;1102.496;1121.374;959.922;1074.767;0.887;3.043;24.439;647.222;0.000;0.000;0.000;0.000;1.000;188.000;1309.374;
05.05.2026 14:45:00;1102.532;1096.293;497.971;1074.871;0.852;3.043;23.935;1341.734;0.000;0.000;0.000;0.000;1.000;185.500;1281.791;
05.05.2026 15:00:00;1102.520;1089.149;1292.571;1075.110;0.852;3.049;24.799;346.511;0.000;0.000;0.000;0.000;1.000;181.743;1270.781;
05.05.2026 15:15:00;1102.499;1054.874;851.973;1074.644;0.852;3.049;23.327;605.198;0.000;0.000;0.000;0.000;1.000;175.750;1230.624;
05.05.2026 15:30:00;1102.590;1064.499;462.617;1074.978;0.852;3.017;24.221;1081.179;0.000;0.000;0.000;0.000;1.000;173.250;1237.749;
05.05.2026 15:45:00;1102.499;1091.465;803.474;1075.076;1.466;2.856;24.602;455.753;0.000;0.000;1.000;0.000;0.000;164.724;1256.124;
05.05.2026 16:00:00;1102.501;1156.870;1086.468;1394.760;1.746;2.668;23.081;985.387;0.000;0.000;1.000;0.000;0.000;156.148;1313.123;
05.05.2026 16:15:00;1102.494;1272.979;629.333;1766.482;1.948;2.734;22.980;1448.800;0.000;0.000;1.000;0.000;0.000;142.843;1416.409;
05.05.2026 16:30:00;1102.514;1309.244;560.680;1355.000;2.185;2.694;23.831;1448.033;0.000;0.000;1.000;0.000;0.000;135.500;1444.748;
05.05.2026 16:45:00;1102.518;1329.437;797.241;1725.197;2.342;2.713;23.565;631.633;0.000;0.000;1.000;0.000;0.000;120.750;1450.322;
05.05.2026 17:00:00;2003.502;1350.615;873.273;2499.206;2.347;2.861;23.029;988.281;0.000;0.000;1.000;0.000;0.000;107.250;1457.872;
05.05.2026 17:15:00;2904.348;1283.030;1324.000;3013.423;2.315;3.038;22.333;663.347;0.000;0.000;1.000;0.000;0.000;96.009;1378.803;
05.05.2026 17:30:00;2904.427;1271.212;1596.588;3014.757;2.300;3.139;21.277;162.047;0.000;0.000;1.000;0.000;0.000;82.027;1353.249;
05.05.2026 17:45:00;2904.223;1291.855;1807.470;3014.465;2.297;3.137;20.158;81.225;0.000;0.000;1.000;0.000;0.000;67.000;1358.869;
05.05.2026 18:00:00;2904.422;1306.874;2028.362;3014.538;2.295;3.130;19.586;14.147;0.000;0.000;1.000;0.000;0.000;57.250;1364.124;
05.05.2026 18:15:00;2904.434;1393.840;2138.894;3013.952;2.296;3.133;18.256;20.250;0.400;0.000;1.000;0.000;0.000;4.750;1398.349;
05.05.2026 18:30:00;2904.570;1408.729;2090.154;3013.946;2.297;3.130;17.394;16.454;1.200;0.000;1.000;0.000;0.000;4.750;1413.579;
05.05.2026 18:45:00;2904.435;1470.102;2010.923;3013.444;2.298;3.133;16.755;8.724;1.600;0.000;1.000;0.000;0.000;4.731;1474.550;
05.05.2026 19:00:00;2904.466;1516.857;1880.485;3013.182;2.299;3.131;16.159;14.729;2.400;0.000;1.000;0.000;0.000;4.750;1521.621;
05.05.2026 19:15:00;2904.637;1570.124;1949.344;3011.740;2.300;3.131;15.351;34.550;2.800;0.000;1.000;0.000;0.000;4.750;1574.874;
05.05.2026 19:30:00;2904.557;1570.145;1887.013;3012.797;2.300;3.135;14.707;38.934;2.800;0.000;1.000;0.000;0.000;4.745;1574.874;
05.05.2026 19:45:00;2904.637;1603.121;1729.749;3011.252;2.300;3.131;15.078;24.446;3.200;0.000;1.000;0.000;0.000;4.750;1607.874;
05.05.2026 20:00:00;2904.525;1621.071;1767.927;3012.144;2.301;3.135;15.336;7.377;3.200;0.000;1.000;0.000;0.000;4.750;1625.366;
05.05.2026 20:15:00;2904.696;1664.702;1755.103;3011.266;2.300;3.132;14.728;4.833;3.200;0.000;1.000;0.000;0.000;4.750;1669.522;
05.05.2026 20:30:00;2904.748;1666.361;1732.804;3013.000;2.300;3.128;14.645;3.111;3.200;0.000;1.000;0.000;0.000;4.750;1671.132;
05.05.2026 20:45:00;2904.748;1672.874;1746.237;3012.691;2.299;3.123;14.609;1.054;3.200;0.000;1.000;0.000;0.000;4.750;1677.624;
05.05.2026 21:00:00;2904.748;1656.783;1660.585;3011.135;2.299;3.129;14.381;0.450;3.400;0.000;1.000;0.000;0.000;4.750;1661.694;
05.05.2026 21:15:00;2904.748;1725.846;1867.961;3012.477;2.299;3.127;14.409;0.448;3.400;0.000;1.000;0.000;0.000;4.750;1730.676;
05.05.2026 21:30:00;2904.748;1799.561;1831.878;3012.577;2.298;3.124;14.080;0.437;3.400;0.000;1.000;0.000;0.000;4.750;1804.536;
05.05.2026 21:45:00;2904.748;1740.365;1630.461;3012.698;2.298;3.122;13.930;0.450;3.400;0.000;1.000;0.000;0.000;4.750;1745.122;
05.05.2026 22:00:00;2904.748;1641.745;1611.433;3013.194;2.298;3.117;14.062;0.450;3.400;0.000;1.000;0.000;0.000;4.751;1646.499;
05.05.2026 22:15:00;2904.728;1592.519;1686.881;3013.143;2.297;3.122;13.771;0.450;3.600;0.000;1.000;0.000;0.000;4.750;1597.265;
05.05.2026 22:30:00;2904.748;1575.751;1610.426;3012.753;2.297;3.122;13.422;0.450;3.600;0.000;1.000;0.000;0.000;4.750;1580.501;
05.05.2026 22:45:00;2904.748;1639.874;1766.161;3012.177;2.297;3.120;13.089;0.450;3.600;0.000;1.000;0.000;0.000;4.750;1644.624;
05.05.2026 23:00:00;2904.748;1666.651;1631.004;3012.481;2.297;3.117;12.790;0.449;3.600;0.000;1.000;0.000;0.000;4.750;1671.579;
05.05.2026 23:15:00;2904.748;1648.908;1713.678;3013.693;2.297;3.115;12.988;0.450;3.600;0.000;1.000;0.000;0.000;4.750;1653.633;
05.05.2026 23:30:00;2904.748;1602.775;1675.647;3013.121;2.296;3.114;13.019;0.450;3.600;0.000;1.000;0.000;0.000;4.750;1607.373;
05.05.2026 23:45:00;2904.748;1522.279;1488.889;3013.099;2.297;3.113;13.032;0.437;3.600;0.000;1.000;0.000;0.000;4.750;1526.925;
06.05.2026 00:00:00;2904.748;1471.124;1606.811;3014.045;2.296;3.109;13.096;0.450;3.600;0.000;1.000;0.000;0.000;4.750;1475.874;
06.05.2026 00:15:00;2904.748;0.354;1438.964;3013.427;2.296;3.105;13.093;0.447;0.000;0.000;1.000;0.000;0.000;4.750;5.118;
06.05.2026 00:30:00;2904.608;0.375;1741.358;3012.789;2.296;3.104;13.000;0.450;0.000;0.000;1.000;0.000;0.000;4.750;5.125;
06.05.2026 00:45:00;2904.748;0.375;1560.348;3013.426;2.296;3.103;12.812;0.448;0.000;0.000;1.000;0.000;0.000;4.750;5.125;
06.05.2026 01:00:00;2904.748;0.539;1422.983;3013.158;2.296;3.114;12.914;0.444;0.000;0.000;1.000;0.000;0.000;4.704;5.125;
06.05.2026 01:15:00;2904.748;0.375;1244.982;3013.548;2.296;3.113;13.111;0.450;0.000;0.000;1.000;0.000;0.000;4.750;5.125;
06.05.2026 01:30:00;2904.748;0.374;1195.746;3012.807;2.295;3.111;13.087;0.450;0.000;0.000;1.000;0.000;0.000;4.750;5.125;
06.05.2026 01:45:00;2904.748;0.375;1723.300;3013.224;2.295;3.112;13.211;0.435;0.000;0.000;1.000;0.000;0.000;4.750;5.125;
06.05.2026 02:00:00;2904.748;0.375;1650.415;3013.495;2.295;3.109;13.193;0.447;0.000;0.000;1.000;0.000;0.000;4.750;5.125;
06.05.2026 02:15:00;2904.748;0.375;1534.382;3013.480;2.295;3.107;13.088;0.450;0.000;0.000;1.000;0.000;0.000;4.750;5.125;
06.05.2026 02:30:00;2904.748;0.375;1322.306;3013.255;2.295;3.108;12.915;0.447;0.000;0.000;1.000;0.000;0.000;4.750;5.125;
06.05.2026 02:45:00;2904.748;0.375;1182.576;3014.163;2.296;3.105;12.732;0.450;0.000;0.000;1.000;0.000;0.000;4.750;5.125;
06.05.2026 03:00:00;2904.748;0.375;1152.363;3012.163;2.296;3.104;12.716;0.450;0.000;0.000;1.000;0.000;0.000;4.750;5.125;
06.05.2026 03:15:00;2904.748;0.324;1226.921;3013.593;2.296;3.099;12.790;0.450;0.000;0.000;1.000;0.000;0.000;4.753;5.116;
06.05.2026 03:30:00;2904.748;0.370;1173.749;3012.826;2.296;3.098;12.794;0.450;0.000;0.000;1.000;0.000;0.000;4.750;5.124;
06.05.2026 03:45:00;2904.748;0.384;1772.164;3014.068;2.295;3.097;12.705;0.464;0.000;0.000;1.000;0.000;0.000;4.748;5.125;
06.05.2026 04:00:00;2904.748;0.224;1680.475;3013.932;2.295;3.093;12.712;0.458;0.000;0.000;1.000;0.000;0.000;4.750;5.078;
06.05.2026 04:15:00;2904.748;0.375;1595.435;3013.035;2.296;3.105;12.499;0.450;0.000;0.000;1.000;0.000;0.000;4.750;4.484;
06.05.2026 04:30:00;2904.748;0.374;1507.008;3012.407;2.296;3.108;12.417;0.450;0.000;0.000;1.000;0.000;0.000;4.750;5.125;
06.05.2026 04:45:00;2904.745;0.371;1414.165;3013.595;2.296;3.109;12.238;0.451;0.000;0.000;1.000;0.000;0.000;4.750;5.124;
06.05.2026 05:00:00;2904.636;0.240;1237.236;3013.943;2.296;3.105;12.092;0.450;0.000;0.000;1.000;0.000;0.000;4.750;5.091;
06.05.2026 05:15:00;2904.748;0.375;1294.560;3013.992;2.296;3.106;12.035;0.450;0.000;0.000;1.000;0.000;0.000;4.750;5.125;
06.05.2026 05:30:00;2904.748;0.375;1253.930;3013.559;2.295;3.104;11.938;0.444;0.000;0.000;1.000;0.000;0.000;4.750;5.045;
06.05.2026 05:45:00;2904.748;0.375;1399.342;3012.850;2.295;3.104;11.957;0.450;0.000;0.000;1.000;0.000;0.000;4.750;5.125;
06.05.2026 06:00:00;2904.748;0.375;1532.260;3014.035;2.295;3.103;11.928;1.013;0.000;0.000;1.000;0.000;0.000;4.750;5.125;
06.05.2026 06:15:00;2904.748;0.375;1628.440;3013.648;2.295;3.099;11.681;4.837;0.000;0.000;1.000;0.000;0.000;4.750;5.125;
06.05.2026 06:30:00;2904.748;0.375;1578.999;3009.788;2.295;2.643;11.800;10.919;0.000;0.000;1.000;0.000;0.000;4.750;5.125;
06.05.2026 06:45:00;2904.748;0.375;1720.936;3009.031;2.295;1.630;12.055;10.916;0.000;0.000;1.000;0.000;0.000;4.750;5.125;
06.05.2026 07:00:00;2904.748;0.370;1783.505;2463.786;2.295;0.844;12.328;17.461;0.000;0.000;1.000;0.000;0.000;4.750;5.124;
06.05.2026 07:15:00;2904.748;0.375;1720.020;1933.861;2.295;0.457;12.424;30.249;0.000;0.000;1.000;0.000;0.000;4.750;5.125;
06.05.2026 07:30:00;2904.748;0.373;1685.887;1934.833;2.295;0.024;12.708;28.012;0.000;0.000;1.000;0.000;0.000;4.750;5.124;
06.05.2026 07:45:00;2904.748;0.375;1632.138;1934.671;2.294;0.000;12.903;92.770;0.000;0.000;0.000;1.000;0.000;4.750;5.125;
06.05.2026 08:00:00;2904.748;-3.349;1607.386;1934.473;2.295;0.000;13.096;53.111;0.000;0.000;0.000;0.000;1.000;8.493;5.125;
06.05.2026 08:15:00;2904.387;-10.842;1739.232;1934.193;2.295;0.000;13.185;59.281;0.000;0.000;0.000;0.000;1.000;15.750;4.929;
06.05.2026 08:30:00;1803.249;-17.954;1698.448;1934.184;2.295;0.000;13.588;51.665;0.000;0.000;0.000;0.000;1.000;21.750;3.861;
06.05.2026 08:45:00;1803.251;-25.515;1689.232;1934.449;2.295;0.000;13.431;78.867;0.000;0.000;0.000;0.000;1.000;29.250;3.759;
06.05.2026 09:00:00;1803.251;-35.375;1786.450;1934.155;2.294;0.000;13.548;71.819;0.000;0.000;0.000;0.000;1.000;39.000;3.625;
06.05.2026 09:15:00;1803.317;1638.002;1871.200;1934.883;2.294;0.000;13.685;69.226;0.000;0.000;0.000;0.000;1.000;48.631;1686.652;
06.05.2026 09:30:00;1803.299;1626.874;1810.202;1933.783;2.294;0.000;13.521;81.728;0.000;0.000;0.000;0.000;1.000;56.000;1682.874;
06.05.2026 09:45:00;1803.253;1616.354;1720.588;1934.262;2.296;0.000;13.785;118.316;0.400;0.000;0.000;0.000;1.000;64.500;1680.954;
06.05.2026 10:00:00;1803.249;1564.878;1705.077;1935.091;2.295;0.000;14.021;130.544;0.800;0.000;0.000;0.000;1.000;75.500;1640.646;
06.05.2026 10:15:00;1803.281;1587.124;1624.132;1934.015;2.296;0.000;14.339;229.963;1.000;0.000;0.000;0.000;1.000;83.059;1670.124;
06.05.2026 10:30:00;1803.273;1551.865;1858.096;1934.144;2.295;0.000;14.501;70.485;1.000;0.000;0.000;0.000;1.000;92.750;1644.622;
06.05.2026 10:45:00;1803.297;1520.697;1705.311;1934.446;2.296;0.000;14.134;100.265;1.200;0.000;0.000;0.000;1.000;105.954;1626.610;
06.05.2026 11:00:00;1803.265;1562.749;1622.888;1934.442;2.296;0.000;14.405;265.433;1.400;0.000;0.000;0.000;1.000;118.250;1680.999;
06.05.2026 11:15:00;1803.330;1653.324;1933.458;1934.207;2.295;0.000;14.797;123.379;1.600;0.000;0.000;0.000;1.000;125.750;1779.108;
06.05.2026 11:30:00;1803.311;1620.874;2035.975;1934.316;2.295;0.000;14.725;198.031;1.600;0.000;0.000;0.000;1.000;135.500;1756.374;
06.05.2026 11:45:00;1803.271;1562.823;2034.946;1934.876;2.295;0.000;14.780;284.359;1.600;0.000;0.000;0.000;1.000;141.633;1704.446;
06.05.2026 12:00:00;1803.279;1632.418;1941.920;1934.891;2.294;0.000;15.412;208.045;1.600;0.000;0.000;0.000;1.000;151.242;1783.381;
06.05.2026 12:15:00;1803.369;1712.124;1619.042;1934.998;2.295;0.000;15.348;228.395;1.600;0.000;0.000;0.000;1.000;157.500;1869.624;
06.05.2026 12:30:00;1803.263;1618.877;1564.949;1934.896;2.295;0.000;15.478;257.682;1.800;0.000;0.000;0.000;1.000;168.250;1787.383;
06.05.2026 12:45:00;1803.258;1571.249;1674.097;1933.756;2.294;0.000;15.446;109.604;1.800;0.000;0.000;0.000;1.000;171.909;1743.249;
06.05.2026 13:00:00;1803.346;1652.501;1705.219;1934.457;2.294;0.000;14.772;46.124;2.000;0.000;0.000;0.000;1.000;177.000;1829.501;
06.05.2026 13:15:00;1803.313;1649.374;1700.802;1935.051;2.295;0.000;14.326;28.462;2.200;0.000;0.000;0.000;1.000;174.500;1823.874;
06.05.2026 13:30:00;1803.251;1676.032;2036.767;1935.155;2.297;0.000;13.904;57.482;3.000;0.000;0.000;0.000;1.000;173.247;1849.357;
06.05.2026 13:45:00;1803.269;1684.844;1904.776;1935.079;2.298;0.000;13.822;68.403;3.600;0.000;0.000;0.000;1.000;175.750;1860.616;
06.05.2026 14:00:00;1803.263;1698.870;1844.273;1934.137;2.299;0.000;13.600;65.946;4.200;0.000;0.000;0.000;1.000;174.500;1873.374;
06.05.2026 14:15:00;1803.251;1574.999;1869.421;1934.675;2.299;0.000;13.370;71.166;4.800;0.000;0.000;0.000;1.000;168.250;1743.249;
06.05.2026 14:30:00;1803.284;1565.880;1866.633;1934.220;2.299;0.000;13.445;53.066;5.400;0.000;0.000;0.000;1.000;157.498;1723.374;
06.05.2026 14:45:00;1803.264;1530.798;1912.101;1933.977;2.300;0.000;13.014;83.126;6.400;0.000;0.000;0.000;1.000;156.250;1686.969;
06.05.2026 15:00:00;1803.251;1504.874;1764.616;1933.880;2.300;0.000;13.061;100.216;7.000;0.000;0.000;0.000;1.000;152.456;1657.374;
06.05.2026 15:15:00;1803.384;1397.022;1762.471;1934.377;2.301;1.774;12.942;122.373;7.200;0.000;0.000;0.000;1.000;148.519;1545.619;
06.05.2026 15:30:00;1803.252;1347.384;1707.065;2472.472;2.302;1.655;12.512;163.364;7.400;0.000;0.000;0.000;1.000;145.887;1493.595;
06.05.2026 15:45:00;1804.457;1298.254;1706.235;1933.047;2.301;1.789;11.894;175.692;7.400;0.000;0.000;0.000;1.000;137.406;1435.749;
06.05.2026 16:00:00;1803.385;1261.382;1644.422;1934.284;2.300;1.160;11.750;234.888;7.400;0.000;0.000;0.000;1.000;130.500;1391.877;
06.05.2026 16:15:00;1803.322;1268.624;1404.161;2475.667;2.299;2.384;12.110;328.983;7.400;0.000;0.000;0.000;1.000;119.500;1388.124;
06.05.2026 16:30:00;2904.748;1285.344;1390.365;3014.652;2.299;2.996;12.807;306.049;7.400;0.000;0.000;0.000;1.000;113.574;1398.895;
06.05.2026 16:45:00;2904.748;1325.749;1194.810;3016.565;2.298;3.100;13.270;437.827;7.400;0.000;0.000;0.000;1.000;102.500;1428.169;
06.05.2026 17:00:00;2904.748;1353.251;1299.264;3016.999;2.298;3.104;14.085;489.563;7.400;0.000;0.000;0.000;1.000;91.398;1444.749;
06.05.2026 17:15:00;2904.729;1387.626;1196.866;3016.696;2.297;3.104;14.820;388.017;7.400;0.000;0.000;0.000;1.000;80.723;1468.452;
06.05.2026 17:30:00;2904.748;1416.982;1443.589;3016.536;2.297;3.099;14.768;241.841;7.400;0.000;0.000;0.000;1.000;68.250;1485.245;
06.05.2026 17:45:00;2904.748;1444.499;1575.402;3017.699;2.296;3.099;14.715;134.615;7.400;0.000;0.000;0.000;1.000;57.250;1501.749;
06.05.2026 18:00:00;2904.748;1456.374;1632.766;3016.750;2.296;3.098;14.739;109.750;7.400;0.000;0.000;0.000;1.000;48.750;1505.124;
06.05.2026 18:15:00;2904.636;1541.765;1741.296;3017.087;2.296;3.097;14.000;114.786;7.400;0.000;0.000;0.000;1.000;4.750;1546.099;
06.05.2026 18:30:00;2904.748;1547.697;1671.970;3017.405;2.296;3.097;13.769;164.579;7.400;0.000;0.000;0.000;1.000;4.750;1552.395;
06.05.2026 18:45:00;2904.748;1557.143;1604.058;3016.956;2.295;3.091;13.594;175.493;7.400;0.000;0.000;0.000;1.000;4.750;1562.059;
06.05.2026 19:00:00;2904.630;1559.249;1513.360;3017.222;2.295;3.092;13.674;240.133;7.400;0.000;0.000;0.000;1.000;4.750;1563.999;
06.05.2026 19:15:00;2904.713;1605.219;1627.015;3017.412;2.295;3.094;13.866;124.154;7.400;0.000;0.000;0.000;1.000;4.750;1609.999;
06.05.2026 19:30:00;2904.662;1609.353;1698.106;3017.157;2.294;3.091;14.131;70.990;7.400;0.000;0.000;0.000;1.000;4.750;1613.960;
06.05.2026 19:45:00;2904.748;1619.019;1748.770;3016.954;2.295;3.103;13.431;54.160;7.400;0.000;0.000;0.000;1.000;4.750;1624.072;
06.05.2026 20:00:00;2904.748;1621.319;1766.308;3016.983;2.294;3.104;13.236;30.192;7.400;0.000;0.000;0.000;1.000;4.750;1626.204;
06.05.2026 20:15:00;2904.748;1658.356;1804.032;3017.816;2.294;3.102;12.740;24.075;7.400;0.000;0.000;0.000;1.000;4.750;1663.033;
06.05.2026 20:30:00;2904.692;1647.001;1746.579;3017.804;2.294;3.099;12.240;7.484;7.400;0.000;0.000;0.000;1.000;4.750;1651.751;
06.05.2026 20:45:00;2904.748;1646.999;1690.288;3017.979;2.294;3.099;12.104;2.611;7.400;0.000;0.000;0.000;1.000;4.750;1651.749;
06.05.2026 21:00:00;2904.748;1632.374;1636.242;3019.310;2.294;3.099;12.036;0.450;7.400;0.000;0.000;0.000;1.000;4.750;1637.124;
06.05.2026 21:15:00;2904.748;1698.376;2025.193;3018.376;2.294;3.099;12.099;0.446;7.400;0.000;0.000;0.000;1.000;4.750;1703.126;
06.05.2026 21:30:00;2904.748;1756.874;1866.252;3017.424;2.294;3.099;12.187;0.450;7.400;0.000;0.000;0.000;1.000;4.750;1761.624;
06.05.2026 21:45:00;2904.748;1678.099;1770.228;3017.832;2.294;3.097;11.946;0.450;7.400;0.000;0.000;0.000;1.000;4.750;1682.778;
06.05.2026 22:00:00;2904.706;1594.555;1702.328;3018.033;2.294;3.096;11.791;0.450;7.400;0.000;0.000;0.000;1.000;4.750;1599.335;
06.05.2026 22:15:00;2904.748;1579.126;1745.064;3018.627;2.294;3.098;11.846;0.450;7.400;0.000;0.000;0.000;1.000;4.750;1583.876;
06.05.2026 22:30:00;2904.748;1525.958;1699.344;3018.895;2.293;3.093;11.842;0.449;7.400;0.000;0.000;0.000;1.000;4.750;1530.828;
06.05.2026 22:45:00;2904.748;1577.626;1773.565;3017.674;2.294;3.095;11.768;0.446;7.400;0.000;0.000;0.000;1.000;4.750;1582.376;
06.05.2026 23:00:00;2904.748;1596.204;1706.665;3017.865;2.294;3.094;11.590;0.450;7.400;0.000;0.000;0.000;1.000;4.750;1601.253;
06.05.2026 23:15:00;2904.748;1588.559;1715.332;3018.674;2.294;3.091;11.469;0.450;7.400;0.000;0.000;0.000;1.000;4.750;1593.608;
06.05.2026 23:30:00;2904.748;1547.999;1680.181;3018.537;2.293;3.091;11.286;0.450;7.400;0.000;0.000;0.000;1.000;4.750;1552.749;
06.05.2026 23:45:00;2904.748;1444.196;1574.269;3018.221;2.293;3.089;11.261;0.448;7.400;0.000;0.000;0.000;1.000;4.750;1448.766;
07.05.2026 00:00:00;2904.748;1369.155;1660.299;3018.910;2.293;3.087;10.827;0.450;7.400;0.000;0.000;0.000;1.000;4.750;1373.614;
07.05.2026 00:15:00;2904.748;1707.264;1586.530;3018.738;2.293;3.088;11.040;0.450;0.000;0.000;0.000;0.000;1.000;4.750;1712.094;
07.05.2026 00:30:00;2904.748;1777.124;1772.017;3018.960;2.293;3.089;10.796;0.450;0.000;0.000;0.000;0.000;1.000;4.750;1781.874;
07.05.2026 00:45:00;2904.748;1841.247;1728.853;3018.643;2.293;3.085;10.994;0.446;0.000;0.000;0.000;0.000;1.000;4.750;1845.999;
07.05.2026 01:00:00;2904.701;1813.450;1551.317;3018.996;2.293;3.088;10.690;0.450;0.000;0.000;0.000;0.000;1.000;4.750;1818.174;
07.05.2026 01:15:00;2904.748;1590.441;1404.486;3018.071;2.293;3.086;10.484;0.450;0.000;0.000;0.000;0.000;1.000;4.750;1595.211;
07.05.2026 01:30:00;2904.748;1471.012;1321.495;3018.693;2.293;3.085;10.210;0.450;0.000;0.000;0.000;0.000;1.000;4.758;1475.854;
07.05.2026 01:45:00;2904.748;1572.031;1838.972;3017.903;2.293;3.086;10.215;0.450;0.000;0.000;0.000;0.000;1.000;4.742;1576.749;
07.05.2026 02:00:00;2904.748;1771.499;1788.849;3019.109;2.292;3.082;10.496;0.450;0.000;0.000;0.000;0.000;1.000;4.750;1776.249;
07.05.2026 02:15:00;2904.748;1745.999;1671.952;3018.147;2.293;3.082;10.496;0.450;0.000;0.000;0.000;0.000;1.000;4.750;1750.749;
07.05.2026 02:30:00;2904.752;1582.876;1380.169;3018.696;2.292;3.082;10.352;0.450;0.000;0.000;0.000;0.000;1.000;4.750;1587.626;
07.05.2026 02:45:00;2904.748;1429.127;1264.597;3017.829;2.292;3.080;10.116;0.496;0.000;0.000;0.000;0.000;1.000;4.750;1433.876;
07.05.2026 03:00:00;2904.748;1358.024;1191.192;3018.043;2.292;3.090;10.399;0.450;0.000;0.000;0.000;0.000;1.000;4.668;1362.663;
07.05.2026 03:15:00;2904.748;1414.501;1278.576;3018.647;2.292;3.091;10.490;0.450;0.000;0.000;0.000;0.000;1.000;4.750;1419.251;
07.05.2026 03:30:00;2904.748;1472.999;1266.194;3018.551;2.292;3.091;10.479;0.450;0.000;0.000;0.000;0.000;1.000;4.750;1477.749;
07.05.2026 03:45:00;2904.748;1694.624;1805.317;3018.247;2.292;3.089;10.410;0.450;0.000;0.000;0.000;0.000;1.000;4.750;1699.374;
07.05.2026 04:00:00;2904.748;2030.656;1843.486;3019.093;2.292;3.089;10.337;0.450;0.000;0.000;0.000;0.000;1.000;4.750;2034.896;
07.05.2026 04:15:00;2904.748;1914.358;1701.325;3019.343;2.291;3.090;10.430;0.450;0.000;0.000;0.000;0.000;1.000;4.754;1918.937;
07.05.2026 04:30:00;2904.748;1762.499;1464.373;3018.618;2.292;3.088;10.461;0.446;0.000;0.000;0.000;0.000;1.000;4.750;1767.249;
07.05.2026 04:45:00;2904.748;1630.501;1359.327;3018.270;2.292;3.087;10.390;0.450;0.000;0.000;0.000;0.000;1.000;4.750;1635.251;
07.05.2026 05:00:00;2904.748;1551.725;1292.018;3018.331;2.292;3.089;10.322;0.448;0.000;0.000;0.000;0.000;1.000;4.750;1556.494;
07.05.2026 05:15:00;2904.748;1504.126;1287.625;3019.122;2.291;3.088;10.738;0.449;0.000;0.000;0.000;0.000;1.000;4.750;1508.876;
07.05.2026 05:30:00;2904.748;1504.133;1396.576;3018.270;2.291;3.087;10.762;0.450;0.000;0.000;0.000;0.000;1.000;4.750;1508.878;
07.05.2026 05:45:00;2904.748;1562.997;1527.241;3018.382;2.291;3.087;10.597;0.453;0.000;0.000;0.000;0.000;1.000;4.750;1567.660;
07.05.2026 06:00:00;2904.748;1632.374;1442.500;3018.489;2.291;3.085;10.526;1.669;0.000;0.000;0.000;0.000;1.000;4.750;1636.987;
07.05.2026 06:15:00;2904.748;1679.999;1547.102;3018.415;2.291;3.085;10.675;4.380;0.000;0.000;0.000;0.000;1.000;4.750;1684.749;
07.05.2026 06:30:00;2904.748;1703.999;1524.058;3018.091;2.291;3.084;10.713;19.125;0.000;0.000;0.000;0.000;1.000;4.750;1708.749;
07.05.2026 06:45:00;2904.748;1729.657;1714.273;3018.660;2.291;3.084;10.715;23.062;0.000;0.000;0.000;0.000;1.000;4.750;1734.478;
07.05.2026 07:00:00;2904.748;1754.999;1821.255;3018.810;2.290;3.085;10.781;18.164;0.000;0.000;0.000;0.000;1.000;4.750;1759.749;
07.05.2026 07:15:00;2904.748;1830.374;1878.200;3016.988;2.290;3.083;11.031;27.895;0.000;0.000;1.000;0.000;0.000;4.750;1835.124;
07.05.2026 07:30:00;2904.748;1826.624;1861.619;3017.343;2.291;3.081;11.226;49.789;0.000;0.000;1.000;0.000;0.000;4.750;1831.302;
07.05.2026 07:45:00;2904.748;1868.709;1852.460;3017.666;2.291;3.083;11.219;80.010;0.000;0.000;1.000;0.000;0.000;4.750;1873.484;
07.05.2026 08:00:00;2904.748;1922.844;1854.205;3012.369;2.292;3.081;11.426;135.767;0.000;0.000;1.000;0.000;0.000;18.285;1941.249;
07.05.2026 08:15:00;2904.748;1885.624;1725.432;3014.724;2.291;3.081;11.648;177.541;0.000;0.000;1.000;0.000;0.000;50.000;1935.624;
07.05.2026 08:30:00;2904.748;1812.431;1750.443;3015.315;2.291;3.080;12.121;174.831;0.000;0.000;1.000;0.000;0.000;74.859;1887.219;
07.05.2026 08:45:00;2904.748;1730.124;1801.954;3016.165;2.291;3.081;12.202;181.258;0.000;0.000;1.000;0.000;0.000;101.250;1831.374;
07.05.2026 09:00:00;2904.748;1623.922;1709.876;3016.174;2.290;3.079;12.706;191.831;0.000;0.000;1.000;0.000;0.000;145.239;1769.124;
07.05.2026 09:15:00;2904.748;1582.180;1585.420;3016.797;2.291;3.081;13.126;254.568;0.000;0.000;1.000;0.000;0.000;177.631;1759.562;
07.05.2026 09:30:00;2904.748;1510.501;1272.534;2939.432;2.290;3.077;14.107;490.220;0.000;0.000;1.000;0.000;0.000;211.000;1721.501;
07.05.2026 09:45:00;2904.695;1444.499;1612.598;3017.373;2.291;3.077;16.681;408.205;0.000;0.000;1.000;0.000;0.000;244.000;1688.499;
07.05.2026 10:00:00;2904.744;1378.629;1636.360;3017.064;2.290;3.076;16.418;272.172;0.000;0.000;1.000;0.000;0.000;288.227;1666.513;
07.05.2026 10:15:00;2904.748;1382.749;1532.788;3017.459;2.290;3.077;16.369;509.858;0.000;0.000;1.000;0.000;0.000;318.500;1701.249;
07.05.2026 10:30:00;2904.745;1311.383;1496.246;3016.891;2.289;3.078;16.862;408.248;0.000;0.000;1.000;0.000;0.000;359.887;1671.267;
07.05.2026 10:45:00;2904.748;1186.650;1435.910;3017.648;2.289;3.075;16.742;406.291;0.000;0.000;1.000;0.000;0.000;408.924;1595.218;
07.05.2026 11:00:00;2904.748;1094.384;1542.746;3018.261;2.290;3.074;17.226;472.263;0.000;0.000;1.000;0.000;0.000;460.247;1554.624;
07.05.2026 11:15:00;2904.739;1094.163;1518.262;3016.730;2.290;3.075;17.730;508.210;0.000;0.000;1.000;0.000;0.000;488.311;1582.393;
07.05.2026 11:30:00;2904.748;1063.533;1507.560;3017.781;2.289;3.076;19.082;850.584;0.000;0.000;1.000;0.000;0.000;529.749;1593.158;
07.05.2026 11:45:00;2904.748;1012.501;1664.473;3017.801;2.289;3.082;21.396;631.170;0.000;0.000;1.000;0.000;0.000;556.749;1569.251;
07.05.2026 12:00:00;2904.748;950.008;1738.272;3017.953;2.289;3.080;21.407;451.574;0.000;0.000;1.000;0.000;0.000;587.908;1538.124;
07.05.2026 12:15:00;2904.727;606.003;1023.639;3017.010;2.289;3.079;20.792;608.111;0.000;0.000;1.000;0.000;0.000;615.159;1221.251;
07.05.2026 12:30:00;2904.657;422.934;1185.558;3017.082;2.289;3.075;21.206;601.678;0.000;0.000;1.000;0.000;0.000;659.233;1082.124;
07.05.2026 12:45:00;2904.748;290.802;1220.349;2979.419;2.291;3.073;22.094;472.572;0.000;0.000;1.000;0.000;0.000;676.251;967.015;
07.05.2026 13:00:00;2904.711;291.106;1452.995;3017.519;2.290;3.077;22.493;354.057;0.000;0.000;1.000;0.000;0.000;695.495;986.710;
07.05.2026 13:15:00;2904.748;309.928;1447.038;3016.200;2.289;3.077;20.381;447.757;0.000;0.000;1.000;0.000;0.000;682.520;992.499;
07.05.2026 13:30:00;2904.748;348.001;1242.251;3017.278;2.289;3.078;20.380;619.627;0.000;0.000;1.000;0.000;0.000;681.251;1029.251;
07.05.2026 13:45:00;2904.748;345.711;666.699;3016.331;2.288;3.076;21.290;1448.808;0.000;0.000;1.000;0.000;0.000;690.591;1036.400;
07.05.2026 14:00:00;2904.748;312.419;1352.207;3016.953;2.288;3.074;22.513;441.216;0.000;0.000;1.000;0.000;0.000;687.546;1000.001;
07.05.2026 14:15:00;2904.748;194.750;1375.056;3017.490;2.288;3.075;21.407;363.332;0.000;0.000;1.000;0.000;0.000;660.499;855.249;
07.05.2026 14:30:00;2904.748;181.750;1403.208;3017.854;2.288;3.077;21.053;369.542;0.000;0.000;1.000;0.000;0.000;616.499;798.249;
07.05.2026 14:45:00;2904.748;177.500;1258.418;3017.729;2.289;3.075;20.252;497.107;0.000;0.000;1.000;0.000;0.000;607.999;785.499;
07.05.2026 15:00:00;2904.748;213.914;1335.481;3018.039;2.288;3.075;20.400;389.860;0.000;0.000;1.000;0.000;0.000;595.664;809.499;
07.05.2026 15:15:00;2904.748;246.661;1099.782;3010.069;2.287;3.079;20.692;542.136;0.000;0.000;1.000;0.000;0.000;577.501;824.134;
07.05.2026 15:30:00;2904.569;242.250;1188.033;3009.829;2.287;3.077;21.688;422.941;0.000;0.000;1.000;0.000;0.000;568.749;810.999;
07.05.2026 15:45:00;2904.748;313.624;884.069;3009.662;2.287;3.076;21.874;441.189;0.000;0.000;1.000;0.000;0.000;536.001;849.624;
07.05.2026 16:00:00;2904.748;346.253;1242.081;3010.318;2.288;3.076;21.538;325.532;0.000;0.000;1.000;0.000;0.000;508.993;855.244;
07.05.2026 16:15:00;2904.748;431.138;1424.580;3010.400;2.288;3.075;20.483;340.034;0.000;0.000;1.000;0.000;0.000;466.250;897.358;
07.05.2026 16:30:00;2904.748;429.099;1168.856;3010.273;2.287;3.076;19.996;376.415;0.000;0.000;1.000;0.000;0.000;440.822;869.874;
07.05.2026 16:45:00;2904.731;508.595;1347.267;3010.044;2.287;3.074;19.983;338.617;0.000;0.000;1.000;0.000;0.000;393.217;901.249;
07.05.2026 17:00:00;2904.740;579.541;1452.776;3009.948;2.287;3.074;20.027;275.448;0.000;0.000;1.000;0.000;0.000;348.884;928.374;
07.05.2026 17:15:00;2904.748;704.625;1533.795;3009.902;2.287;3.075;19.593;255.367;0.000;0.000;1.000;0.000;0.000;310.000;1014.624;
07.05.2026 17:30:00;2904.748;850.864;1451.194;3008.906;2.287;3.075;19.120;277.719;0.000;0.000;1.000;0.000;0.000;262.499;1113.281;
07.05.2026 17:45:00;2904.748;1009.002;1513.900;3010.996;2.286;3.074;18.762;168.734;0.000;0.000;1.000;0.000;0.000;212.250;1221.309;
07.05.2026 18:00:00;2904.748;1156.537;1540.271;3010.843;2.287;3.074;18.200;159.474;0.000;0.000;1.000;0.000;0.000;178.395;1334.874;
07.05.2026 18:15:00;2904.720;1227.356;1639.199;3010.776;2.287;3.074;17.816;142.371;0.000;0.000;1.000;0.000;0.000;153.750;1381.385;
07.05.2026 18:30:00;2904.748;1320.490;1679.007;3009.915;2.287;3.073;17.356;100.231;0.000;0.000;1.000;0.000;0.000;131.614;1452.110;
07.05.2026 18:45:00;2904.748;1426.854;1736.952;3010.693;2.286;3.074;16.966;117.082;0.000;0.000;1.000;0.000;0.000;97.336;1524.416;
07.05.2026 19:00:00;2904.748;1530.355;1661.274;3010.716;2.286;3.074;16.702;121.734;0.000;0.000;1.000;0.000;0.000;82.923;1613.455;
07.05.2026 19:15:00;2904.748;1555.617;1713.920;3010.419;2.286;3.074;16.496;121.321;0.000;0.000;1.000;0.000;0.000;59.750;1615.373;
07.05.2026 19:30:00;2904.748;1604.374;1752.726;3010.091;2.287;3.074;16.132;98.871;0.000;0.000;1.000;0.000;0.000;40.250;1644.624;
07.05.2026 19:45:00;2904.748;1626.207;1759.549;3010.592;2.287;3.074;15.697;46.098;0.000;0.000;1.000;0.000;0.000;21.761;1647.920;
07.05.2026 20:00:00;2904.748;1639.124;1779.638;3010.786;2.287;3.072;15.514;47.465;0.000;0.000;1.000;0.000;0.000;10.863;1649.874;
07.05.2026 20:15:00;2904.748;1663.719;1669.800;3011.262;2.286;3.074;15.191;20.929;0.000;0.000;1.000;0.000;0.000;5.980;1669.670;
07.05.2026 20:30:00;2904.748;1654.500;1804.166;3011.152;2.286;3.072;15.058;11.641;0.000;0.000;1.000;0.000;0.000;4.750;1659.251;
07.05.2026 20:45:00;2904.748;1632.374;1683.279;3012.057;2.286;3.074;14.947;4.376;0.000;0.000;1.000;0.000;0.000;4.750;1637.124;
07.05.2026 21:00:00;2904.748;1608.488;1684.606;3010.912;2.286;3.073;14.645;1.012;0.000;0.000;1.000;0.000;0.000;4.750;1613.433;
07.05.2026 21:15:00;2904.748;1690.874;1891.099;3010.709;2.286;3.072;14.492;0.450;0.000;0.000;1.000;0.000;0.000;4.750;1695.515;
07.05.2026 21:30:00;2904.748;1744.124;1864.479;3011.090;2.286;3.071;14.118;0.447;0.000;0.000;1.000;0.000;0.000;4.750;1748.794;
07.05.2026 21:45:00;2904.748;1634.249;1778.550;3010.841;2.285;3.070;13.916;0.450;0.000;0.000;1.000;0.000;0.000;4.750;1638.999;
07.05.2026 22:00:00;2904.748;1537.116;1771.634;3010.692;2.286;3.069;13.775;0.451;0.000;0.000;1.000;0.000;0.000;4.750;1541.873;
07.05.2026 22:15:00;2904.748;1566.376;1857.346;3010.170;2.286;3.069;13.585;0.450;0.000;0.000;1.000;0.000;0.000;4.750;1571.126;
07.05.2026 22:30:00;2904.748;1562.999;1701.464;3010.436;2.286;3.069;13.084;0.450;0.000;0.000;1.000;0.000;0.000;4.750;1567.749;
07.05.2026 22:45:00;2904.748;1584.713;1773.962;3011.210;2.286;3.068;13.356;0.457;0.000;0.000;1.000;0.000;0.000;4.747;1589.488;
07.05.2026 23:00:00;2904.748;1582.914;1700.683;3011.718;2.285;3.068;13.402;0.447;0.000;0.000;1.000;0.000;0.000;4.750;1587.633;
07.05.2026 23:15:00;2904.748;1604.170;1681.123;3011.402;2.285;3.068;13.162;0.450;0.000;0.000;1.000;0.000;0.000;4.750;1608.788;
07.05.2026 23:30:00;2904.745;1601.927;1655.752;3011.813;2.286;3.067;12.962;0.454;0.000;0.000;1.000;0.000;0.000;4.750;1607.246;
07.05.2026 23:45:00;2904.748;1523.183;1505.166;3012.654;2.286;3.065;12.847;0.450;0.000;0.000;1.000;0.000;0.000;4.750;1528.288;
08.05.2026 00:00:00;2904.748;1469.249;1621.565;3010.615;2.286;3.064;12.785;0.450;0.000;0.000;1.000;0.000;0.000;4.750;1473.999;
08.05.2026 00:15:00;2904.748;1566.374;1543.340;3011.305;2.285;3.065;12.697;0.450;0.000;0.000;1.000;0.000;0.000;4.750;1571.124;
08.05.2026 00:30:00;2904.748;1630.499;1791.005;3010.834;2.285;3.070;12.481;0.450;0.000;0.000;1.000;0.000;0.000;4.750;1635.249;
08.05.2026 00:45:00;2904.748;1666.537;1678.705;3010.341;2.285;3.065;12.219;0.450;0.000;0.000;1.000;0.000;0.000;4.750;1671.398;
08.05.2026 01:00:00;2904.748;1626.749;1588.064;3011.336;2.285;3.064;12.170;0.450;0.000;0.000;1.000;0.000;0.000;4.750;1631.499;
08.05.2026 01:15:00;2904.748;1450.461;1359.530;3011.115;2.285;3.064;12.381;0.450;0.000;0.000;1.000;0.000;0.000;4.750;1455.211;
08.05.2026 01:30:00;2904.748;1339.501;1216.390;3010.927;2.286;3.062;12.168;0.450;0.000;0.000;1.000;0.000;0.000;4.750;1344.251;
08.05.2026 01:45:00;2904.748;1446.729;1830.197;3008.593;2.286;3.062;12.033;0.491;0.000;0.000;1.000;0.000;0.000;4.750;1451.566;
08.05.2026 02:00:00;2904.748;1650.749;1770.579;3009.518;2.285;3.062;11.964;0.449;0.000;0.000;1.000;0.000;0.000;4.750;1655.499;
08.05.2026 02:15:00;2904.748;1600.314;1571.979;3009.242;2.285;3.062;11.889;0.450;0.000;0.000;1.000;0.000;0.000;4.750;1605.339;
08.05.2026 02:30:00;2904.748;1440.122;1398.290;3009.755;2.285;3.061;11.571;0.450;0.000;0.000;1.000;0.000;0.000;4.750;1444.788;
08.05.2026 02:45:00;2904.748;1284.520;1301.701;3009.450;2.285;3.062;11.426;0.450;0.000;0.000;1.000;0.000;0.000;4.750;1289.331;
08.05.2026 03:00:00;2904.748;1201.871;1195.981;3009.439;2.285;3.060;11.512;0.450;0.000;0.000;1.000;0.000;0.000;4.750;1206.624;
08.05.2026 03:15:00;2904.748;1264.124;1259.251;3008.938;2.285;3.062;11.282;0.450;0.000;0.000;1.000;0.000;0.000;4.750;1268.874;
08.05.2026 03:30:00;2904.748;1292.135;1369.262;3009.466;2.284;3.059;11.122;0.450;0.000;0.000;1.000;0.000;0.000;4.750;1296.916;
08.05.2026 03:45:00;2904.748;1484.249;1951.655;3009.518;2.285;3.059;10.866;0.450;0.000;0.000;1.000;0.000;0.000;4.750;1488.999;
08.05.2026 04:00:00;2904.748;1793.626;1859.002;3009.177;2.285;3.058;10.775;0.450;0.000;0.000;1.000;0.000;0.000;4.750;1798.376;
08.05.2026 04:15:00;2904.642;1630.499;1699.230;3010.007;2.284;3.059;10.624;0.450;0.000;0.000;1.000;0.000;0.000;4.750;1635.249;
08.05.2026 04:30:00;2904.748;1506.170;1561.991;3009.297;2.284;3.057;10.590;0.450;0.000;0.000;1.000;0.000;0.000;4.750;1510.789;
08.05.2026 04:45:00;2904.748;1403.621;1497.312;3009.729;2.284;3.059;10.637;0.463;0.000;0.000;1.000;0.000;0.000;4.750;1408.374;
08.05.2026 05:00:00;2904.748;1321.124;1431.175;3008.443;2.284;3.057;10.525;0.450;0.000;0.000;1.000;0.000;0.000;4.750;1325.874;
08.05.2026 05:15:00;2904.748;1256.999;1418.367;3009.433;2.284;3.056;10.505;0.450;0.000;0.000;1.000;0.000;0.000;4.750;1261.749;
08.05.2026 05:30:00;2904.748;1218.376;1360.563;3009.536;2.284;3.055;10.649;0.450;0.000;0.000;1.000;0.000;0.000;4.750;1223.126;
08.05.2026 05:45:00;2904.748;1256.999;1475.058;3010.289;2.284;3.057;10.680;0.805;0.000;0.000;1.000;0.000;0.000;4.750;1261.749;
08.05.2026 06:00:00;2904.748;1303.360;1661.820;3010.005;2.283;3.055;10.717;2.797;0.000;0.000;1.000;0.000;0.000;4.750;1308.080;
08.05.2026 06:15:00;2904.748;1371.143;1533.840;3010.539;2.283;3.053;10.726;8.537;0.000;0.000;1.000;0.000;0.000;4.750;1375.999;
08.05.2026 06:30:00;2904.748;1405.499;1635.915;3009.796;2.284;3.055;10.512;13.059;0.000;0.000;1.000;0.000;0.000;4.750;1410.169;
08.05.2026 06:45:00;2904.745;1431.001;1768.802;3010.010;2.283;3.054;10.432;18.675;0.000;0.000;1.000;0.000;0.000;4.750;1435.751;
08.05.2026 07:00:00;2904.714;1440.170;1925.189;3009.594;2.284;3.054;10.447;24.073;0.000;0.000;1.000;0.000;0.000;4.750;1444.846;
08.05.2026 07:15:00;2904.745;1406.986;1727.885;3009.151;2.283;3.053;10.543;28.464;0.000;0.000;1.000;0.000;0.000;4.750;1411.746;
08.05.2026 07:30:00;2904.745;1397.999;1747.187;3010.087;2.283;3.053;10.322;29.666;0.000;0.000;1.000;0.000;0.000;4.750;1402.749;
08.05.2026 07:45:00;2904.748;1412.624;1750.520;3009.722;2.283;3.053;10.257;32.399;0.000;0.000;1.000;0.000;0.000;4.750;1417.374;
08.05.2026 08:00:00;2904.748;1419.376;1678.120;3010.431;2.283;3.052;10.611;36.787;0.000;0.000;1.000;0.000;0.000;18.250;1437.626;
08.05.2026 08:15:00;2904.683;1263.277;1797.491;3010.211;2.283;3.052;10.783;42.372;0.000;0.000;1.000;0.000;0.000;49.957;1313.126;
08.05.2026 08:30:00;2904.512;1170.998;1745.380;3009.593;2.283;3.052;10.903;41.704;0.000;0.000;1.000;0.000;0.000;74.250;1245.249;
08.05.2026 08:45:00;2904.264;1075.059;1699.152;3009.847;2.283;3.051;10.916;46.082;0.000;0.000;1.000;0.000;0.000;100.186;1175.499;
08.05.2026 09:00:00;2904.495;964.001;1424.127;3009.806;2.283;3.050;11.612;733.324;0.000;0.000;1.000;0.000;0.000;144.274;1108.001;
08.05.2026 09:15:00;2904.320;850.999;1252.814;3009.247;2.282;3.050;15.850;757.536;0.000;0.000;1.000;0.000;0.000;178.250;1029.249;
08.05.2026 09:30:00;2904.341;781.695;1338.607;3010.221;2.282;3.051;18.649;783.920;0.000;0.000;1.000;0.000;0.000;210.752;992.499;
08.05.2026 09:45:00;2904.670;703.949;1156.529;3009.337;2.283;3.051;20.701;781.751;0.000;0.000;1.000;0.000;0.000;242.764;946.749;
08.05.2026 10:00:00;2904.534;614.875;1083.980;3010.047;2.283;3.052;22.675;768.037;0.000;0.000;1.000;0.000;0.000;288.000;902.874;
08.05.2026 10:15:00;2504.712;515.573;1180.867;3009.100;2.268;3.049;24.027;789.818;0.000;0.000;1.000;0.000;0.000;317.436;833.124;
08.05.2026 10:30:00;2003.516;477.249;969.434;2715.375;2.283;3.068;25.885;843.797;0.000;0.000;1.000;0.000;0.000;357.750;834.999;
08.05.2026 10:45:00;1504.249;383.310;1011.017;2342.421;2.300;3.113;26.401;938.996;0.000;0.000;1.000;0.000;0.000;407.750;791.108;
08.05.2026 11:00:00;1002.647;335.239;879.135;1789.543;2.316;3.122;26.513;1086.544;0.000;0.000;1.000;0.000;0.000;457.750;792.997;
08.05.2026 11:15:00;803.249;220.797;1019.852;1753.925;2.323;3.127;27.754;1378.481;0.000;0.000;1.000;0.000;0.000;487.567;708.624;
08.05.2026 11:30:00;604.249;203.487;1036.304;1664.403;2.329;3.134;28.314;1412.457;0.000;0.000;1.000;0.000;0.000;527.251;730.747;
08.05.2026 11:45:00;606.723;203.247;1096.861;1706.447;2.331;3.131;29.562;1448.308;0.000;0.000;1.000;0.000;0.000;556.749;759.999;
08.05.2026 12:00:00;562.992;160.705;891.333;1479.267;2.335;3.133;30.199;1170.084;0.000;0.000;1.000;0.000;0.000;587.249;748.208;
08.05.2026 12:15:00;385.750;-17.125;527.650;1064.141;2.343;3.149;30.249;1213.111;0.000;0.000;1.000;0.000;0.000;613.961;596.874;
08.05.2026 12:30:00;275.683;-127.218;499.313;1107.838;2.349;3.150;30.541;1095.577;0.000;0.000;1.000;0.000;0.000;657.989;530.840;
08.05.2026 12:45:00;203.565;-199.915;427.356;1043.985;2.352;3.154;30.345;1013.702;0.000;0.000;1.000;0.000;0.000;675.726;475.706;
08.05.2026 13:00:00;217.238;-186.625;290.400;925.393;2.354;3.157;31.121;983.440;0.000;0.000;1.000;0.000;0.000;695.749;509.125;
08.05.2026 13:15:00;178.250;-224.235;787.273;1535.189;2.353;3.109;30.810;575.366;0.000;0.000;1.000;0.000;0.000;681.875;457.750;
08.05.2026 13:30:00;221.000;-183.208;1250.061;1779.824;2.345;3.075;28.066;530.686;0.000;0.000;1.000;0.000;0.000;681.082;497.875;
08.05.2026 13:45:00;221.000;-182.500;1249.390;1955.810;2.343;3.062;26.872;553.761;0.000;0.000;1.000;0.000;0.000;689.749;507.250;
08.05.2026 14:00:00;204.965;-197.099;1167.653;1828.436;2.350;3.068;26.184;541.575;0.000;0.000;1.000;0.000;0.000;685.940;488.815;
08.05.2026 14:15:00;240.550;-161.375;1400.792;2079.752;2.345;3.048;25.319;428.857;0.000;0.000;1.000;0.000;0.000;659.249;497.875;
08.05.2026 14:30:00;282.000;-120.809;987.365;1713.200;2.344;3.072;24.915;539.015;0.000;0.000;1.000;0.000;0.000;615.251;494.483;
08.05.2026 14:45:00;284.250;-117.913;1163.674;1769.535;2.350;3.080;25.512;226.714;0.000;0.000;1.000;0.000;0.000;606.749;488.784;
08.05.2026 15:00:00;267.250;-136.749;1032.212;1668.958;2.345;3.057;25.127;309.183;0.000;0.000;1.000;0.000;0.000;594.499;457.750;
08.05.2026 15:15:00;266.000;-137.311;988.158;1568.874;2.343;3.089;23.781;415.239;0.000;0.000;1.000;0.000;0.000;576.842;439.375;
08.05.2026 15:30:00;803.249;-134.019;654.960;1923.993;2.333;3.089;23.876;1106.697;0.000;0.000;1.000;0.000;0.000;567.786;433.750;
08.05.2026 15:45:00;1504.249;-51.837;577.056;2379.391;2.322;3.085;25.590;1084.154;0.000;0.000;1.000;0.000;0.000;536.991;485.125;
08.05.2026 16:00:00;2204.562;-18.876;648.778;3007.463;2.299;3.100;26.420;990.391;0.000;0.000;1.000;0.000;0.000;507.750;488.875;
08.05.2026 16:15:00;2904.748;35.373;1351.787;3016.802;2.286;3.089;26.632;282.895;0.000;0.000;1.000;0.000;0.000;466.250;501.625;
08.05.2026 16:30:00;2904.748;76.121;1375.339;3014.530;2.282;3.078;24.390;194.287;0.000;0.000;1.000;0.000;0.000;442.001;518.124;
08.05.2026 16:45:00;2904.748;158.277;1379.016;3014.242;2.281;3.064;23.229;256.545;0.000;0.000;1.000;0.000;0.000;393.000;551.253;
08.05.2026 17:00:00;2904.748;228.594;813.504;3012.257;2.281;3.051;23.154;960.982;0.000;0.000;1.000;0.000;0.000;347.922;576.624;
08.05.2026 17:15:00;2904.748;354.751;1420.940;3013.547;2.282;3.048;24.708;309.616;0.000;0.000;1.000;0.000;0.000;310.000;664.749;
08.05.2026 17:30:00;2904.647;485.301;1259.960;3013.875;2.282;3.046;23.938;267.969;0.000;0.000;1.000;0.000;0.000;262.227;747.251;
08.05.2026 17:45:00;2904.718;658.249;1319.838;3013.031;2.281;3.046;23.366;339.710;0.000;0.000;1.000;0.000;0.000;213.500;871.749;
08.05.2026 18:00:00;2904.748;814.067;1406.865;3013.107;2.282;3.047;23.058;199.450;0.000;0.000;1.000;0.000;0.000;178.255;992.348;
08.05.2026 18:15:00;2904.748;967.162;1581.471;3013.795;2.281;3.049;22.992;140.383;0.000;0.000;1.000;0.000;0.000;153.750;1120.840;
08.05.2026 18:30:00;2904.748;1097.403;1541.321;3013.311;2.282;3.049;22.217;116.911;0.000;0.000;1.000;0.000;0.000;131.500;1228.806;
08.05.2026 18:45:00;2904.748;1205.503;1558.584;3013.994;2.282;3.050;21.094;75.263;0.000;0.000;1.000;0.000;0.000;97.500;1303.067;
08.05.2026 19:00:00;2904.748;1312.365;1636.285;3014.391;2.282;3.049;20.359;67.583;0.000;0.000;1.000;0.000;0.000;82.925;1395.249;
08.05.2026 19:15:00;2904.748;1395.610;1578.681;3014.045;2.283;3.049;20.343;57.574;0.000;0.000;1.000;0.000;0.000;59.750;1455.349;
08.05.2026 19:30:00;2904.748;1474.537;1577.373;3013.620;2.282;3.050;19.910;50.362;0.000;0.000;1.000;0.000;0.000;40.250;1514.690;
08.05.2026 19:45:00;2904.748;1517.394;1525.016;3013.699;2.282;3.049;19.476;29.037;0.000;0.000;1.000;0.000;0.000;21.766;1539.638;
08.05.2026 20:00:00;2904.744;1553.116;1638.863;3013.918;2.282;3.050;19.077;23.752;0.000;0.000;1.000;0.000;0.000;10.753;1563.862;
08.05.2026 20:15:00;2904.748;1570.124;1692.157;3013.587;2.282;3.050;18.772;7.168;0.000;0.000;1.000;0.000;0.000;4.750;1574.794;
08.05.2026 20:30:00;2904.748;1603.937;1688.698;3014.054;2.282;3.050;18.783;1.090;0.000;0.000;1.000;0.000;0.000;4.750;1608.550;
08.05.2026 20:45:00;2904.657;1613.999;1610.771;3013.590;2.282;3.051;18.474;0.450;0.200;0.000;1.000;0.000;0.000;4.750;1618.749;
08.05.2026 21:00:00;2904.748;1615.874;1658.575;3013.761;2.282;3.053;17.301;0.450;2.600;0.000;1.000;0.000;0.000;4.750;1620.624;
08.05.2026 21:15:00;2904.748;1673.900;1846.118;3013.019;2.287;3.087;16.362;0.451;5.600;0.000;1.000;0.000;0.000;4.750;1678.841;
08.05.2026 21:30:00;2904.748;1756.874;1841.884;3013.851;2.290;3.107;15.718;0.453;9.000;0.000;1.000;0.000;0.000;4.750;1761.624;
08.05.2026 21:45:00;2904.748;1694.624;1597.476;3013.460;2.295;3.110;15.157;0.453;11.400;0.000;1.000;0.000;0.000;4.750;1699.374;
08.05.2026 22:00:00;2904.746;1623.374;1635.635;3013.715;2.294;3.110;14.798;0.450;12.200;0.000;1.000;0.000;0.000;4.750;1628.124;
08.05.2026 22:15:00;2904.748;1570.080;1801.608;3013.003;2.292;3.101;14.639;0.515;13.000;0.000;1.000;0.000;0.000;4.761;1574.874;
08.05.2026 22:30:00;2904.748;1562.999;1610.345;3012.787;2.291;3.098;14.731;0.503;13.000;0.000;1.000;0.000;0.000;4.750;1567.749;
08.05.2026 22:45:00;2904.748;1615.874;1821.637;3012.083;2.290;3.092;14.733;0.477;13.000;0.000;1.000;0.000;0.000;4.750;1620.455;
08.05.2026 23:00:00;2904.748;1632.374;1668.115;3012.801;2.288;3.090;14.575;0.567;13.000;0.000;1.000;0.000;0.000;4.750;1637.124;
08.05.2026 23:15:00;2904.748;1630.499;1726.927;3011.336;2.288;3.086;14.439;0.464;13.000;0.000;1.000;0.000;0.000;4.750;1635.249;
08.05.2026 23:30:00;2904.748;1588.480;1671.977;3011.772;2.286;3.083;14.217;0.488;13.000;0.000;1.000;0.000;0.000;4.750;1593.245;
08.05.2026 23:45:00;2904.748;1498.876;1530.000;3013.687;2.286;3.081;14.174;0.479;13.000;0.000;1.000;0.000;0.000;4.750;1503.626;
09.05.2026 00:00:00;2904.738;1444.206;1689.057;3011.824;2.286;3.075;14.139;0.475;13.000;0.000;1.000;0.000;0.000;4.749;1448.693;
09.05.2026 00:15:00;2904.748;1454.537;1519.301;3012.397;2.285;3.074;14.154;0.478;0.000;0.000;1.000;0.000;0.000;4.755;1459.164;
09.05.2026 00:30:00;2904.748;1559.249;1831.653;3012.502;2.284;3.071;14.088;0.453;0.000;0.000;1.000;0.000;0.000;4.750;1563.999;
09.05.2026 00:45:00;2904.748;1630.499;1678.005;3013.348;2.284;3.068;14.109;0.477;0.000;0.000;1.000;0.000;0.000;4.750;1635.249;
09.05.2026 01:00:00;2904.748;1521.877;1471.041;3013.141;2.284;3.065;14.003;0.468;0.000;0.000;1.000;0.000;0.000;4.750;1526.912;
09.05.2026 01:15:00;2904.748;1324.874;1346.214;3013.419;2.284;3.068;13.901;0.470;0.000;0.000;1.000;0.000;0.000;4.750;1329.624;
09.05.2026 01:30:00;2904.708;1224.033;1166.876;3012.594;2.283;3.064;13.854;0.459;0.000;0.000;1.000;0.000;0.000;4.750;1228.758;
09.05.2026 01:45:00;2904.748;1387.124;1789.778;3010.633;2.284;3.062;13.680;0.462;0.000;0.000;1.000;0.000;0.000;4.750;1391.874;
09.05.2026 02:00:00;2904.748;1628.624;1677.636;3012.180;2.284;3.061;13.689;0.488;0.000;0.000;1.000;0.000;0.000;4.750;1633.374;
09.05.2026 02:15:00;2904.748;1515.500;1498.769;3012.519;2.283;3.060;13.590;0.458;0.000;0.000;1.000;0.000;0.000;4.750;1520.160;
09.05.2026 02:30:00;2904.748;1359.536;1310.533;3012.318;2.283;3.060;13.523;0.468;0.000;0.000;1.000;0.000;0.000;4.750;1364.162;
09.05.2026 02:45:00;2904.748;1218.376;1160.003;3013.607;2.283;3.059;13.320;0.451;0.000;0.000;1.000;0.000;0.000;4.750;1223.126;
09.05.2026 03:00:00;2904.724;1135.417;1107.139;3013.323;2.283;3.058;13.424;0.464;0.000;0.000;1.000;0.000;0.000;4.750;1140.272;
09.05.2026 03:15:00;2904.748;1123.506;1168.265;3013.465;2.283;3.055;13.263;0.517;0.000;0.000;1.000;0.000;0.000;4.750;1128.082;
09.05.2026 03:30:00;2904.748;1150.840;1106.832;3013.208;2.282;3.056;12.825;0.476;0.000;0.000;1.000;0.000;0.000;4.750;1155.616;
09.05.2026 03:45:00;2904.748;1390.499;1762.387;3012.813;2.283;3.056;12.796;0.454;0.000;0.000;1.000;0.000;0.000;4.750;1395.249;
09.05.2026 04:00:00;2904.748;1674.247;1582.976;3012.755;2.283;3.055;12.832;0.451;0.000;0.000;1.000;0.000;0.000;4.750;1679.096;
09.05.2026 04:15:00;2904.752;1534.623;1427.843;3012.171;2.283;3.054;13.010;0.472;0.000;0.000;1.000;0.000;0.000;4.750;1539.172;
09.05.2026 04:30:00;2904.748;1368.838;1317.043;3012.938;2.282;3.053;12.977;0.470;0.000;0.000;1.000;0.000;0.000;4.747;1373.570;
09.05.2026 04:45:00;2904.748;1249.496;1328.606;3012.776;2.282;3.054;12.977;0.501;0.000;0.000;1.000;0.000;0.000;4.750;1254.249;
09.05.2026 05:00:00;2904.748;1185.322;1232.146;3012.593;2.282;3.052;12.954;0.450;0.000;0.000;1.000;0.000;0.000;4.750;1190.110;
09.05.2026 05:15:00;2904.748;1198.501;1282.976;3012.412;2.282;3.051;12.811;0.450;0.000;0.000;1.000;0.000;0.000;4.750;1203.251;
09.05.2026 05:30:00;2904.748;1148.999;1297.990;3012.376;2.281;3.051;12.771;0.477;0.000;0.000;1.000;0.000;0.000;4.750;1153.803;
09.05.2026 05:45:00;2904.748;1156.124;1288.709;3011.551;2.281;3.051;12.813;0.460;0.000;0.000;1.000;0.000;0.000;4.750;1160.874;
09.05.2026 06:00:00;2904.748;1200.374;1389.836;3011.237;2.281;3.049;12.739;5.402;0.000;0.000;1.000;0.000;0.000;4.750;1205.124;
09.05.2026 06:15:00;2904.748;1189.124;1434.199;3011.918;2.281;3.049;12.692;14.175;0.000;0.000;1.000;0.000;0.000;4.750;1193.874;
09.05.2026 06:30:00;2904.748;1211.278;1399.550;3012.730;2.281;3.049;12.760;27.897;0.000;0.000;1.000;0.000;0.000;4.750;1216.007;
09.05.2026 06:45:00;2904.748;1238.225;1417.135;3012.159;2.281;3.049;12.877;34.168;0.000;0.000;1.000;0.000;0.000;8.500;1246.771;
09.05.2026 07:00:00;2904.748;1282.121;1339.078;3012.570;2.281;3.048;12.520;34.041;0.000;0.000;1.000;0.000;0.000;10.751;1292.874;
09.05.2026 07:15:00;2904.748;1260.573;1260.547;3012.156;2.281;3.048;12.307;36.787;0.000;0.000;1.000;0.000;0.000;12.113;1272.613;
09.05.2026 07:30:00;2904.748;1258.743;1331.780;3011.747;2.281;3.048;12.412;52.987;0.000;0.000;1.000;0.000;0.000;15.752;1274.501;
09.05.2026 07:45:00;2904.748;1266.498;1284.277;3011.553;2.281;3.048;12.413;85.016;0.000;0.000;1.000;0.000;0.000;20.751;1287.251;
09.05.2026 08:00:00;2904.748;1301.257;1157.065;3010.068;2.281;3.046;12.892;148.666;0.000;0.000;1.000;0.000;0.000;29.887;1331.499;
09.05.2026 08:15:00;2904.466;1353.961;1239.704;3009.569;2.281;3.047;13.185;208.761;0.000;0.000;1.000;0.000;0.000;41.946;1395.731;
09.05.2026 08:30:00;2904.577;1345.120;1207.133;2996.806;2.282;3.047;13.839;284.852;0.000;0.000;1.000;0.000;0.000;63.250;1408.374;
09.05.2026 08:45:00;2904.507;1323.568;1321.491;3011.470;2.281;3.046;14.492;258.583;0.000;0.000;1.000;0.000;0.000;89.690;1413.479;
09.05.2026 09:00:00;2904.461;1301.624;1301.210;3012.083;2.280;3.046;14.822;251.323;0.000;0.000;1.000;0.000;0.000;119.500;1421.124;
09.05.2026 09:15:00;2904.526;1293.749;1298.664;2915.581;2.282;3.054;15.353;217.301;0.000;0.000;1.000;0.000;0.000;162.250;1455.999;
09.05.2026 09:30:00;2904.538;1203.349;1325.403;3005.111;2.281;3.046;15.764;292.724;0.000;0.000;1.000;0.000;0.000;234.257;1437.624;
09.05.2026 09:45:00;2904.548;1107.887;881.680;2655.187;2.285;3.072;17.006;889.794;0.000;0.000;1.000;0.000;0.000;307.824;1415.495;
09.05.2026 10:00:00;2904.724;1040.305;737.850;2634.006;2.292;3.063;20.627;801.210;0.000;0.000;1.000;0.000;0.000;350.286;1390.647;
09.05.2026 10:15:00;2904.684;987.180;651.461;2607.331;2.290;3.068;22.463;1006.241;0.000;0.000;1.000;0.000;0.000;366.169;1353.249;
09.05.2026 10:30:00;2904.568;939.616;654.861;2593.545;2.293;3.071;25.176;998.210;0.000;0.000;1.000;0.000;0.000;402.750;1342.373;
09.05.2026 10:45:00;2904.615;828.697;734.163;2837.005;2.293;3.050;26.777;1247.052;0.000;0.000;1.000;0.000;0.000;442.000;1270.738;
09.05.2026 11:00:00;2904.699;765.225;627.689;2747.501;2.292;3.049;28.071;1447.979;0.000;0.000;1.000;0.000;0.000;478.500;1243.798;
09.05.2026 11:15:00;2904.322;582.875;656.732;3001.857;2.286;3.058;28.209;1448.126;0.000;0.000;1.000;0.000;0.000;512.223;1094.874;
09.05.2026 11:30:00;2904.658;541.438;620.782;2946.524;2.282;3.061;29.142;1448.255;0.000;0.000;1.000;0.000;0.000;538.249;1079.720;
09.05.2026 11:45:00;2904.531;528.455;1067.818;3010.985;2.281;3.054;28.919;1447.796;0.200;0.000;1.000;0.000;0.000;561.128;1089.570;
09.05.2026 12:00:00;2904.644;552.375;608.527;3008.424;2.280;3.052;30.263;1332.974;0.200;0.000;1.000;0.000;0.000;577.499;1129.785;
09.05.2026 12:15:00;2904.522;618.955;462.742;2730.997;2.283;3.059;31.328;1099.355;0.200;0.000;1.000;0.000;0.000;589.512;1208.499;
09.05.2026 12:30:00;2904.636;553.707;427.429;2812.029;2.289;3.040;30.424;1038.102;0.200;0.000;1.000;0.000;0.000;600.055;1153.730;
09.05.2026 12:45:00;2904.615;501.893;339.804;2767.996;2.291;3.034;32.589;877.951;0.200;0.000;1.000;0.000;0.000;606.165;1107.999;
09.05.2026 13:00:00;2904.486;497.218;397.919;2827.742;2.292;3.036;33.563;1070.615;0.200;0.000;1.000;0.000;0.000;608.597;1106.124;
09.05.2026 13:15:00;2904.557;495.948;352.546;2721.604;2.291;3.051;33.699;1235.620;0.200;0.000;1.000;0.000;0.000;613.890;1109.874;
09.05.2026 13:30:00;2904.635;427.431;390.169;2795.354;2.289;3.056;34.223;1447.816;0.200;0.000;1.000;0.000;0.000;631.249;1058.384;
09.05.2026 13:45:00;2904.685;388.872;319.727;2773.406;2.289;3.067;34.184;1447.761;0.200;0.000;1.000;0.000;0.000;605.916;994.631;
09.05.2026 14:00:00;2904.531;465.081;804.204;3011.433;2.288;3.066;33.847;1102.779;0.200;0.000;1.000;0.000;0.000;505.262;970.374;
09.05.2026 14:15:00;2904.517;502.875;1159.178;3011.596;2.282;3.055;30.312;338.360;0.200;0.000;1.000;0.000;0.000;405.304;908.126;
09.05.2026 14:30:00;2904.458;506.318;953.405;3011.907;2.280;3.051;27.592;368.265;0.200;0.000;1.000;0.000;0.000;355.445;861.463;
09.05.2026 14:45:00;2904.421;516.990;189.735;2433.967;2.283;3.089;27.234;1448.171;0.200;0.000;1.000;0.000;0.000;305.253;822.249;
09.05.2026 15:00:00;2904.468;545.124;562.162;2825.215;2.287;3.065;29.915;1043.259;0.200;0.000;1.000;0.000;0.000;255.000;800.124;
09.05.2026 15:15:00;2904.398;512.125;75.566;2436.079;2.284;3.071;28.523;1180.103;0.200;0.000;1.000;0.000;0.000;255.000;767.126;
09.05.2026 15:30:00;2904.353;488.440;475.759;2867.860;2.286;3.083;29.000;770.419;0.200;0.000;1.000;0.000;0.000;255.097;743.499;
09.05.2026 15:45:00;2904.461;461.097;412.959;2779.778;2.285;3.085;29.644;964.752;0.200;0.000;1.000;0.000;0.000;255.022;715.980;
09.05.2026 16:00:00;2904.173;469.878;556.373;2989.403;2.282;3.068;29.180;1112.756;0.200;0.000;1.000;0.000;0.000;255.038;724.837;
09.05.2026 16:15:00;2904.748;556.788;820.317;2990.226;2.284;3.079;29.426;936.036;0.200;0.000;1.000;0.000;0.000;256.004;812.874;
09.05.2026 16:30:00;2904.748;661.124;560.147;2863.463;2.285;3.065;28.875;1345.208;0.200;0.000;1.000;0.000;0.000;205.000;866.124;
09.05.2026 16:45:00;2904.748;754.730;828.753;2900.257;2.288;3.057;28.644;1185.466;0.200;0.000;1.000;0.000;0.000;155.000;909.795;
09.05.2026 17:00:00;2904.657;847.374;1055.908;3012.425;2.285;3.051;28.019;336.595;0.200;0.000;1.000;0.000;0.000;105.000;952.374;
09.05.2026 17:15:00;2904.748;950.952;1156.416;3011.630;2.283;3.057;27.055;207.005;0.200;0.000;1.000;0.000;0.000;105.000;1056.259;
09.05.2026 17:30:00;2904.748;1030.205;1269.986;3012.308;2.281;3.057;25.647;200.653;0.200;0.000;1.000;0.000;0.000;105.000;1135.327;
09.05.2026 17:45:00;2904.748;1088.874;946.990;2770.847;2.285;3.074;25.039;565.224;0.200;0.000;1.000;0.000;0.000;105.000;1193.874;
09.05.2026 18:00:00;2904.748;1152.999;919.203;2770.118;2.291;3.067;25.482;465.928;0.200;0.000;1.000;0.000;0.000;105.000;1257.999;
09.05.2026 18:15:00;2904.748;1177.013;1192.510;2943.361;2.291;3.058;25.473;388.419;0.200;0.000;1.000;0.000;0.000;104.996;1282.001;
09.05.2026 18:30:00;2904.748;1331.999;1121.335;2800.995;2.293;3.073;25.480;443.958;0.200;0.000;1.000;0.000;0.000;4.750;1336.749;
09.05.2026 18:45:00;2904.748;1371.598;1176.534;2698.206;2.294;3.068;25.301;598.607;0.200;0.000;1.000;0.000;0.000;4.750;1376.080;
09.05.2026 19:00:00;2904.706;1407.001;1402.145;2895.361;2.289;3.064;24.356;85.566;0.200;0.000;1.000;0.000;0.000;4.750;1411.751;
09.05.2026 19:15:00;2904.748;1421.624;1345.297;2872.493;2.289;3.071;23.317;158.675;0.200;0.000;1.000;0.000;0.000;4.750;1426.374;
09.05.2026 19:30:00;2904.748;1429.183;1301.075;2745.983;2.292;3.069;22.797;148.501;0.200;0.000;1.000;0.000;0.000;4.750;1433.888;
09.05.2026 19:45:00;2904.748;1427.249;1416.184;2870.741;2.292;3.058;22.258;93.917;0.200;0.000;1.000;0.000;0.000;4.750;1431.999;
09.05.2026 20:00:00;2904.748;1421.623;1444.279;2987.917;2.287;3.063;21.232;49.787;0.200;0.000;1.000;0.000;0.000;4.750;1426.374;
09.05.2026 20:15:00;2904.748;1467.749;1512.158;2975.009;2.286;3.068;20.836;27.890;0.200;0.000;1.000;0.000;0.000;4.750;1472.499;
09.05.2026 20:30:00;2904.748;1478.623;1485.294;2898.871;2.286;3.066;20.202;14.737;0.200;0.000;1.000;0.000;0.000;4.750;1483.374;
09.05.2026 20:45:00;2904.748;1500.360;1415.310;2826.543;2.287;3.068;19.997;4.837;0.200;0.000;1.000;0.000;0.000;4.753;1505.036;
09.05.2026 21:00:00;2904.748;1497.001;1422.643;2862.533;2.288;3.063;19.605;1.016;0.200;0.000;1.000;0.000;0.000;4.750;1501.751;
09.05.2026 21:15:00;2904.748;1610.624;1791.168;3011.982;2.285;3.060;19.282;0.456;0.200;0.000;1.000;0.000;0.000;4.750;1615.374;
09.05.2026 21:30:00;2904.748;1650.749;1623.568;2923.970;2.284;3.064;18.793;0.451;0.200;0.000;1.000;0.000;0.000;4.751;1655.501;
09.05.2026 21:45:00;2904.746;1606.271;1496.470;2843.689;2.287;3.070;18.597;0.450;0.200;0.000;1.000;0.000;0.000;4.750;1611.261;
09.05.2026 22:00:00;2904.748;1534.987;1381.013;2772.096;2.289;3.063;18.311;0.451;0.200;0.000;1.000;0.000;0.000;4.753;1539.855;
09.05.2026 22:15:00;2904.748;1518.059;1496.525;2932.173;2.291;3.052;17.891;0.491;0.200;0.000;1.000;0.000;0.000;4.751;1522.489;
09.05.2026 22:30:00;2904.748;1506.397;1429.119;2824.539;2.290;3.061;17.417;0.460;0.200;0.000;1.000;0.000;0.000;4.750;1511.171;
09.05.2026 22:45:00;2904.748;1581.002;1589.148;2928.089;2.287;3.064;17.315;0.439;0.200;0.000;1.000;0.000;0.000;4.750;1585.997;
09.05.2026 23:00:00;2904.748;1612.124;1515.585;2886.248;2.288;3.073;17.137;0.450;0.200;0.000;1.000;0.000;0.000;4.810;1616.874;
09.05.2026 23:15:00;2904.748;1632.350;1571.862;2850.996;2.288;3.068;17.295;0.450;0.200;0.000;1.000;0.000;0.000;4.750;1637.120;
09.05.2026 23:30:00;2904.748;1594.587;1579.912;2909.970;2.288;3.055;17.027;0.450;0.200;0.000;1.000;0.000;0.000;4.750;1599.817;
09.05.2026 23:45:00;2904.748;1507.939;1401.003;2786.041;2.288;3.062;16.976;0.460;0.200;0.000;1.000;0.000;0.000;4.750;1512.641;
10.05.2026 00:00:00;2904.748;1438.127;1552.930;3012.604;2.286;3.060;16.410;0.511;0.200;0.000;1.000;0.000;0.000;4.750;1442.999;
10.05.2026 00:15:00;2904.748;1553.624;1506.059;2888.298;2.286;3.064;16.180;0.448;0.000;0.000;1.000;0.000;0.000;4.750;1558.374;
10.05.2026 00:30:00;2904.747;1652.952;1771.543;3011.473;2.285;3.062;16.050;0.537;0.000;0.000;1.000;0.000;0.000;4.753;1657.775;
10.05.2026 00:45:00;2904.748;1720.544;1627.804;2808.781;2.286;3.063;15.782;0.456;0.000;0.000;1.000;0.000;0.000;4.727;1725.239;
10.05.2026 01:00:00;2904.748;1566.374;1381.365;2777.940;2.288;3.067;15.692;0.450;0.000;0.000;1.000;0.000;0.000;4.750;1571.124;
10.05.2026 01:15:00;2904.655;1337.624;1146.428;2808.787;2.288;3.062;15.811;0.452;0.000;0.000;1.000;0.000;0.000;4.750;1342.374;
10.05.2026 01:30:00;2904.748;1264.124;1123.648;2775.360;2.291;3.058;15.946;0.452;0.000;0.000;1.000;0.000;0.000;4.750;1268.874;
10.05.2026 01:45:00;2904.748;1540.874;1638.455;3012.075;2.289;3.058;16.168;0.450;0.000;0.000;1.000;0.000;0.000;4.750;1545.624;
10.05.2026 02:00:00;2904.748;1718.626;1625.865;2798.600;2.287;3.064;16.768;0.526;0.000;0.000;1.000;0.000;0.000;4.750;1723.376;
10.05.2026 02:15:00;2904.748;1577.624;1482.250;2811.747;2.287;3.065;17.745;0.440;0.000;0.000;1.000;0.000;0.000;4.785;1582.374;
10.05.2026 02:30:00;2904.748;1359.622;1192.054;2726.143;2.287;3.073;18.775;0.450;0.000;0.000;1.000;0.000;0.000;4.750;1364.656;
10.05.2026 02:45:00;2904.748;1264.123;1099.492;2718.489;2.290;3.066;19.294;0.450;0.000;0.000;1.000;0.000;0.000;4.750;1268.874;
10.05.2026 03:00:00;2904.748;1086.751;1005.248;2825.864;2.289;3.055;19.318;0.450;0.000;0.000;1.000;0.000;0.000;4.750;1091.501;
10.05.2026 03:15:00;2904.733;1064.624;1035.718;2889.258;2.288;3.056;19.128;0.450;0.000;0.000;1.000;0.000;0.000;4.750;1069.374;
10.05.2026 03:30:00;2904.748;1051.693;1050.824;2953.418;2.285;3.066;19.674;0.467;0.000;0.000;1.000;0.000;0.000;4.750;1055.965;
10.05.2026 03:45:00;2904.748;1617.747;1688.902;2988.355;2.286;3.065;19.450;0.477;0.000;0.000;1.000;0.000;0.000;4.750;1622.499;
10.05.2026 04:00:00;2904.748;1696.499;1451.338;2667.417;2.288;3.077;19.423;0.450;0.000;0.000;1.000;0.000;0.000;4.750;1701.249;
10.05.2026 04:15:00;2904.748;1502.249;1329.278;2779.167;2.290;3.062;19.562;0.506;0.000;0.000;1.000;0.000;0.000;4.750;1506.999;
10.05.2026 04:30:00;2904.748;1383.284;1186.827;2763.961;2.291;3.059;19.605;0.384;0.000;0.000;1.000;0.000;0.000;4.750;1388.104;
10.05.2026 04:45:00;2904.748;1234.516;1099.606;2855.191;2.290;3.053;19.587;0.450;0.000;0.000;1.000;0.000;0.000;4.750;1239.475;
10.05.2026 05:00:00;2904.748;1088.626;1025.279;2879.415;2.288;3.057;19.297;0.452;0.000;0.000;1.000;0.000;0.000;4.750;1093.376;
10.05.2026 05:15:00;2904.748;1062.749;1020.555;2859.330;2.287;3.057;19.081;0.452;0.000;0.000;1.000;0.000;0.000;4.755;1067.499;
10.05.2026 05:30:00;2904.748;1049.036;966.729;2889.250;2.286;3.058;18.526;0.450;0.000;0.000;1.000;0.000;0.000;4.750;1053.422;
10.05.2026 05:45:00;2904.639;1247.628;1016.458;2725.855;2.291;3.065;18.190;1.784;0.000;0.000;1.000;0.000;0.000;4.749;1252.374;
10.05.2026 06:00:00;2904.748;1280.627;1139.290;2784.925;2.294;3.047;17.300;4.836;0.000;0.000;1.000;0.000;0.000;4.750;1285.376;
10.05.2026 06:15:00;2904.748;1211.251;1141.315;2811.437;2.292;3.050;16.375;11.955;0.000;0.000;1.000;0.000;0.000;4.750;1216.001;
10.05.2026 06:30:00;2904.748;1156.124;1114.386;2856.798;2.290;3.054;15.300;24.656;0.000;0.000;1.000;0.000;0.000;4.750;1160.874;
10.05.2026 06:45:00;2904.748;1155.312;1145.035;2885.768;2.289;3.054;14.898;35.336;0.000;0.000;1.000;0.000;0.000;7.250;1162.697;
10.05.2026 07:00:00;2904.748;1224.259;1155.445;2848.192;2.288;3.057;14.725;52.069;0.000;0.000;1.000;0.000;0.000;13.285;1237.399;
10.05.2026 07:15:00;2904.742;1139.229;1193.291;2938.091;2.285;3.057;14.712;58.851;0.000;0.000;1.000;0.000;0.000;14.556;1153.746;
10.05.2026 07:30:00;2904.748;981.097;1160.430;3010.324;2.282;3.054;14.784;74.176;0.000;0.000;1.000;0.000;0.000;17.000;998.117;
10.05.2026 07:45:00;2904.740;1059.241;1146.033;2997.864;2.282;3.053;14.977;146.122;0.000;0.000;1.000;0.000;0.000;19.562;1078.749;
10.05.2026 08:00:00;2904.748;1113.798;1054.937;2806.611;2.284;3.056;15.353;163.823;0.000;0.000;1.000;0.000;0.000;23.129;1137.019;
10.05.2026 08:15:00;2904.748;1096.389;1088.540;2922.271;2.284;3.052;15.757;211.898;0.000;0.000;1.000;0.000;0.000;27.181;1123.613;
10.05.2026 08:30:00;2904.748;1156.363;1196.434;2960.394;2.285;3.047;16.462;216.781;0.000;0.000;1.000;0.000;0.000;33.951;1190.124;
10.05.2026 08:45:00;2904.748;1157.376;1185.454;2952.659;2.284;3.052;16.820;179.482;0.000;0.000;1.000;0.000;0.000;40.250;1197.626;
10.05.2026 09:00:00;2904.748;1157.624;1198.605;2967.959;2.284;3.051;16.938;168.459;0.000;0.000;1.000;0.000;0.000;47.500;1204.972;
10.05.2026 09:15:00;2904.746;1230.188;1226.285;2946.641;2.284;3.052;16.710;184.882;0.000;0.000;1.000;0.000;0.000;57.250;1287.309;
10.05.2026 09:30:00;2904.748;1223.292;1161.809;2854.705;2.286;3.048;17.092;209.251;0.000;0.000;1.000;0.000;0.000;69.607;1292.882;
10.05.2026 09:45:00;2904.748;1110.929;1257.204;3011.574;2.282;3.048;17.287;206.772;0.000;0.000;1.000;0.000;0.000;82.883;1193.874;
10.05.2026 10:00:00;2904.748;1082.999;1144.654;2993.701;2.280;3.049;17.406;288.302;0.000;0.000;1.000;0.000;0.000;96.250;1179.249;
10.05.2026 10:15:00;2904.748;1042.124;1209.823;3011.343;2.279;3.050;17.899;333.915;0.000;0.000;1.000;0.000;0.000;109.750;1151.874;
10.05.2026 10:30:00;2904.747;1086.081;936.608;2758.529;2.282;3.055;18.662;414.772;0.000;0.000;1.000;0.000;0.000;122.323;1208.499;
10.05.2026 10:45:00;2904.748;1067.244;823.127;2707.875;2.289;3.065;19.706;536.151;0.000;0.000;1.000;0.000;0.000;134.109;1201.374;
10.05.2026 11:00:00;2904.748;1063.975;989.042;2833.169;2.293;3.046;21.014;431.289;0.000;0.000;1.000;0.000;0.000;146.471;1210.374;
10.05.2026 11:15:00;2904.748;1085.721;880.560;2689.538;2.292;3.052;21.787;574.975;0.000;0.000;1.000;0.000;0.000;157.500;1243.222;
10.05.2026 11:30:00;2904.748;1178.709;735.641;2516.420;2.298;3.062;22.732;637.414;0.000;0.000;1.000;0.000;0.000;170.923;1349.499;
10.05.2026 11:45:00;2904.748;1170.944;585.740;2290.830;2.306;3.067;23.763;975.089;0.000;0.000;1.000;0.000;0.000;184.098;1355.124;
10.05.2026 12:00:00;2904.748;1061.499;729.426;2535.356;2.308;3.039;24.592;652.597;0.000;0.000;1.000;0.000;0.000;196.500;1257.999;
10.05.2026 12:15:00;2904.727;916.813;758.751;2780.757;2.297;3.058;24.598;586.241;0.000;0.000;1.000;0.000;0.000;207.500;1123.704;
10.05.2026 12:30:00;2904.748;1048.825;912.470;2739.353;2.296;3.065;24.328;526.051;0.000;0.000;1.000;0.000;0.000;214.762;1263.624;
10.05.2026 12:45:00;2904.748;936.395;968.220;2971.885;2.289;3.066;23.715;508.755;0.000;0.000;1.000;0.000;0.000;221.126;1157.499;
10.05.2026 13:00:00;2904.712;920.225;1111.903;3013.150;2.283;3.065;23.245;435.795;0.000;0.000;1.000;0.000;0.000;226.114;1146.249;
10.05.2026 13:15:00;2904.748;917.038;899.678;2914.762;2.280;3.062;23.225;475.223;0.000;0.000;1.000;0.000;0.000;227.139;1144.374;
10.05.2026 13:30:00;2904.748;963.019;1028.309;3003.557;2.281;3.053;23.149;395.081;0.000;0.000;1.000;0.000;0.000;229.132;1191.999;
10.05.2026 13:45:00;2904.657;979.155;925.712;2846.816;2.281;3.055;23.031;368.855;0.000;0.000;1.000;0.000;0.000;227.337;1206.624;
10.05.2026 14:00:00;2904.748;929.392;982.855;2999.964;2.281;3.046;22.998;368.602;0.000;0.000;1.000;0.000;0.000;226.137;1155.624;
10.05.2026 14:15:00;2904.748;891.155;1079.535;3009.313;2.281;3.046;23.094;395.494;0.000;0.000;1.000;0.000;0.000;224.707;1115.818;
10.05.2026 14:30:00;2904.748;879.520;933.210;2957.619;2.280;3.047;23.200;403.532;0.000;0.000;1.000;0.000;0.000;224.704;1104.251;
10.05.2026 14:45:00;2904.748;900.308;813.566;2896.521;2.280;3.050;23.036;501.581;0.000;0.000;1.000;0.000;0.000;223.278;1123.400;
10.05.2026 15:00:00;2904.748;764.326;766.809;2904.018;2.282;3.050;23.521;519.574;0.000;0.000;1.000;0.000;0.000;222.018;986.283;
10.05.2026 15:15:00;2904.748;925.832;830.903;2783.469;2.287;3.064;24.068;528.696;0.000;0.000;1.000;0.000;0.000;218.500;1144.362;
10.05.2026 15:30:00;2904.748;909.515;911.646;2931.847;2.287;3.046;24.415;467.065;0.000;0.000;1.000;0.000;0.000;212.245;1121.293;
10.05.2026 15:45:00;2904.748;976.244;999.187;2931.301;2.284;3.050;24.346;328.489;0.000;0.000;1.000;0.000;0.000;204.977;1181.129;
10.05.2026 16:00:00;2904.748;1028.717;1055.792;2952.134;2.283;3.056;23.474;348.599;0.000;0.000;1.000;0.000;0.000;196.471;1225.107;
10.05.2026 16:15:00;2904.748;982.251;1165.764;3009.844;2.281;3.052;23.396;328.116;0.000;0.000;1.000;0.000;0.000;188.000;1170.251;
10.05.2026 16:30:00;2904.748;1056.813;1181.565;3010.223;2.281;3.049;23.083;317.542;0.000;0.000;1.000;0.000;0.000;178.643;1235.365;
10.05.2026 16:45:00;2904.748;1069.174;1298.665;3012.434;2.280;3.048;22.724;251.761;0.000;0.000;1.000;0.000;0.000;169.944;1239.428;
10.05.2026 17:00:00;2904.748;1185.682;1057.457;2782.345;2.284;3.062;22.201;472.767;0.000;0.000;1.000;0.000;0.000;158.571;1344.249;
10.05.2026 17:15:00;2904.748;1076.496;1205.366;3004.664;2.288;3.055;21.866;362.947;0.000;0.000;1.000;0.000;0.000;141.466;1217.876;
10.05.2026 17:30:00;2904.748;1333.224;1148.262;2713.454;2.288;3.062;21.952;377.389;0.000;0.000;1.000;0.000;0.000;115.768;1449.078;
10.05.2026 17:45:00;2904.748;1291.515;1315.049;2892.014;2.288;3.054;21.686;290.679;0.000;0.000;1.000;0.000;0.000;89.000;1380.428;
10.05.2026 18:00:00;2904.748;1512.624;1324.987;2803.624;2.290;3.067;21.300;233.743;0.000;0.000;1.000;0.000;0.000;62.316;1574.874;
10.05.2026 18:15:00;2904.748;1423.749;1441.900;2950.350;2.288;3.056;21.059;205.698;0.000;0.000;1.000;0.000;0.000;45.000;1468.749;
10.05.2026 18:30:00;2904.748;1564.361;1280.685;2640.123;2.291;3.081;21.018;353.887;0.000;0.000;1.000;0.000;0.000;35.250;1599.859;
10.05.2026 18:45:00;2904.748;1448.682;1306.891;2768.008;2.292;3.057;21.217;216.890;0.000;0.000;1.000;0.000;0.000;29.198;1477.749;
10.05.2026 19:00:00;2904.748;1578.187;1453.356;2841.914;2.294;3.046;21.099;139.112;0.000;0.000;1.000;0.000;0.000;23.161;1601.174;
10.05.2026 19:15:00;2904.748;1472.782;1464.587;2936.686;2.286;3.061;20.541;128.322;0.000;0.000;1.000;0.000;0.000;19.719;1492.302;
10.05.2026 19:30:00;2904.748;1447.184;1489.791;2995.584;2.283;3.060;19.934;84.037;0.000;0.000;1.000;0.000;0.000;15.817;1462.925;
10.05.2026 19:45:00;2904.748;1607.089;1518.581;2895.862;2.287;3.070;19.310;78.337;0.000;0.000;1.000;0.000;0.000;13.527;1620.624;
10.05.2026 20:00:00;2904.748;1478.066;1558.306;2985.297;2.284;3.057;19.182;58.029;0.000;0.000;1.000;0.000;0.000;10.932;1488.999;
10.05.2026 20:15:00;2904.748;1806.933;1590.316;2729.037;2.289;3.075;18.760;9.787;0.000;0.000;1.000;0.000;0.000;9.804;1816.673;
10.05.2026 20:30:00;2904.748;1627.292;1577.342;2894.283;2.288;3.055;18.359;2.906;0.000;0.000;1.000;0.000;0.000;9.912;1637.124;
10.05.2026 20:45:00;2904.748;1631.105;1568.392;2819.963;2.288;3.052;18.384;0.999;0.000;0.000;1.000;0.000;0.000;6.005;1637.124;
10.05.2026 21:00:00;2904.748;1700.249;1561.337;2784.578;2.290;3.054;18.169;0.447;0.000;0.000;1.000;0.000;0.000;4.750;1704.999;
10.05.2026 21:15:00;2904.748;1844.999;1684.857;2727.949;2.293;3.052;17.866;0.450;0.000;0.000;1.000;0.000;0.000;4.750;1849.749;
10.05.2026 21:30:00;2904.543;1797.495;1641.824;2732.114;2.292;3.054;17.650;0.450;0.000;0.000;1.000;0.000;0.000;4.750;1802.315;
10.05.2026 21:45:00;2904.748;1734.214;1491.790;2696.593;2.294;3.057;17.168;0.455;0.000;0.000;1.000;0.000;0.000;4.750;1739.007;
10.05.2026 22:00:00;2904.748;1784.626;1382.298;2566.477;2.299;3.066;17.081;0.450;0.000;0.000;1.000;0.000;0.000;4.750;1789.376;
10.05.2026 22:15:00;2904.706;1641.751;1389.511;2669.042;2.300;3.049;16.878;0.450;0.000;0.000;1.000;0.000;0.000;4.750;1646.651;
10.05.2026 22:30:00;2904.748;1714.874;1342.304;2583.631;2.303;3.048;16.696;0.478;0.200;0.000;1.000;0.000;0.000;4.750;1719.624;
10.05.2026 22:45:00;2904.748;1747.874;1512.014;2739.574;2.301;3.056;16.266;0.450;0.400;0.000;1.000;0.000;0.000;4.750;1752.624;
10.05.2026 23:00:00;2904.748;1768.124;1448.991;2625.389;2.301;3.056;16.015;0.452;0.400;0.000;1.000;0.000;0.000;4.750;1772.695;
10.05.2026 23:15:00;2904.716;1694.624;1604.570;2846.605;2.295;3.068;15.997;0.450;0.800;0.000;1.000;0.000;0.000;4.750;1699.374;
10.05.2026 23:30:00;2904.742;1773.365;1529.661;2653.419;2.295;3.080;15.944;0.449;0.800;0.000;1.000;0.000;0.000;4.752;1778.124;
10.05.2026 23:45:00;2904.748;1625.201;1398.886;2742.860;2.295;3.064;15.728;0.450;0.800;0.000;1.000;0.000;0.000;4.750;1629.988;
11.05.2026 00:00:00;2904.748;1612.124;1569.993;2892.313;2.293;3.057;15.415;0.428;0.800;0.000;1.000;0.000;0.000;4.750;1616.874;
11.05.2026 00:15:00;2904.748;1433.501;1441.503;2983.371;2.285;3.063;15.222;0.450;0.000;0.000;1.000;0.000;0.000;6.000;1439.501;
11.05.2026 00:30:00;2904.748;1411.374;1650.804;3011.127;2.281;3.062;15.293;0.450;0.000;0.000;1.000;0.000;0.000;6.000;1417.374;
11.05.2026 00:45:00;2904.748;1493.872;1617.726;3012.124;2.280;3.056;15.096;0.450;0.000;0.000;1.000;0.000;0.000;6.001;1499.876;
11.05.2026 01:00:00;2904.748;1338.876;1423.187;3012.878;2.279;3.050;14.998;0.450;0.000;0.000;1.000;0.000;0.000;7.250;1346.126;
11.05.2026 01:15:00;2904.748;1129.355;1283.472;3013.131;2.279;3.047;14.967;0.496;0.000;0.000;1.000;0.000;0.000;6.000;1135.371;
11.05.2026 01:30:00;2904.748;1088.874;1099.180;2947.594;2.280;3.046;14.985;0.455;0.200;0.000;1.000;0.000;0.000;6.000;1094.874;
11.05.2026 01:45:00;2904.748;1427.832;1605.140;3014.593;2.282;3.050;15.005;0.451;0.200;0.000;1.000;0.000;0.000;6.012;1433.876;
11.05.2026 02:00:00;2904.748;1532.197;1621.762;3001.479;2.281;3.048;15.073;0.376;0.200;0.000;1.000;0.000;0.000;7.250;1539.440;
11.05.2026 02:15:00;2904.748;1389.249;1422.097;2953.021;2.280;3.048;15.029;0.450;0.200;0.000;1.000;0.000;0.000;6.044;1395.249;
11.05.2026 02:30:00;2904.748;1276.001;1256.411;2865.609;2.281;3.050;14.967;0.450;0.200;0.000;1.000;0.000;0.000;6.000;1282.001;
11.05.2026 02:45:00;2904.748;1028.499;1134.446;3013.118;2.280;3.046;14.983;0.452;0.200;0.000;1.000;0.000;0.000;6.000;1034.499;
11.05.2026 03:00:00;2904.748;1093.255;1205.349;3013.272;2.279;3.043;15.073;0.501;0.200;0.000;1.000;0.000;0.000;7.249;1100.501;
11.05.2026 03:15:00;2904.748;1017.624;1252.570;3013.309;2.279;3.043;15.064;0.450;0.200;0.000;1.000;0.000;0.000;6.000;1023.624;
11.05.2026 03:30:00;2904.748;1054.365;1224.185;3013.753;2.279;3.043;15.296;0.450;0.200;0.000;1.000;0.000;0.000;6.003;1060.205;
11.05.2026 03:45:00;2904.748;1467.998;1901.442;3013.066;2.281;3.055;15.399;0.448;0.600;0.000;1.000;0.000;0.000;6.000;1473.999;
11.05.2026 04:00:00;2904.748;1592.330;1709.421;3013.348;2.281;3.046;15.259;0.491;1.000;0.000;1.000;0.000;0.000;7.250;1599.469;
11.05.2026 04:15:00;2904.748;1436.916;1582.873;3012.601;2.281;3.049;14.705;0.462;1.200;0.000;1.000;0.000;0.000;6.000;1443.101;
11.05.2026 04:30:00;2904.748;1362.096;1398.095;3001.104;2.282;3.055;14.353;0.450;1.800;0.000;1.000;0.000;0.000;6.000;1368.271;
11.05.2026 04:45:00;2904.748;1241.111;1307.475;3011.799;2.283;3.059;14.141;0.450;2.600;0.000;1.000;0.000;0.000;5.926;1246.983;
11.05.2026 05:00:00;2904.744;1263.499;1297.614;2936.655;2.285;3.065;13.879;0.450;3.000;0.000;1.000;0.000;0.000;7.250;1270.749;
11.05.2026 05:15:00;2904.748;1107.389;1218.030;3013.213;2.285;3.066;13.825;0.450;3.400;0.000;1.000;0.000;0.000;6.008;1113.298;
11.05.2026 05:30:00;2904.748;1166.387;1330.332;3012.666;2.284;3.066;13.813;0.452;3.400;0.000;1.000;0.000;0.000;7.250;1173.628;
11.05.2026 05:45:00;2904.748;1166.411;1385.720;3012.379;2.283;3.064;13.581;0.451;3.400;0.000;1.000;0.000;0.000;7.269;1173.653;
11.05.2026 06:00:00;2904.748;1323.000;1549.455;3011.523;2.283;3.061;13.520;3.492;3.400;0.000;1.000;0.000;0.000;8.500;1331.501;
11.05.2026 06:15:00;2904.723;1447.413;1483.906;2993.403;2.282;3.057;13.455;22.438;3.400;0.000;1.000;0.000;0.000;8.500;1455.719;
11.05.2026 06:30:00;2904.748;1362.559;1524.444;3013.292;2.282;3.056;13.564;23.602;3.400;0.000;1.000;0.000;0.000;9.751;1372.223;
11.05.2026 06:45:00;2904.748;1416.181;1606.572;3014.492;2.282;3.055;13.600;45.554;3.400;0.000;1.000;0.000;0.000;12.016;1428.249;
11.05.2026 07:00:00;2904.748;1545.332;1603.194;2986.611;2.282;3.052;13.576;21.778;3.400;0.000;1.000;0.000;0.000;14.538;1560.182;
11.05.2026 07:15:00;2904.748;1473.970;1544.356;2896.981;2.281;3.056;13.738;57.401;3.400;0.000;1.000;0.000;0.000;18.293;1492.374;
11.05.2026 07:30:00;2904.748;1492.856;1569.768;3010.462;2.281;3.050;13.875;71.053;3.400;0.000;1.000;0.000;0.000;21.973;1514.706;
11.05.2026 07:45:00;2904.671;1465.031;1590.108;3011.983;2.280;3.047;14.081;75.762;3.400;0.000;1.000;0.000;0.000;27.399;1492.374;
11.05.2026 08:00:00;2904.748;1403.147;1726.421;3011.631;2.280;3.049;14.101;35.375;3.400;0.000;1.000;0.000;0.000;32.527;1435.751;
11.05.2026 08:15:00;2904.748;1456.124;1838.642;3013.062;2.280;3.048;14.103;32.399;3.600;0.000;1.000;0.000;0.000;47.500;1503.624;
11.05.2026 08:30:00;2904.748;1537.001;1772.371;3010.874;2.280;3.048;13.964;74.158;4.000;0.000;1.000;0.000;0.000;52.434;1589.501;
11.05.2026 08:45:00;2904.708;1463.327;1818.170;3013.838;2.280;3.050;14.189;85.903;4.400;0.000;1.000;0.000;0.000;61.000;1524.194;
11.05.2026 09:00:00;2904.748;1424.117;1848.553;3014.716;2.281;3.054;14.254;99.817;4.600;0.000;1.000;0.000;0.000;68.253;1492.374;
11.05.2026 09:15:00;2904.748;1613.524;1776.593;3014.497;2.281;3.054;14.190;116.597;5.000;0.000;1.000;0.000;0.000;83.994;1697.499;
11.05.2026 09:30:00;2904.748;1596.004;1882.864;3014.149;2.281;3.057;14.293;66.258;5.000;0.000;1.000;0.000;0.000;86.462;1682.231;
11.05.2026 09:45:00;2904.748;1519.194;1859.752;3013.550;2.282;3.057;13.919;52.244;5.400;0.000;1.000;0.000;0.000;87.676;1606.561;
11.05.2026 10:00:00;2904.748;1416.125;1873.213;3014.180;2.284;3.063;14.060;51.668;6.200;0.000;1.000;0.000;0.000;89.000;1505.124;
11.05.2026 10:15:00;2904.710;1386.604;1935.867;3014.634;2.285;3.070;13.970;54.221;7.000;0.000;1.000;0.000;0.000;103.750;1490.459;
11.05.2026 10:30:00;2904.748;1503.426;2010.893;3014.560;2.286;3.082;13.895;59.850;8.000;0.000;1.000;0.000;0.000;103.750;1606.786;
11.05.2026 10:45:00;2904.748;1477.374;1966.512;3014.217;2.286;3.079;13.884;73.523;8.400;0.000;1.000;0.000;0.000;101.250;1578.624;
11.05.2026 11:00:00;2904.748;1364.986;1763.556;3014.667;2.286;3.077;14.184;190.099;8.400;0.000;1.000;0.000;0.000;100.000;1464.828;
11.05.2026 11:15:00;2904.748;1515.249;1837.422;3013.990;2.285;3.074;14.331;295.359;8.600;0.000;1.000;0.000;0.000;114.750;1629.999;
11.05.2026 11:30:00;2904.740;1660.456;2009.616;3013.966;2.285;3.072;15.102;272.913;8.600;0.000;1.000;0.000;0.000;115.761;1776.249;
11.05.2026 11:45:00;2904.748;1723.741;2079.255;3015.286;2.284;3.068;15.668;317.765;8.600;0.000;1.000;0.000;0.000;114.752;1838.499;
11.05.2026 12:00:00;2904.748;1712.767;2001.515;3014.956;2.284;3.065;16.722;214.408;8.600;0.000;1.000;0.000;0.000;114.775;1827.554;
11.05.2026 12:15:00;2904.748;1409.094;1820.979;3013.262;2.284;3.068;16.506;92.251;8.600;0.000;1.000;0.000;0.000;129.185;1538.013;
11.05.2026 12:30:00;2904.734;1364.458;1237.481;2706.620;2.285;3.080;16.049;538.592;8.800;0.000;1.000;0.000;0.000;131.606;1496.124;
11.05.2026 12:45:00;2904.748;1323.423;1380.708;2948.527;2.284;3.065;16.329;312.483;9.000;0.000;1.000;0.000;0.000;131.635;1455.441;
11.05.2026 13:00:00;2904.747;1360.841;1517.006;3012.851;2.283;3.061;15.931;251.952;9.000;0.000;1.000;0.000;0.000;131.575;1492.374;
11.05.2026 13:15:00;2904.748;1386.962;1443.909;2957.901;2.284;3.064;15.783;394.156;9.000;0.000;1.000;0.000;0.000;140.250;1527.239;
11.05.2026 13:30:00;2904.748;1466.489;1813.587;3012.730;2.283;3.059;16.177;187.495;9.000;0.000;1.000;0.000;0.000;140.250;1606.881;
11.05.2026 13:45:00;2904.616;1526.369;2094.451;3012.813;2.282;3.057;15.820;29.593;9.000;0.000;1.000;0.000;0.000;136.649;1663.030;
11.05.2026 14:00:00;2904.748;1559.402;1947.850;3013.705;2.282;3.057;15.022;98.236;9.200;0.000;1.000;0.000;0.000;132.808;1692.249;
11.05.2026 14:15:00;2904.737;1474.490;1890.016;3013.689;2.282;3.060;14.779;89.186;9.400;0.000;1.000;0.000;0.000;136.671;1611.156;
11.05.2026 14:30:00;2904.737;1501.689;1768.788;3013.081;2.282;3.057;14.704;137.914;9.400;0.000;1.000;0.000;0.000;131.630;1633.374;
11.05.2026 14:45:00;2904.748;1530.704;1480.818;2794.322;2.283;3.062;14.733;316.826;9.400;0.000;1.000;0.000;0.000;124.955;1655.499;
11.05.2026 15:00:00;2904.652;1417.702;1389.068;2933.132;2.283;3.058;15.031;432.308;9.400;0.000;1.000;0.000;0.000;118.413;1535.964;
11.05.2026 15:15:00;2904.748;1399.264;1217.912;2766.491;2.289;3.069;15.701;561.613;9.400;0.000;1.000;0.000;0.000;124.728;1523.930;
11.05.2026 15:30:00;2904.748;1354.868;1355.742;2859.061;2.295;3.069;16.528;424.190;9.400;0.000;1.000;0.000;0.000;121.010;1475.874;
11.05.2026 15:45:00;2904.748;1471.012;1483.878;2958.006;2.290;3.062;17.057;241.291;9.400;0.000;1.000;0.000;0.000;114.750;1585.753;
11.05.2026 16:00:00;2904.748;1503.532;1286.086;2717.856;2.294;3.089;16.775;427.820;9.400;0.000;1.000;0.000;0.000;109.750;1613.298;
11.05.2026 16:15:00;2904.748;1307.212;1669.092;3011.434;2.286;3.066;17.242;51.082;9.400;0.000;1.000;0.000;0.000;115.759;1422.999;
11.05.2026 16:30:00;2904.748;1178.782;1052.519;2513.222;2.289;3.098;16.557;1054.456;10.200;0.000;1.000;0.000;0.000;112.250;1291.008;
11.05.2026 16:45:00;2904.748;1334.526;1479.152;2985.148;2.289;3.086;16.902;417.865;10.200;0.000;1.000;0.000;0.000;105.000;1439.506;
11.05.2026 17:00:00;2904.748;1264.316;1534.346;3011.600;2.285;3.063;17.231;257.220;10.200;0.000;1.000;0.000;0.000;100.000;1364.362;
11.05.2026 17:15:00;2904.748;1283.260;848.484;2447.891;2.286;3.088;16.970;984.978;10.400;0.000;1.000;0.000;0.000;98.749;1381.621;
11.05.2026 17:30:00;2904.736;1371.609;1479.448;2975.758;2.290;3.076;17.616;470.418;10.400;0.000;1.000;0.000;0.000;91.500;1463.120;
11.05.2026 17:45:00;2904.748;1247.253;1557.918;3011.117;2.286;3.065;17.370;402.433;10.400;0.000;1.000;0.000;0.000;80.499;1327.749;
11.05.2026 18:00:00;2904.716;1381.274;1506.276;3008.712;2.286;3.071;17.240;361.788;10.400;0.000;1.000;0.000;0.000;70.847;1451.980;
11.05.2026 18:15:00;2904.748;1545.163;1500.556;2874.316;2.289;3.078;17.200;269.881;10.400;0.000;1.000;0.000;0.000;68.267;1613.335;
11.05.2026 18:30:00;2904.748;1464.314;1637.538;3011.642;2.285;3.064;16.997;132.716;10.400;0.000;1.000;0.000;0.000;58.500;1523.014;
11.05.2026 18:45:00;2904.748;1499.999;1496.300;2940.291;2.285;3.070;16.555;270.675;10.400;0.000;1.000;0.000;0.000;47.500;1547.499;
11.05.2026 19:00:00;2904.748;1422.860;1727.235;3013.197;2.284;3.064;16.485;124.442;10.400;0.000;1.000;0.000;0.000;40.163;1463.121;
11.05.2026 19:15:00;2904.748;1438.412;1692.478;3012.832;2.283;3.061;15.675;74.077;10.400;0.000;1.000;0.000;0.000;39.000;1477.655;
11.05.2026 19:30:00;2904.748;1504.808;1768.165;3013.939;2.283;3.060;15.231;12.064;10.400;0.000;1.000;0.000;0.000;31.499;1536.491;
11.05.2026 19:45:00;2904.748;1465.638;1706.377;3013.667;2.283;3.057;15.080;24.675;10.400;0.000;1.000;0.000;0.000;24.920;1490.499;
11.05.2026 20:00:00;2904.748;1551.414;1831.704;3013.594;2.282;3.056;14.705;8.658;10.400;0.000;1.000;0.000;0.000;19.712;1571.126;
11.05.2026 20:15:00;2904.748;1562.052;1750.508;3014.856;2.282;3.056;14.332;6.102;10.400;0.000;1.000;0.000;0.000;18.526;1580.501;
11.05.2026 20:30:00;2904.724;1575.573;1710.487;3014.416;2.282;3.056;14.082;6.148;10.600;0.000;1.000;0.000;0.000;15.903;1591.698;
11.05.2026 20:45:00;2904.748;1495.505;1685.663;3014.086;2.282;3.057;13.776;1.022;10.800;0.000;1.000;0.000;0.000;13.281;1508.876;
11.05.2026 21:00:00;2904.748;1547.989;1712.543;3013.859;2.283;3.060;13.542;0.450;11.000;0.000;1.000;0.000;0.000;12.082;1560.249;
11.05.2026 21:15:00;2904.748;1692.124;1939.098;3012.621;2.283;3.061;13.372;0.445;11.400;0.000;1.000;0.000;0.000;7.250;1699.374;
11.05.2026 21:30:00;2904.748;1716.155;2008.863;3012.944;2.284;3.068;13.300;0.450;11.800;0.000;1.000;0.000;0.000;7.252;1723.384;
11.05.2026 21:45:00;2904.748;1652.089;1841.341;3011.994;2.284;3.069;13.300;0.448;12.200;0.000;1.000;0.000;0.000;7.365;1659.602;
11.05.2026 22:00:00;2904.748;1584.170;1815.705;3012.327;2.285;3.067;13.178;0.450;12.600;0.000;1.000;0.000;0.000;7.250;1591.445;
11.05.2026 22:15:00;2904.748;1581.729;1775.723;3012.952;2.284;3.069;13.107;0.450;12.800;0.000;1.000;0.000;0.000;5.995;1587.801;
11.05.2026 22:30:00;2904.748;1568.869;1609.223;2969.529;2.285;3.070;13.095;0.415;13.000;0.000;1.000;0.000;0.000;6.001;1574.874;
11.05.2026 22:45:00;2904.748;1574.499;1815.510;3014.726;2.286;3.069;13.080;0.440;13.400;0.000;1.000;0.000;0.000;6.000;1580.499;
11.05.2026 23:00:00;2904.747;1567.624;1737.311;3014.238;2.285;3.073;13.077;0.450;13.600;0.000;1.000;0.000;0.000;7.250;1574.874;
11.05.2026 23:15:00;2904.748;1587.356;1786.409;3015.340;2.285;3.074;13.009;0.450;14.000;0.000;1.000;0.000;0.000;6.066;1593.280;
11.05.2026 23:30:00;2904.748;1443.105;1671.044;3014.712;2.286;3.077;12.875;0.450;14.600;0.000;1.000;0.000;0.000;6.000;1449.242;
11.05.2026 23:45:00;2904.748;1502.892;1574.219;2949.134;2.286;3.080;12.719;0.537;15.400;0.000;1.000;0.000;0.000;6.000;1508.880;
12.05.2026 00:00:00;2904.748;1432.316;1736.733;3011.378;2.287;3.081;12.671;0.450;16.000;0.000;1.000;0.000;0.000;7.250;1439.515;
12.05.2026 00:15:00;2904.748;1594.954;1676.215;3012.406;2.287;3.085;12.473;0.491;0.200;0.000;1.000;0.000;0.000;4.750;1599.743;
12.05.2026 00:30:00;2904.748;1570.126;1870.244;3012.596;2.288;3.089;12.405;0.450;0.800;0.000;1.000;0.000;0.000;4.750;1574.876;
12.05.2026 00:45:00;2904.748;1661.224;1745.277;3012.969;2.289;3.087;12.093;0.470;1.600;0.000;1.000;0.000;0.000;4.750;1665.852;
12.05.2026 01:00:00;2904.748;1489.499;1528.357;3012.885;2.289;3.087;11.519;0.477;2.600;0.000;1.000;0.000;0.000;4.750;1494.249;
12.05.2026 01:15:00;2904.746;1256.999;1546.259;3012.915;2.289;3.096;11.536;0.450;3.200;0.000;1.000;0.000;0.000;4.750;1261.749;
12.05.2026 01:30:00;2904.748;1211.249;1395.564;3014.113;2.289;3.091;11.375;0.450;4.000;0.000;1.000;0.000;0.000;4.750;1215.999;
12.05.2026 01:45:00;2904.748;1587.096;1938.089;3011.689;2.290;3.089;11.230;0.450;4.800;0.000;1.000;0.000;0.000;4.729;1591.546;
12.05.2026 02:00:00;2904.748;1705.499;1820.597;3011.207;2.288;3.095;11.151;0.450;5.600;0.000;1.000;0.000;0.000;4.794;1710.249;
12.05.2026 02:15:00;2904.743;1544.626;1665.680;2939.756;2.288;3.098;10.788;0.455;6.400;0.000;1.000;0.000;0.000;4.750;1549.376;
12.05.2026 02:30:00;2904.748;1418.249;1372.342;2901.118;2.287;3.088;10.477;0.450;7.200;0.000;1.000;0.000;0.000;4.750;1422.999;
12.05.2026 02:45:00;2904.748;1145.249;1385.922;3013.219;2.287;3.092;10.493;0.450;7.400;0.000;1.000;0.000;0.000;4.750;1149.999;
12.05.2026 03:00:00;2904.748;1218.376;1204.458;2941.730;2.286;3.089;10.118;0.450;7.600;0.000;1.000;0.000;0.000;4.750;1223.126;
12.05.2026 03:15:00;2904.748;1132.112;1299.141;3009.641;2.286;3.083;10.079;0.449;7.600;0.000;1.000;0.000;0.000;4.750;1136.911;
12.05.2026 03:30:00;2904.748;1170.749;1346.821;3011.335;2.285;3.080;9.980;0.450;7.600;0.000;1.000;0.000;0.000;4.750;1175.499;
12.05.2026 03:45:00;2904.748;1632.374;1967.432;3011.870;2.285;3.085;10.027;0.450;7.600;0.000;1.000;0.000;0.000;4.750;1637.124;
12.05.2026 04:00:00;2904.745;1771.499;1812.041;2992.684;2.284;3.082;9.932;0.450;7.800;0.000;1.000;0.000;0.000;4.750;1776.249;
12.05.2026 04:15:00;2904.748;1598.598;1695.401;3014.498;2.284;3.077;9.900;0.450;7.800;0.000;1.000;0.000;0.000;4.750;1603.240;
12.05.2026 04:30:00;2904.748;1515.598;1557.958;2947.509;2.284;3.079;9.890;0.450;7.800;0.000;1.000;0.000;0.000;4.750;1520.375;
12.05.2026 04:45:00;2904.623;1379.614;1393.216;2941.040;2.284;3.074;9.927;0.450;7.800;0.000;1.000;0.000;0.000;4.750;1384.249;
12.05.2026 05:00:00;2904.748;1406.999;1423.656;2975.530;2.284;3.069;9.904;0.450;7.800;0.000;1.000;0.000;0.000;4.750;1411.749;
12.05.2026 05:15:00;2904.748;1234.538;1468.317;3009.351;2.283;3.067;9.882;0.450;7.800;0.000;1.000;0.000;0.000;4.750;1239.296;
12.05.2026 05:30:00;2904.748;1299.998;1444.107;3010.402;2.283;3.067;9.828;0.450;7.800;0.000;1.000;0.000;0.000;4.750;1304.459;
12.05.2026 05:45:00;2904.748;1299.906;1587.386;3010.731;2.282;3.065;9.895;0.450;7.800;0.000;1.000;0.000;0.000;4.750;1304.439;
12.05.2026 06:00:00;2904.748;1472.999;1632.149;3012.341;2.282;3.064;9.826;1.662;7.800;0.000;1.000;0.000;0.000;4.750;1477.749;
12.05.2026 06:15:00;2904.748;1610.535;1603.326;2959.830;2.283;3.069;9.809;4.528;7.800;0.000;1.000;0.000;0.000;4.750;1615.350;
12.05.2026 06:30:00;2904.748;1517.890;1653.058;3011.153;2.283;3.062;9.577;4.838;7.800;0.000;1.000;0.000;0.000;4.752;1522.532;
12.05.2026 06:45:00;2904.748;1581.001;1760.807;3010.395;2.282;3.061;9.866;17.550;7.800;0.000;1.000;0.000;0.000;4.750;1585.751;
12.05.2026 07:00:00;2904.748;1727.780;1817.344;2963.030;2.282;3.063;9.740;16.921;7.800;0.000;1.000;0.000;0.000;4.750;1732.415;
12.05.2026 07:15:00;2904.748;1652.788;1830.005;3010.159;2.282;3.059;9.777;21.271;7.800;0.000;1.000;0.000;0.000;4.750;1657.426;
12.05.2026 07:30:00;2904.683;1679.985;1894.582;3010.233;2.281;3.064;9.900;14.175;7.800;0.000;1.000;0.000;0.000;4.750;1684.746;
12.05.2026 07:45:00;2904.748;1650.551;1903.095;3011.720;2.282;3.059;9.928;19.140;8.000;0.000;1.000;0.000;0.000;4.750;1655.450;
12.05.2026 08:00:00;2904.748;1580.935;1923.973;3011.717;2.282;3.061;9.898;60.740;8.400;0.000;1.000;0.000;0.000;14.500;1595.638;
12.05.2026 08:15:00;2904.748;1632.034;1880.819;3011.818;2.282;3.062;10.057;101.746;8.400;0.000;1.000;0.000;0.000;39.000;1671.078;
12.05.2026 08:30:00;2904.748;1708.035;2006.342;3010.758;2.282;3.061;10.154;62.333;8.400;0.000;1.000;0.000;0.000;57.250;1765.350;
12.05.2026 08:45:00;2904.748;1616.303;2028.011;3010.943;2.282;3.062;10.125;29.841;8.400;0.000;1.000;0.000;0.000;77.776;1694.124;
12.05.2026 09:00:00;2904.616;1547.827;1938.515;3011.465;2.283;3.066;9.978;115.032;8.800;0.000;1.000;0.000;0.000;109.750;1657.572;
12.05.2026 09:15:00;2904.748;1750.104;2124.528;3011.173;2.283;3.069;9.497;71.207;9.000;0.000;1.000;0.000;0.000;135.426;1885.862;
12.05.2026 09:30:00;2904.748;1708.370;2000.643;3011.199;2.284;3.070;9.214;132.723;9.200;0.000;1.000;0.000;0.000;159.751;1868.124;
12.05.2026 09:45:00;2904.744;1600.094;2026.695;3011.861;2.283;3.069;9.201;66.143;9.200;0.000;1.000;0.000;0.000;183.834;1783.749;
12.05.2026 10:00:00;2904.748;1454.677;1976.104;3011.999;2.283;3.067;8.974;110.975;9.600;0.000;1.000;0.000;0.000;216.000;1671.051;
12.05.2026 10:15:00;2904.748;1413.126;2211.473;3010.840;2.282;3.064;8.949;106.373;9.800;0.000;1.000;0.000;0.000;240.500;1653.626;
12.05.2026 10:30:00;2904.748;1514.624;2011.656;3011.355;2.282;3.063;9.264;114.137;10.000;0.000;1.000;0.000;0.000;271.000;1785.624;
12.05.2026 10:45:00;2904.748;1443.874;2029.153;3011.542;2.281;3.062;9.339;107.449;10.000;0.000;1.000;0.000;0.000;308.750;1752.624;
12.05.2026 11:00:00;2904.748;1280.665;1987.609;3011.152;2.281;3.059;9.444;187.426;10.000;0.000;1.000;0.000;0.000;345.761;1626.249;
12.05.2026 11:15:00;2904.748;1439.670;2054.511;3010.792;2.281;3.058;9.639;165.105;10.000;0.000;1.000;0.000;0.000;368.500;1808.071;
12.05.2026 11:30:00;2904.748;1575.503;2231.089;3010.984;2.281;3.056;10.119;177.618;10.000;0.000;1.000;0.000;0.000;398.769;1974.248;
12.05.2026 11:45:00;2904.748;1622.529;1903.810;3011.551;2.280;3.055;10.348;403.190;10.400;0.000;1.000;0.000;0.000;418.750;2041.347;
12.05.2026 12:00:00;2904.748;1586.881;1740.878;3011.509;2.280;3.055;11.696;501.004;10.400;0.000;1.000;0.000;0.000;442.264;2029.001;
12.05.2026 12:15:00;2904.748;1244.999;1018.852;2978.205;2.280;3.056;12.523;600.991;10.400;0.000;1.000;0.000;0.000;463.750;1708.749;
12.05.2026 12:30:00;2904.741;1165.943;911.917;2872.446;2.287;3.086;15.558;1210.644;10.400;0.000;1.000;0.000;0.000;495.805;1661.555;
12.05.2026 12:45:00;2904.659;1106.358;489.642;2516.434;2.292;3.097;19.008;1267.440;10.400;0.000;1.000;0.000;0.000;509.000;1615.219;
12.05.2026 13:00:00;2904.748;1133.759;515.148;2417.193;2.298;3.096;21.017;1091.704;10.400;0.000;1.000;0.000;0.000;523.749;1657.780;
12.05.2026 13:15:00;2904.748;1181.624;512.281;2268.505;2.303;3.099;22.421;1448.886;10.400;0.000;1.000;0.000;0.000;513.999;1695.624;
12.05.2026 13:30:00;2904.748;1272.875;1111.086;2760.142;2.293;3.075;20.997;1356.362;10.400;0.000;1.000;0.000;0.000;512.749;1785.624;
12.05.2026 13:45:00;2904.748;1329.128;1354.614;3011.615;2.289;3.078;19.271;461.001;10.400;0.000;1.000;0.000;0.000;518.749;1847.876;
12.05.2026 14:00:00;2904.748;1360.297;549.316;2258.666;2.298;3.130;20.429;1448.828;10.400;0.000;1.000;0.000;0.000;517.499;1877.867;
12.05.2026 14:15:00;2904.748;1293.607;508.611;2247.501;2.305;3.119;21.847;1448.816;10.400;0.000;1.000;0.000;0.000;495.898;1789.374;
12.05.2026 14:30:00;2904.738;1350.606;598.903;2271.247;2.308;3.110;22.024;1448.762;10.400;0.000;1.000;0.000;0.000;463.746;1814.185;
12.05.2026 14:45:00;2904.722;1380.895;937.418;2622.831;2.309;3.091;22.169;1445.512;10.400;0.000;1.000;0.000;0.000;457.669;1838.499;
12.05.2026 15:00:00;2904.748;1256.100;322.380;2649.586;2.296;3.091;20.268;1189.675;10.400;0.000;1.000;0.000;0.000;448.877;1704.999;
12.05.2026 15:15:00;2904.748;1259.624;553.607;2297.836;2.304;3.132;21.076;1116.858;10.400;0.000;1.000;0.000;0.000;434.500;1694.124;
12.05.2026 15:30:00;2904.748;1210.499;501.586;2356.135;2.307;3.116;21.397;1159.896;10.400;0.000;1.000;0.000;0.000;428.500;1638.999;
12.05.2026 15:45:00;2904.748;1357.660;569.408;2216.461;2.312;3.114;21.499;1179.292;10.400;0.000;1.000;0.000;0.000;403.990;1761.624;
12.05.2026 16:00:00;2904.748;1407.602;622.287;2084.841;2.312;3.119;21.061;1124.606;10.400;0.000;1.000;0.000;0.000;383.250;1790.734;
12.05.2026 16:15:00;2904.738;1227.128;478.271;2297.711;2.310;3.114;20.682;1223.975;10.400;0.000;1.000;0.000;0.000;351.451;1578.626;
12.05.2026 16:30:00;2904.748;1101.876;560.977;2498.139;2.307;3.098;20.346;1340.571;10.400;0.000;1.000;0.000;0.000;332.125;1433.876;
12.05.2026 16:45:00;2904.748;1302.299;908.401;2662.278;2.307;3.070;19.895;1131.163;10.400;0.000;1.000;0.000;0.000;297.378;1599.422;
12.05.2026 17:00:00;2904.748;1253.131;774.996;3009.494;2.297;3.078;19.026;902.391;10.400;0.000;1.000;0.000;0.000;263.500;1516.652;
12.05.2026 17:15:00;2904.748;1300.457;980.401;2828.169;2.293;3.074;18.620;1001.952;10.400;0.000;1.000;0.000;0.000;234.250;1534.738;
12.05.2026 17:30:00;2904.575;1427.874;1266.666;2727.374;2.296;3.060;18.142;206.033;10.400;0.000;1.000;0.000;0.000;196.500;1624.374;
12.05.2026 17:45:00;2904.748;1312.999;985.473;3002.931;2.289;3.073;17.975;539.877;10.400;0.000;1.000;0.000;0.000;161.000;1473.999;
12.05.2026 18:00:00;2904.748;1478.061;1153.673;2829.517;2.294;3.055;17.900;457.182;10.400;0.000;1.000;0.000;0.000;135.451;1613.400;
12.05.2026 18:15:00;2904.748;1674.993;1199.073;2640.900;2.294;3.056;17.408;434.826;10.400;0.000;1.000;0.000;0.000;115.910;1790.876;
12.05.2026 18:30:00;2904.748;1590.374;1346.371;2807.772;2.290;3.057;17.382;476.005;10.400;0.000;1.000;0.000;0.000;100.000;1690.374;
12.05.2026 18:45:00;2904.748;1642.252;1332.451;2822.031;2.291;3.059;17.259;630.296;10.400;0.000;1.000;0.000;0.000;75.500;1717.751;
12.05.2026 19:00:00;2904.748;1562.030;1506.980;3014.677;2.284;3.066;17.031;634.928;10.400;0.000;1.000;0.000;0.000;62.277;1624.374;
12.05.2026 19:15:00;2904.744;1594.626;1553.944;3013.869;2.280;3.063;16.674;393.537;10.400;0.000;1.000;0.000;0.000;46.250;1640.876;
12.05.2026 19:30:00;2904.748;1675.374;1547.857;3004.519;2.282;3.059;16.110;143.473;10.400;0.000;1.000;0.000;0.000;31.500;1706.874;
12.05.2026 19:45:00;2904.748;1636.792;1544.066;2967.996;2.280;3.055;15.896;130.220;10.400;0.000;1.000;0.000;0.000;18.647;1655.559;
12.05.2026 20:00:00;2904.748;1740.336;1586.169;2958.219;2.282;3.049;15.564;63.270;10.400;0.000;1.000;0.000;0.000;4.759;1745.124;
12.05.2026 20:15:00;2904.722;1751.542;1652.932;3009.995;2.283;3.049;15.042;42.750;10.400;0.000;1.000;0.000;0.000;4.771;1756.374;
12.05.2026 20:30:00;2904.566;1762.499;1634.104;2993.103;2.280;3.050;14.125;30.158;10.400;0.000;1.000;0.000;0.000;4.750;1767.249;
12.05.2026 20:45:00;2904.748;1672.874;1653.422;3013.592;2.279;3.051;13.402;5.882;10.400;0.000;1.000;0.000;0.000;4.750;1677.624;
12.05.2026 21:00:00;2904.748;1728.017;1713.230;3012.558;2.279;3.051;12.817;2.195;10.400;0.000;1.000;0.000;0.000;4.750;1733.020;
12.05.2026 21:15:00;2904.748;1883.231;1951.356;3013.753;2.279;3.049;12.223;0.446;10.400;0.000;1.000;0.000;0.000;4.750;1887.791;
12.05.2026 21:30:00;2904.748;1909.124;1803.788;3013.971;2.278;3.049;12.128;0.450;10.400;0.000;1.000;0.000;0.000;4.750;1913.874;
12.05.2026 21:45:00;2904.686;1837.499;1811.221;3013.878;2.277;3.048;11.806;0.450;10.400;0.000;1.000;0.000;0.000;4.750;1842.249;
12.05.2026 22:00:00;2904.748;1764.371;1713.697;3015.118;2.277;3.046;11.552;0.450;10.400;0.000;1.000;0.000;0.000;4.751;1768.792;
12.05.2026 22:15:00;2904.748;1760.624;1726.650;3014.169;2.277;3.046;11.195;0.443;10.400;0.000;1.000;0.000;0.000;4.750;1765.374;
12.05.2026 22:30:00;2904.748;1744.123;1665.875;3014.928;2.277;3.045;11.012;0.450;10.400;0.000;1.000;0.000;0.000;4.750;1748.874;
12.05.2026 22:45:00;2904.748;1751.624;1838.808;3013.734;2.277;3.043;10.882;0.450;10.400;0.000;1.000;0.000;0.000;4.750;1756.374;
12.05.2026 23:00:00;2904.748;1745.999;1740.344;3015.022;2.277;3.043;10.692;0.450;10.400;0.000;1.000;0.000;0.000;4.750;1750.749;
12.05.2026 23:15:00;2904.748;1766.158;1868.177;3015.161;2.276;3.042;10.404;0.450;10.400;0.000;1.000;0.000;0.000;4.773;1770.999;
12.05.2026 23:30:00;2904.748;1604.730;1726.908;3013.956;2.276;3.041;10.214;0.450;10.400;0.000;1.000;0.000;0.000;4.750;1609.486;
12.05.2026 23:45:00;2904.748;1670.923;1555.855;3015.026;2.276;3.048;9.918;0.450;10.400;0.000;1.000;0.000;0.000;4.750;1675.453;
13.05.2026 00:00:00;2904.748;1594.911;1709.242;3014.592;2.276;3.041;9.876;0.450;10.400;0.000;1.000;0.000;0.000;4.750;1599.510;
