DateTime,Date,Daytime,Rain_mm,Production_kW,Consumption_kW,Temperature,Irradiance,Haselholz_m,Bidmi_m,Spot_Price_CHF_MWh,Haselholz_mm,Bidmi_mm,Bidmi_Production_kW,Haselholz_Production_kW,Bidmi_Output_mm,Haselholz_Output_mm,Bidmi_Inflow_mm,Haselholz_Inflow_mm,Natural_Inflow_B_mm,Natural_Inflow_H_mm,Network_Exchange_kW,Energy_Trading_CHF,Total_Energy_Cost_CHF,Opt_Production_kW,Opt_Bidmi_Production_kW,Opt_Haselholz_Production_kW,Opt_Bidmi_mm,Opt_Haselholz_mm,Opt_Network_Exchange_kW,Opt_Energy_Trading_CHF,Opt_Target_Bidmi_mm,Opt_Target_Haselholz_mm,Opt_Terminal_Dev_Bidmi_mm,Opt_Terminal_Dev_Haselholz_mm,Opt_Total_Energy_Cost_CHF
2025-02-04 00:00:00,2025-02-04,00:00:00,0.0,218.638,2202.79,1.9,0.0,1.756,1.57,71.772075,1756.0,1570.0,85.40546875,133.23253125,2.1372739927427427,24.4015625,-14.137273992742742,-29.4015625,14.137273992742742,27.264288507257252,1984.152,11.86722551295,90863.62590483722,1897.02564102564,741.0256410256407,1155.9999999999993,1570.0,1756.0,305.76435897436,1.8287785420528906,1712.5666666666666,1991.8666666666666,0.0,0.0,1.8287785420528906
2025-02-04 00:05:00,2025-02-04,00:05:00,0.0,208.671,2193.719,1.9,-0.001,1.763,1.582,71.772075,1763.0,1582.0,81.512109375,127.158890625,2.039842576951952,23.289174107142856,-14.039842576951951,-30.289174107142856,14.039842576951951,28.249331530190904,1985.048,11.87258449455,90875.49848933176,1897.02564102564,741.0256410256407,1155.9999999999993,1565.59308878189,1590.0868619965,296.6933589743601,1.7745248343591413,1712.5666666666666,1991.8666666666666,0.0,0.0,3.6033033764120317
2025-02-04 00:10:00,2025-02-04,00:10:00,0.0,193.836,2236.839,1.911,-0.001,1.772,1.593,71.772075,1772.0,1593.0,75.71718750000001,118.11881250000002,1.894824512012012,21.633482142857144,-12.894824512012011,-30.633482142857144,12.894824512012011,28.73865763084513,2043.003,12.219213711768749,90887.71770304353,1897.02564102564,741.0256410256407,1155.9999999999993,1561.08874614799,1425.15876701593,339.81335897435997,2.0324258238591404,1712.5666666666666,1991.8666666666666,0.0,0.0,5.635729200271172
2025-02-04 00:15:00,2025-02-04,00:15:00,0.0,178.355,2193.781,1.867,0.0,1.784,1.604,71.772075,1784.0,1604.0,69.669921875,108.685078125,1.743491538413413,19.90569196428571,-12.743491538413412,-31.90569196428571,12.743491538413412,30.1622004258723,2015.426,12.054275502412498,90899.77197854592,1897.02564102564,741.0256410256407,1155.9999999999993,1555.43938544915,1260.71999813601,296.75535897436,1.7748956567466405,1712.5666666666666,1991.8666666666666,0.0,0.0,7.410624857017812
2025-02-04 00:20:00,2025-02-04,00:20:00,0.0,168.009,2211.1,1.747,0.0,1.798,1.616,71.772075,1798.0,1616.0,65.62851562499999,102.380484375,1.6423552458708706,18.75100446428571,-13.64235524587087,-32.751004464285714,13.64235524587087,31.10864921841484,2043.091,12.219740040318747,90911.99171858626,1897.02564102564,741.0256410256407,1155.9999999999993,1549.63869177671,1097.70477205113,314.07435897435994,1.8784807039903904,1712.5666666666666,1991.8666666666666,0.0,0.0,9.289105561008203
2025-02-04 00:25:00,2025-02-04,00:25:00,0.0,155.542,2160.742,1.7,0.0,1.815,1.627,71.772075,1815.0,1627.0,60.75859375,94.78340625,1.5204853290790792,17.359598214285715,-12.52048532907908,-34.35959821428571,12.52048532907908,32.83911288520663,2005.2000000000005,11.9931137325,90923.98483231876,1897.02564102564,741.0256410256407,1155.9999999999993,1544.73686181173,935.635994758781,263.7163589743602,1.577289191252892,1712.5666666666666,1991.8666666666666,0.0,0.0,10.866394752261094
2025-02-04 00:30:00,2025-02-04,00:30:00,0.0,146.648,2130.683,1.821,-0.003,1.834,1.639,71.772075,1834.0,1639.0,57.284375,89.363625,1.4335429179179178,16.366964285714285,-13.43354291791792,-35.36696428571429,13.43354291791792,33.93342136779637,1984.035,11.866525735218753,90935.851358054,1413.78395528644,552.2593575337656,861.5245977526744,1538.71316192996,775.297681133228,716.89904471356,4.287777667050831,1712.5666666666666,1991.8666666666666,0.0,0.0,15.154172419311925
2025-02-04 00:35:00,2025-02-04,00:35:00,0.0,135.819,2097.771,1.733,0.0,1.855,1.65,71.772075,1855.0,1650.0,53.05429687499999,82.76470312499998,1.3276851069819815,15.158370535714282,-12.32768510698198,-36.15837053571428,12.32768510698198,34.8306854287323,1961.952,11.7344471742,90947.58580522818,913.783955286439,356.94685753376524,556.8370977526738,1538.32640060529,665.263018876821,1183.9870447135613,7.081433914350838,1712.5666666666666,1991.8666666666666,0.0,0.0,22.235606333662762
2025-02-04 00:40:00,2025-02-04,00:40:00,0.0,128.593,2050.327,1.7,0.0,1.877,1.661,71.772075,1877.0,1661.0,50.231640625,78.36135937499999,1.2570480636886885,14.35189732142857,-12.25704806368869,-36.35189732142857,12.25704806368869,35.09484925773988,1921.734,11.493903064837498,90959.07970829302,413.783955286439,161.63435753376524,252.14959775267374,1541.72148166989,607.041491909721,1636.5430447135614,9.78817417882584,1712.5666666666666,1991.8666666666666,0.0,0.0,32.0237805124886
2025-02-04 00:45:00,2025-02-04,00:45:00,0.0,123.277,1921.315,1.691,0.0,1.9,1.672,71.772075,1900.0,1672.0,48.155078125,75.12192187500001,1.20508203516016,13.75859375,-12.20508203516016,-36.75859375,12.20508203516016,35.55351171483984,1798.038,10.7540765157375,90969.83378480875,349.139775644542,136.38272486114923,212.75705078339277,1549.93362589139,600.0,1572.175224355458,9.403189842965146,1712.5666666666666,1991.8666666666666,0.0,0.0,41.42697035545375
2025-02-04 00:50:00,2025-02-04,00:50:00,0.0,123.112,1889.077,1.69,-0.033,1.923,1.684,71.772075,1923.0,1684.0,48.090625,75.02137499999999,1.203469094094094,13.740178571428569,-13.203469094094094,-36.74017857142857,13.203469094094094,35.53670947733448,1765.965,10.56224770228125,90980.39603251104,348.974775644542,136.3182717361492,212.65650390839278,1558.72572682392,600.0,1540.102224355458,9.211361029508897,1712.5666666666666,1991.8666666666666,0.0,0.0,50.63833138496264
2025-02-04 00:55:00,2025-02-04,00:55:00,0.0,123.11,1814.203,1.7,0.0,1.948,1.695,71.772075,1948.0,1695.0,48.08984375,75.02015625,1.203449543293293,13.739955357142856,-12.203449543293292,-38.73995535714285,12.203449543293292,37.536505813849566,1691.093,10.114437802331253,90990.51047031335,368.613017004937,143.9894597675535,224.62355723738347,1568.51782775645,600.0,1445.589982995063,8.646082723230865,1712.5666666666666,1991.8666666666666,0.0,0.0,59.2844141081935
2025-02-04 01:00:00,2025-02-04,01:00:00,0.0,123.153,1855.647,1.7,-0.046,1.971,1.706,65.33541,1971.0,1706.0,48.106640625,75.04635937500001,1.2038698855105106,13.744754464285714,-12.20386988551051,-36.74475446428571,12.20386988551051,35.540884578775206,1732.494,9.432767151045,90999.9432374644,349.015775644542,136.33428736114922,212.68148828339275,1577.11793746572,600.0,1506.631224355458,8.203030730172152,1712.5666666666666,1991.8666666666666,0.0,0.0,67.48744483836566
2025-02-04 01:05:00,2025-02-04,01:05:00,0.0,126.14,1883.597,1.688,0.0,1.995,1.717,65.33541,1995.0,1717.0,49.2734375,76.8665625,1.2330690065065062,14.078124999999998,-12.233069006506506,-38.078125,12.233069006506506,36.84505599349349,1757.457,9.568681137697498,91009.5119186021,361.82289632474,141.33706887685156,220.48582744788843,1585.91003839824,600.0,1521.77410367526,8.285477915917134,1712.5666666666666,1991.8666666666666,0.0,0.0,75.7729227542828
2025-02-04 01:10:00,2025-02-04,01:10:00,0.0,129.629,1825.986,1.657,0.0,2.017,1.728,65.33541,2017.0,1728.0,50.636328125,78.992671875,1.2671753785035034,14.46752232142857,-12.267175378503504,-36.46752232142857,12.267175378503504,35.200346942925066,1696.3570000000002,9.2360150084475,91018.74793361056,345.671654964345,135.02799022044726,210.64366474389774,1594.60614371914,600.0,1480.3143450356552,8.059745388482165,1712.5666666666666,1991.8666666666666,0.0,0.0,83.83266814276497
2025-02-04 01:15:00,2025-02-04,01:15:00,0.0,136.777,1817.63,1.623,0.0,2.039,1.739,65.33541,2039.0,1739.0,53.428515625,83.348484375,1.3370499405655654,15.265290178571426,-12.337049940565564,-37.26529017857165,12.337049940565564,35.92824023800609,1680.853,9.1516016587275,91027.89953526927,352.819654964346,137.82017772044765,214.99947724389835,1603.4942402633,600.0,1464.810345035654,7.97533203876216,1712.5666666666666,1991.8666666666666,0.0,0.0,91.80800018152713
2025-02-04 01:20:00,2025-02-04,01:20:00,0.0,142.167,1831.606,1.589,0.0,2.06,1.75,65.33541,2060.0,1750.0,55.533984375,86.63301562500001,1.3897393487237235,15.86685267857143,-12.389739348723724,-36.866852678571206,12.389739348723724,35.477113329847484,1689.439,9.1983491445825,91037.09788441386,348.389534284145,136.08966182974413,212.29987245440086,1612.38233680746,600.0,1483.216465715855,8.075546325524693,1712.5666666666666,1991.8666666666666,0.0,0.0,99.88354650705183
2025-02-04 01:25:00,2025-02-04,01:25:00,0.0,149.311,1688.886,1.593,0.0,2.08,1.761,65.33541,2080.0,1761.0,58.324609375,90.986390625,1.459574809184184,16.664174107142856,-12.459574809184184,-36.664174107142856,12.459574809184184,35.20459929795867,1539.575,8.3823969875625,91045.48028140144,345.71341360395,135.04430218904298,210.66911141490704,1621.36642896325,600.0,1343.17258639605,7.313060969412196,1712.5666666666666,1991.8666666666666,0.0,0.0,107.19660747646402
2025-02-04 01:30:00,2025-02-04,01:30:00,0.0,149.518,1708.933,1.507,0.0,2.098,1.772,65.33541,2098.0,1772.0,58.40546875,91.11253125,1.4615983170670668,16.687276785714285,-12.461598317067066,-34.68727678571429,12.461598317067066,33.22567846864722,1559.415,8.490418198762498,91053.9706996002,326.280172243555,127.45319228263867,198.82697996091633,1630.44651673066,600.0,1382.652827756445,7.528015782427225,1712.5666666666666,1991.8666666666666,0.0,0.0,114.72462325889126
2025-02-04 01:35:00,2025-02-04,01:35:00,0.0,154.916,1916.388,1.395,0.0,2.115,1.783,65.33541,2115.0,1783.0,60.5140625,94.4019375,1.514365928428428,17.28973214285714,-12.514365928428427,-34.28973214285714,12.514365928428427,32.775366214428715,1761.472,9.590541276959998,91063.56124087716,321.858051563357,125.72580139193632,196.13225017142065,1639.71859572134,600.0,1594.5299484366428,8.681605661532243,1712.5666666666666,1991.8666666666666,0.0,0.0,123.4062289204235
2025-02-04 01:40:00,2025-02-04,01:40:00,0.0,154.802,1960.338,1.4,0.0,2.133,1.794,65.33541,2133.0,1794.0,60.46953125,94.33246875,1.5132515327827825,17.277008928571426,-12.513251532782782,-35.277008928571426,12.513251532782782,33.763757395788645,1805.536,9.83045290248,91073.39169377965,331.564172243555,129.51725478263867,202.04691746091632,1649.08667032364,600.0,1628.773827756445,8.868050486144725,1712.5666666666666,1991.8666666666666,0.0,0.0,132.2742794065682
2025-02-04 01:45:00,2025-02-04,01:45:00,0.0,154.862,1962.418,1.4,0.0,2.151,1.805,65.33541,2151.0,1805.0,60.49296875,94.36903125,1.5138380568068064,17.283705357142853,-12.513838056806806,-35.28370535714285,12.513838056806806,33.769867300336045,1807.556,9.84145102983,91083.23314480946,331.624172243554,129.5406922826383,202.08347996091572,1658.35874931432,600.0,1630.7938277564458,8.87904861349473,1712.5666666666666,1991.8666666666666,0.0,0.0,141.15332802006293
2025-02-04 01:50:00,2025-02-04,01:50:00,0.0,154.82,1941.462,1.4,0.0,2.167,1.816,65.33541,2167.0,1816.0,60.47656249999999,94.3434375,1.5134274899899898,17.279017857142854,-12.51342748998999,-33.279017857142854,12.51342748998999,31.765590367152864,1786.642,9.727582299434998,91092.9607271089,311.94193088316,121.85231675123438,190.08961413192563,1667.63082830499,600.0,1629.52006911684,8.872113484914754,1712.5666666666666,1991.8666666666666,0.0,0.0,150.0254415049777
2025-02-04 01:55:00,2025-02-04,01:55:00,0.0,154.927,1934.149,1.336,-0.001,2.186,1.827,65.33541,2186.0,1827.0,60.518359375,94.408640625,1.5144734578328327,17.29095982142857,-12.514473457832832,-36.29095982142857,12.514473457832832,34.77648636359574,1779.222,9.687183237585,91102.6479103465,341.509292923752,133.40206754834063,208.1072253754114,1677.09489851893,600.0,1592.6397070762478,8.67131402034221,1712.5666666666666,1991.8666666666666,0.0,0.0,158.6967555253199
2025-02-04 02:00:00,2025-02-04,02:00:00,0.0,154.975,1899.497,1.102,0.0,2.203,1.837,62.28009,2203.0,1837.0,60.537109375,94.437890625,1.514942677052052,17.296316964285715,-11.514942677052051,-34.296316964285715,11.514942677052051,32.78137428723366,1744.5220000000002,9.054082263915,91111.7019926104,321.917051563357,125.74884826693633,196.16820329642067,1686.27098189797,600.0,1577.579948436643,8.18765176423579,1712.5666666666666,1991.8666666666666,0.0,0.0,166.8844072895557
2025-02-04 02:05:00,2025-02-04,02:05:00,0.0,154.879,1926.491,0.962,0.0,2.22,1.848,62.28009,2220.0,1848.0,60.499609375,94.379390625,1.5140042386136134,17.285602678571426,-12.514004238613614,-34.28560267857142,12.514004238613614,32.77159843995781,1771.612,9.19467956709,91120.8966721775,321.821051563357,125.71134826693633,196.10970329642066,1694.63905650027,600.0,1604.669948436643,8.328249067410791,1712.5666666666666,1991.8666666666666,0.0,0.0,175.21265635696648
2025-02-04 02:10:00,2025-02-04,02:10:00,0.0,247.377,2325.493,0.99,0.0,2.243,1.857,62.28009,2243.0,1857.0,96.631640625,150.74535937500002,2.41820922484985,27.60904017857143,-11.41820922484985,-50.60904017857143,11.41820922484985,48.19083095372158,2078.116,10.78543762587,91131.68210980338,473.239775644542,184.85928736114923,288.3804882833928,1704.00713110258,600.0,1852.2532243554579,9.613208126304007,1712.5666666666666,1991.8666666666666,0.0,0.0,184.8258644832705
2025-02-04 02:15:00,2025-02-04,02:15:00,0.0,252.723,2353.891,1.019,0.0,2.266,1.865,62.28009,2266.0,1865.0,98.719921875,154.003078125,2.47046851539039,28.205691964285712,-10.47046851539039,-51.20569196428571,10.47046851539039,48.735223448895326,2101.168,10.90507767876,91142.58718748216,478.585775644542,186.94756861114922,291.6382070333928,1710.79923203511,600.0,1875.305224355458,9.732848179194008,1712.5666666666666,1991.8666666666666,0.0,0.0,194.5587126624645
2025-02-04 02:20:00,2025-02-04,02:20:00,0.0,255.876,2258.848,1.1,0.0,2.287,1.874,62.28009,2287.0,1874.0,99.9515625,155.9244375,2.5012903528528523,28.557589285714283,-11.501290352852852,-49.557589285714286,11.501290352852852,47.05629893286143,2002.972,10.39543970229,91152.98262718444,462.098534284147,180.5072399547449,281.59129432940205,1716.59133296764,600.0,1796.749465715853,9.32514320268627,1712.5666666666666,1991.8666666666666,0.0,0.0,203.88385586515076
2025-02-04 02:25:00,2025-02-04,02:25:00,0.0,259.128,2233.593,1.099,-0.012,2.308,1.882,62.28009,2308.0,1882.0,101.221875,157.906125,2.5330799549549545,28.920535714285712,-10.533079954954957,-49.92053571428571,10.533079954954957,47.38745575933076,1974.465,10.2474881584875,91163.23011534291,465.350534284147,181.77755245474492,283.57298182940207,1723.57542512342,600.0,1768.2424657158529,9.177191658883768,1712.5666666666666,1991.8666666666666,0.0,0.0,213.06104752403454
2025-02-04 02:30:00,2025-02-04,02:30:00,0.0,263.778,2206.705,1.189,0.0,2.328,1.89,62.28009,2328.0,1890.0,103.03828125,160.73971875000004,2.578535566816817,29.43950892857143,-10.578535566816818,-49.43950892857143,10.578535566816818,46.86097336175462,1942.927,10.083805701952498,91173.31392104489,460.18041360395,179.75797406404297,280.42243953990703,1729.55951727921,600.0,1746.52458639605,9.064475702329897,1712.5666666666666,1991.8666666666666,0.0,0.0,222.12552322636444
2025-02-04 02:35:00,2025-02-04,02:35:00,0.0,185.719,2138.693,1.143,-0.001,2.344,1.899,62.28009,2344.0,1899.0,72.54648437499999,113.172515625,1.8154775869619617,20.72756696428571,-10.81547758696196,-36.727566964285714,10.81547758696196,34.91208937732375,1952.974,10.135949707305,91183.4498707522,342.840930883159,133.922238626234,208.918692256925,1735.63960504663,600.0,1795.8520691168412,9.320485707606924,1712.5666666666666,1991.8666666666666,0.0,0.0,231.44600893397137
2025-02-04 02:40:00,2025-02-04,02:40:00,0.0,180.815,2137.519,1.194,0.0,2.356,1.91,62.28009,2356.0,1910.0,70.630859375,110.184140625,1.767539023398398,20.180245535714285,-12.7675390233984,-32.180245535714285,12.7675390233984,30.41270651231589,1956.704,10.155308435279998,91193.60517918746,298.65644816237,116.66267506342578,181.99377309894422,1743.10367526056,600.0,1838.8625518376298,9.543710435506439,1712.5666666666666,1991.8666666666666,0.0,0.0,240.9897193694778
2025-02-04 02:45:00,2025-02-04,02:45:00,0.0,174.056,2117.412,1.209,0.0,2.369,1.921,62.28009,2369.0,1921.0,67.99062500000001,106.06537500000002,1.701467092092092,19.425892857142856,-12.701467092092091,-32.425892857142856,12.701467092092091,30.724425765050764,1943.356,10.08603221517,91203.69121140263,301.717568842568,117.85842532912814,183.8591435134399,1752.95172792101,600.0,1815.6944311574318,9.423467715415303,1712.5666666666666,1991.8666666666666,0.0,0.0,250.4131870848931
2025-02-04 02:50:00,2025-02-04,02:50:00,0.0,166.906,2119.218,1.286,0.0,2.384,1.932,62.28009,2384.0,1932.0,65.19765625,101.70834375,1.631572979229229,18.627901785714283,-12.63157297922923,-33.627901785714286,12.63157297922923,31.996328806485053,1952.312,10.132513922339998,91213.82372532495,314.207810202962,122.73742586053203,191.47038434242995,1762.70378496983,600.0,1805.0101897970378,9.36801642262305,1712.5666666666666,1991.8666666666666,0.0,0.0,259.7812035075162
2025-02-04 02:55:00,2025-02-04,02:55:00,0.0,159.75,2039.287,1.3,0.0,2.4,1.942,62.28009,2400.0,1942.0,62.40234375,97.34765625,1.561620213963964,17.82924107142857,-11.561620213963964,-33.82924107142857,11.561620213963964,32.26762085746461,1879.537,9.7548111265275,91223.57853645147,316.87193088316,123.77809800123438,193.09383288192564,1772.26385079539,600.0,1722.41506911684,8.939347126829418,1712.5666666666666,1991.8666666666666,0.0,0.0,268.7205506343456
2025-02-04 03:00:00,2025-02-04,03:00:00,0.0,150.722,1951.555,1.298,-0.001,2.416,1.953,57.73437,2416.0,1953.0,58.87578125,91.84621875,1.473367899149149,16.821651785714284,-12.47336789914915,-32.82165178571428,12.47336789914915,31.34828388656513,1800.833,8.6641632275175,91232.242699679,0.0,0.0,0.0,1780.72792100933,600.0,1951.555,9.3893165371125,1712.5666666666666,1991.8666666666666,0.0,0.0,278.1098671714581
2025-02-04 03:05:00,2025-02-04,03:05:00,0.0,146.687,2301.595,1.254,0.0,2.435,1.963,57.73437,2435.0,1963.0,57.299609375,89.38739062500001,1.4339241585335334,16.371316964285715,-11.433924158533534,-35.37131696428571,11.433924158533534,33.93739280575218,2154.908,10.36768798233,91242.61038766132,0.0,0.0,0.0,1793.20128890848,631.348283886565,2301.595,11.073428110012498,1712.5666666666666,1991.8666666666666,0.0,0.0,289.18329528147063
2025-02-04 03:10:00,2025-02-04,03:10:00,0.0,140.05,2451.496,1.185,0.0,2.455,1.974,57.73437,2455.0,1974.0,54.70703125,85.34296875,1.369044826076076,15.630580357142856,-12.369044826076076,-35.630580357142854,12.369044826076076,34.26153553106678,2311.446,11.120823216585,91253.73121087792,0.0,0.0,0.0,1804.63521306701,665.285676692317,2451.496,11.79463142646,1712.5666666666666,1991.8666666666666,0.0,0.0,300.97792670793064
2025-02-04 03:15:00,2025-02-04,03:15:00,0.0,136.284,2498.814,1.063,0.0,2.475,1.984,57.73437,2475.0,1984.0,53.2359375,83.0480625,1.332230668168168,15.210267857142856,-11.332230668168169,-35.21026785714285,11.332230668168169,33.87803718897469,2362.53,11.366598429674998,91265.0978093076,0.0,0.0,0.0,1817.00425789308,699.547212223384,2498.814,12.022287669764998,1712.5666666666666,1991.8666666666666,0.0,0.0,313.0002143776956
2025-02-04 03:20:00,2025-02-04,03:20:00,0.0,134.491,2522.348,0.997,0.0,2.496,1.995,57.73437,2496.0,1995.0,52.535546875,81.955453125,1.3147033752502502,15.01015625,-12.31470337525025,-36.01015625,12.31470337525025,34.69545287474975,2387.857,11.4884516287575,91276.58626093635,0.0,0.0,0.0,1828.33648856125,733.425249412359,2522.348,12.13551439173,1712.5666666666666,1991.8666666666666,0.0,0.0,325.1357287694256
2025-02-04 03:25:00,2025-02-04,03:25:00,0.0,130.844,2462.224,0.999,0.0,2.518,2.005,57.73437,2518.0,2005.0,51.1109375,79.7330625,1.2790524899899898,14.603125,-11.27905248998999,-36.603125,11.27905248998999,35.32407251001001,2331.38,11.21672962755,91287.8029905639,0.0,0.0,0.0,1840.6511919365,768.120702287109,2462.224,11.84624595324,1712.5666666666666,1991.8666666666666,0.0,0.0,336.9819747226656
2025-02-04 03:30:00,2025-02-04,03:30:00,0.0,130.922,2470.617,0.997,0.0,2.539,2.016,57.73437,2539.0,2016.0,51.14140625,79.78059375,1.279814971221221,14.611830357142855,-12.27981497122122,-35.61183035714286,12.27981497122122,34.33201538592164,2339.695,11.2567347347625,91299.05972529866,0.0,0.0,0.0,1851.93024442649,803.444774797119,2470.617,11.8866263338575,1712.5666666666666,1991.8666666666666,0.0,0.0,348.8686010565231
2025-02-04 03:35:00,2025-02-04,03:35:00,0.0,130.816,2435.105,1.0,0.0,2.56,2.026,57.73437,2560.0,2026.0,51.1,79.71600000000001,1.2787787787787783,14.6,-11.278778778778552,-35.6,11.278778778778552,34.32122122122122,2304.289,11.0863894760775,91310.14611477476,0.0,0.0,0.0,1864.21005939771,837.77679018304,2435.105,11.7157710882375,1712.5666666666666,1991.8666666666666,0.0,0.0,360.5843721447606
2025-02-04 03:40:00,2025-02-04,03:40:00,0.0,130.915,2332.997,1.0,0.0,2.583,2.037,57.73437,2583.0,2037.0,51.13867187499999,79.77632812499999,1.279746543418418,14.611049107142854,-12.279746543418646,-37.61104910714285,12.279746543418646,36.33130256372444,2202.082,10.594651413195,91320.74076618794,0.0,0.0,0.0,1875.48883817649,872.098011404261,2332.997,11.224509333907497,1712.5666666666666,1991.8666666666666,0.0,0.0,371.8088814786681
2025-02-04 03:45:00,2025-02-04,03:45:00,0.0,135.44,2221.246,0.985,0.0,2.604,2.047,57.73437,2604.0,2047.0,52.90625,82.53375,1.32398023023023,15.116071428571429,-11.323980230230458,-36.11607142857143,11.323980230230458,34.7920911983412,2085.806,10.035224612685,91330.77599080064,0.0,0.0,0.0,1887.76858471991,908.429313967986,2221.246,10.686853202085,1712.5666666666666,1991.8666666666666,0.0,0.0,382.4957346807531
2025-02-04 03:50:00,2025-02-04,03:50:00,0.0,137.03,2170.679,0.875,0.0,2.624,2.057,57.73437,2624.0,2057.0,53.52734375,83.50265625,1.3395231168668666,15.293526785714285,-11.33952311686664,-35.293526785714285,11.33952311686664,33.95400366884742,2033.649,9.7842869846775,91340.5602777853,0.0,0.0,0.0,1899.09256495014,943.221405166327,2170.679,10.4435653781025,1712.5666666666666,1991.8666666666666,0.0,0.0,392.9393000588556
2025-02-04 03:55:00,2025-02-04,03:55:00,0.0,140.848,2196.953,0.797,-0.024,2.645,2.068,57.73437,2645.0,2068.0,55.01875,85.82925000000002,1.3768455955955956,15.71964285714286,-12.376845595595595,-36.71964285714286,12.376845595595595,35.34279726154726,2056.105,9.8923272357375,91350.45260502104,0.0,0.0,0.0,1910.43208806701,977.175408835174,2196.953,10.5699747812175,1712.5666666666666,1991.8666666666666,0.0,0.0,403.50927484007315
2025-02-04 04:00:00,2025-02-04,04:00:00,0.0,142.631,2117.643,0.774,0.0,2.664,2.078,53.11413,2664.0,2078.0,55.715234375,86.915765625,1.3942751345095097,15.918638392857142,-11.39427513450951,-34.91863839285714,11.39427513450951,33.524363258347634,1975.012,8.74175367663,91359.19435869768,0.0,0.0,0.0,1922.8089336626,1012.51820609672,2117.643,9.3730637996325,1712.5666666666666,1991.8666666666666,0.0,0.0,412.88233863970567
2025-02-04 04:05:00,2025-02-04,04:05:00,0.0,168.221,2061.681,0.711,0.045,2.681,2.088,53.11413,2681.0,2088.0,65.711328125,102.509671875,1.6444276307557557,18.774665178571425,-11.644427630755755,-35.774665178571425,11.644427630755755,34.13023754781567,1893.46,8.38079004915,91367.57514874682,0.0,0.0,0.0,1934.20320879711,1046.04256935507,2061.681,9.125366054377501,1712.5666666666666,1991.8666666666666,0.0,0.0,422.00770469408315
2025-02-04 04:10:00,2025-02-04,04:10:00,0.0,185.776,2008.797,0.709,0.0,2.693,2.098,53.11413,2693.0,2098.0,72.56875000000001,113.20725000000002,1.8160347847847849,20.73392857142857,-11.816034784784785,-32.73392857142857,11.816034784784785,30.917893786643788,1823.021,8.069014532227499,91375.64416327904,0.0,0.0,0.0,1945.84763642787,1080.17280690289,2008.797,8.8912920834675,1712.5666666666666,1991.8666666666666,0.0,0.0,430.8989967775506
2025-02-04 04:15:00,2025-02-04,04:15:00,0.0,201.228,1916.308,0.774,0.0,2.704,2.108,53.11413,2704.0,2108.0,78.6046875,122.6233125,1.967084271771772,22.458482142857143,-11.967084271771771,-33.45848214285714,11.967084271771771,31.49139787108537,1715.08,7.591248506699999,91383.23541178576,0.0,0.0,0.0,1957.66367121265,1111.09070068953,1916.308,8.48191935267,1712.5666666666666,1991.8666666666666,0.0,0.0,439.3809161302206
2025-02-04 04:20:00,2025-02-04,04:20:00,0.0,218.007,1946.559,0.8,0.003,2.71,2.119,53.11413,2710.0,2119.0,85.158984375,132.84801562500002,2.13110571509009,24.331138392857145,-13.13110571509009,-30.331138392857145,13.13110571509009,28.20003267776705,1728.552,7.65087796998,91390.88628975573,0.0,0.0,0.0,1969.63075548443,1142.58209856061,1946.559,8.615815648222501,1712.5666666666666,1991.8666666666666,0.0,0.0,447.9967317784431
2025-02-04 04:25:00,2025-02-04,04:25:00,0.0,231.219,2088.881,0.805,0.0,2.715,2.13,53.11413,2715.0,2130.0,90.319921875,140.899078125,2.26025830518018,25.80569196428571,-13.26025830518018,-30.80569196428571,13.26025830518018,28.54543365910553,1857.662,8.222341747004998,91399.10863150274,0.0,0.0,0.0,1982.76186119952,1170.78213123838,2088.881,9.245758082377499,1712.5666666666666,1991.8666666666666,0.0,0.0,457.2424898608206
2025-02-04 04:30:00,2025-02-04,04:30:00,0.0,242.777,2104.796,0.998,0.0,2.715,2.141,53.11413,2715.0,2141.0,94.834765625,147.942234375,2.373242383008008,27.09564732142857,-13.373242383008009,-27.09564732142857,13.373242383008009,24.72240493842056,1862.019,8.241626602372499,91407.35025810511,0.0,0.0,0.0,1996.0221195047,1199.32756489749,2104.796,9.316200697289998,1712.5666666666666,1991.8666666666666,0.0,0.0,466.55869055811064
2025-02-04 04:35:00,2025-02-04,04:35:00,0.0,637.711,2051.693,0.988,0.0,2.72,2.148,53.11413,2720.0,2148.0,249.105859375,388.605140625,6.23388036473974,71.17310267857141,-13.23388036473974,-76.17310267857141,13.23388036473974,69.93922231383166,1413.9820000000002,6.258535313805002,91413.60879341893,0.0,0.0,0.0,2009.3953618877,1224.04996983591,2051.693,9.081157393507501,1712.5666666666666,1991.8666666666666,0.0,0.0,475.63984795161815
2025-02-04 04:40:00,2025-02-04,04:40:00,0.0,680.458,1993.885,0.97,0.0,2.733,2.15,53.11413,2733.0,2150.0,265.80390624999995,414.65409375,6.651749405655654,75.94397321428569,-8.651749405655654,-88.94397321428569,8.651749405655654,82.29222380863004,1313.427,5.813461035292501,91419.4222544542,0.0,0.0,0.0,2022.62924225244,1293.98919214974,1993.885,8.8252889245875,1712.5666666666666,1991.8666666666666,0.0,0.0,484.46513687620563
2025-02-04 04:45:00,2025-02-04,04:45:00,0.0,718.58,1987.59,0.851,-0.002,2.742,2.151,53.11413,2742.0,2151.0,280.6953125,437.8846875,7.024407219719719,80.19866071428572,-8.02440721971972,-89.19866071428572,8.02440721971972,82.174253494566,1269.0099999999998,5.616863509275,91425.03911796348,0.0,0.0,0.0,2031.2809916581,1376.28141595837,1987.59,8.797426137225,1712.5666666666666,1991.8666666666666,0.0,0.0,493.2625630134306
2025-02-04 04:50:00,2025-02-04,04:50:00,0.0,745.414,1925.509,1.003,0.0,2.748,2.152,53.11413,2748.0,2152.0,291.17734375,454.23665625,7.286720314064063,83.19352678571427,-8.286720314064063,-89.19352678571427,8.286720314064063,81.9068064716502,1180.095,5.223309936862501,91430.26242790034,0.0,0.0,0.0,2039.30539887782,1458.45566945294,1925.509,8.5226446118475,1712.5666666666666,1991.8666666666666,0.0,0.0,501.78520762527813
2025-02-04 04:55:00,2025-02-04,04:55:00,0.0,761.387,1953.499,1.042,0.0,2.75,2.153,53.11413,2750.0,2153.0,297.416796875,463.970203125,7.442862784659659,84.97622767857142,-8.44286278465966,-86.97622767857142,8.44286278465966,79.53336489391177,1192.112,5.27649931188,91435.5389272122,0.0,0.0,0.0,2047.59211919188,1540.36247592459,1953.499,8.6465333200725,1712.5666666666666,1991.8666666666666,0.0,0.0,510.4317409453506
2025-02-04 05:00:00,2025-02-04,05:00:00,0.0,774.36,1989.9,1.099,0.0,2.749,2.155,57.762315,2749.0,2155.0,302.484375,471.875625,7.569679054054053,86.42410714285714,-9.569679054054053,-85.42410714285714,9.569679054054053,77.85442808880309,1215.54,5.851033697925,91441.38996091014,0.0,0.0,0.0,2056.03498197654,1619.8958408185,1989.9,9.578435884875,1712.5666666666666,1991.8666666666666,0.0,0.0,520.0101768302256
2025-02-04 05:05:00,2025-02-04,05:05:00,0.0,860.46,2036.774,1.1,0.0,2.745,2.155,57.762315,2745.0,2155.0,336.1171875,524.3428125,8.411341028528529,96.03348214285714,-8.411341028528529,-92.03348214285714,8.411341028528529,83.62214111432861,1176.314,5.662218317242499,91447.05217922738,0.0,0.0,0.0,2065.6046610306,1697.7502689073,2036.774,9.804065114317499,1712.5666666666666,1991.8666666666666,0.0,0.0,529.8142419445431
2025-02-04 05:10:00,2025-02-04,05:10:00,0.0,860.851,2111.783,1.122,-0.088,2.739,2.155,57.762315,2739.0,2155.0,336.269921875,524.581078125,8.415163210085083,96.07712053571429,-8.415163210085083,-90.07712053571429,8.415163210085083,81.66195732562919,1250.9319999999998,6.021394018964999,91453.07357324637,0.0,0.0,0.0,2074.01600205913,1781.37241002163,2111.783,10.165122904803749,1712.5666666666666,1991.8666666666666,0.0,0.0,539.9793648493469
2025-02-04 05:15:00,2025-02-04,05:15:00,0.0,861.361,2075.404,1.299,0.0,2.729,2.155,57.762315,2729.0,2155.0,336.469140625,524.891859375,8.420148664289288,96.13404017857142,-8.420148664289288,-86.13404017857142,8.420148664289288,77.71389151428214,1214.043,5.843827849128751,91458.91740109547,0.0,0.0,0.0,2082.43116526921,1863.03436734726,2075.404,9.990011633355,1712.5666666666666,1991.8666666666666,0.0,0.0,549.9693764827019
2025-02-04 05:20:00,2025-02-04,05:20:00,0.0,857.308,2044.625,1.3,0.0,2.718,2.155,57.762315,2718.0,2155.0,334.8859375,522.4220625,8.380528966466466,95.68169642857144,-8.380528966466466,-84.68169642857143,8.380528966466466,76.30116746210496,1187.317,5.71518154657125,91464.63258264204,0.0,0.0,0.0,2090.8513139335,1940.74825886154,2044.625,9.84185610890625,1712.5666666666666,1991.8666666666666,0.0,0.0,559.8112325916081
2025-02-04 05:25:00,2025-02-04,05:25:00,0.0,848.322,2108.871,1.3,-0.062,2.704,2.156,57.762315,2704.0,2156.0,331.37578125,516.94621875,8.292687218468467,94.67879464285711,-9.292687218468467,-80.67879464285713,9.292687218468467,72.38610742438865,1260.549,6.06768570091125,91470.70026834296,0.0,0.0,0.0,2099.23184289997,2017.04942632365,2108.871,10.151105916363749,1712.5666666666666,1991.8666666666666,0.0,0.0,569.9623385079719
2025-02-04 05:30:00,2025-02-04,05:30:00,0.0,836.073,2073.867,1.27,0.0,2.688,2.157,57.762315,2688.0,2157.0,326.591015625,509.481984375,8.172948338963963,93.31171875,-9.172948338963964,-77.31171875,9.172948338963964,69.13877041103603,1237.7940000000003,5.958153911092501,91476.65842225406,0.0,0.0,0.0,2108.52453011844,2089.43553374803,2073.867,9.98261324350875,1712.5666666666666,1991.8666666666666,0.0,0.0,579.9449517514806
2025-02-04 05:35:00,2025-02-04,05:35:00,0.0,892.401,2128.708,1.335,0.0,2.676,2.157,57.762315,2676.0,2157.0,348.594140625,543.8068593749999,8.723577092717717,99.59832589285712,-8.723577092717717,-87.59832589285712,8.723577092717717,78.8747488001394,1236.3070000000002,5.950996197558751,91482.6094184516,0.0,0.0,0.0,2117.6974784574,2158.57430415907,2128.708,10.246591836585,1712.5666666666666,1991.8666666666666,0.0,0.0,590.1915435880657
2025-02-04 05:40:00,2025-02-04,05:40:00,0.0,880.522,2097.479,1.367,0.0,2.664,2.157,57.762315,2664.0,2157.0,343.95390625,536.56809375,8.60745511136136,98.27254464285714,-8.60745511136136,-86.27254464285714,8.60745511136136,77.66508953149578,1216.957,5.85785446462125,91488.46727291624,0.0,0.0,0.0,2126.42105555012,2237.44905295921,2097.479,10.09627022532375,1712.5666666666666,1991.8666666666666,0.0,0.0,600.2878138133894
2025-02-04 05:45:00,2025-02-04,05:45:00,0.0,869.032,2189.2,1.4,0.0,2.652,2.157,57.762315,2652.0,2157.0,339.465625,529.566375,8.495135760760759,96.99017857142856,-8.495135760760759,-84.99017857142856,8.495135760760759,76.4950428106678,1320.1679999999997,6.354663322409998,91494.82193623864,397.025641025641,155.08814102564102,241.93749999999997,2135.02851066148,2315.11414249071,1792.1743589743587,8.626678321499998,1712.5666666666666,1991.8666666666666,0.0,0.0,608.9144921348894
2025-02-04 05:50:00,2025-02-04,05:50:00,0.0,854.608,2219.339,1.392,0.0,2.643,2.158,57.762315,2643.0,2158.0,333.83124999999995,520.77675,8.354135385385383,95.38035714285712,-9.354135385385383,-86.38035714285712,9.354135385385383,78.02622175747175,1364.731,6.56916849268875,91501.39110473132,897.025641025641,350.400641025641,546.625,2139.64256181199,2351.17937247573,1322.3133589743588,6.364990064148749,1712.5666666666666,1991.8666666666666,0.0,0.0,615.2794821990382
2025-02-04 05:55:00,2025-02-04,05:55:00,0.0,841.043,2318.887,1.4,0.0,2.634,2.158,57.762315,2634.0,2158.0,328.532421875,512.510578125,8.221532078953954,93.86640625,-8.221532078953954,-84.86640625000001,8.221532078953954,76.64487417104606,1477.844,7.113640887405,91508.50474561872,1397.02564102564,545.7131410256407,851.3124999999993,2140.22791238692,2337.85991017918,921.8613589743602,4.437403850283756,1712.5666666666666,1991.8666666666666,0.0,0.0,619.7168860493219
2025-02-04 06:00:00,2025-02-04,06:00:00,0.0,831.61,2374.075,1.405,0.0,2.628,2.158,58.731075,2628.0,2158.0,324.84765625,506.76234375,8.129320726976976,92.81361607142856,-8.129320726976976,-86.81361607142857,8.129320726976976,78.6842953444516,1542.4649999999997,7.549218966656247,91516.05396458536,1897.02564102564,741.0256410256407,1155.9999999999993,2134.79295945522,2272.24322906784,477.04935897435985,2.334801806718754,1712.5666666666666,1991.8666666666666,0.0,0.0,622.0516878560406
2025-02-04 06:05:00,2025-02-04,06:05:00,0.0,1177.063,2347.969,1.392,0.0,2.633,2.155,58.731075,2633.0,2155.0,459.790234375,717.272765625,11.506262121496496,131.36863839285712,-8.506262121496496,-136.36863839285712,8.506262121496496,124.86237627136065,1170.906,5.7307140086625,91521.78467859403,1897.02564102564,741.0256410256407,1155.9999999999993,2124.37809497135,2157.75009790153,450.9433589743601,2.2070323530562552,1712.5666666666666,1991.8666666666666,0.0,0.0,624.2587202090969
2025-02-04 06:10:00,2025-02-04,06:10:00,0.0,1202.758,2335.212,1.4,0.0,2.642,2.148,58.731075,2642.0,2148.0,469.82734375,732.9306562500001,11.757441034784785,134.23638392857143,-4.757441034784785,-143.23638392857143,4.757441034784785,131.47894289378664,1132.454,5.5425200673375,91527.32719866135,1897.02564102564,741.0256410256407,1155.9999999999993,2114.34017188199,2089.43504766213,438.18635897436,2.144596326075005,1712.5666666666666,1991.8666666666666,0.0,0.0,626.4033165351718
2025-02-04 06:15:00,2025-02-04,06:15:00,0.0,1229.715,2346.355,1.4,0.0,2.648,2.141,58.731075,2648.0,2141.0,480.357421875,749.3575781249999,12.020956503378375,137.24497767857142,-5.020956503378375,-143.24497767857142,5.020956503378375,131.22402117519303,1116.64,5.465122299000001,91532.79232096038,1897.02564102564,741.0256410256407,1155.9999999999993,2100.55342770593,2027.73656404516,449.32935897436005,2.1991330234687547,1712.5666666666666,1991.8666666666666,0.0,0.0,628.6024495586406
2025-02-04 06:20:00,2025-02-04,06:20:00,0.0,1261.987,2393.247,1.4,0.0,2.651,2.134,58.731075,2651.0,2134.0,492.9636718750001,769.0233281250001,12.336428225100102,140.84676339285716,-5.336428225100102,-143.84676339285716,5.336428225100102,131.51033516775706,1131.2599999999998,5.536676325374999,91538.32899728576,1897.02564102564,741.0256410256407,1155.9999999999993,2087.03019899845,1965.78315870959,496.2213589743599,2.428634487543754,1712.5666666666666,1991.8666666666666,0.0,0.0,631.0310840461843
2025-02-04 06:25:00,2025-02-04,06:25:00,0.0,1290.206,2361.824,1.4,0.0,2.651,2.126,58.731075,2651.0,2126.0,503.98671875,786.21928125,12.612280248998998,143.99620535714286,-4.612280248998998,-143.99620535714286,4.612280248998998,131.38392510814387,1071.6180000000002,5.2447730941125,91543.57377037984,1897.02564102564,741.0256410256407,1155.9999999999993,2073.8224420127,1904.11606736659,464.7983589743601,2.274842273400005,1712.5666666666666,1991.8666666666666,0.0,0.0,633.3059263195844
2025-02-04 06:30:00,2025-02-04,06:30:00,0.0,1294.262,2402.816,1.4,0.0,2.644,2.117,58.731075,2644.0,2117.0,505.57109375,788.69090625,12.651929273023022,144.4488839285714,-3.651929273023022,-137.4488839285714,3.651929273023022,124.79695465554838,1108.554,5.425547342962498,91548.99931772282,1897.02564102564,741.0256410256407,1155.9999999999993,2059.89053705085,1842.32256596397,505.79035897435983,2.475467625600004,1712.5666666666666,1991.8666666666666,0.0,0.0,635.7813939451844
2025-02-04 06:35:00,2025-02-04,06:35:00,0.0,1313.038,2453.075,1.3,0.0,2.64,2.109,58.731075,2640.0,2109.0,512.90546875,800.1325312499999,12.83547219094094,146.54441964285712,-4.835472190940939,-142.54441964285712,4.835472190940939,129.70894745191617,1140.0369999999998,5.579633212481248,91554.5789509353,1897.02564102564,741.0256410256407,1155.9999999999993,2044.99828111302,1773.94209410876,556.0493589743598,2.721448050468754,1712.5666666666666,1991.8666666666666,0.0,0.0,638.5028419956532
2025-02-04 06:40:00,2025-02-04,06:40:00,0.0,1331.419,2495.186,1.243,0.0,2.634,2.102,58.731075,2634.0,2102.0,520.085546875,811.333453125,13.0151538257007,148.59587053571428,-6.0151538257007005,-142.59587053571428,6.0151538257007005,129.58071671001358,1163.767,5.69577391329375,91560.2747248486,1897.02564102564,741.0256410256407,1155.9999999999993,2031.28956809311,1710.47361504992,598.1603589743602,2.9275500754125057,1712.5666666666666,1991.8666666666666,0.0,0.0,641.4303920710656
2025-02-04 06:45:00,2025-02-04,06:45:00,0.0,1344.613,2583.79,1.095,0.0,2.627,2.094,58.731075,2627.0,2094.0,525.239453125,819.373546875,13.144130458583582,150.0684151785714,-5.144130458583582,-143.0684151785714,5.144130458583582,129.9242847199878,1239.177,6.064849777106249,91566.3395746257,1897.02564102564,741.0256410256407,1155.9999999999993,2018.76053670796,1646.87690524917,686.76435897436,3.361200756187505,1712.5666666666666,1991.8666666666666,0.0,0.0,644.7915928272531
2025-02-04 06:50:00,2025-02-04,06:50:00,0.0,1353.912,2593.397,0.994,0.0,2.619,2.086,58.731075,2619.0,2086.0,528.871875,825.0401250000001,13.235031906906906,151.10625,-5.235031906906906,-143.10625,5.235031906906906,129.8712180930931,1239.485,6.066357208031249,91572.40593183374,1897.02564102564,741.0256410256407,1155.9999999999993,2005.36048195569,1583.6237634584,696.37135897436,3.4082198759812545,1712.5666666666666,1991.8666666666666,0.0,0.0,648.1998127032343
2025-02-04 06:55:00,2025-02-04,06:55:00,0.0,1360.004,2636.084,0.797,-0.022,2.61,2.077,58.731075,2610.0,2077.0,531.2515625,828.7524375,13.294583646146144,151.7861607142857,-4.294583646146144,-142.7861607142857,4.294583646146144,129.49157706813955,1276.08,6.2454625155,91578.65139434925,1897.02564102564,741.0256410256407,1155.9999999999993,1992.05132865174,1520.31755504073,739.0583589743599,3.617140992525004,1712.5666666666666,1991.8666666666666,0.0,0.0,651.8169536957594
2025-02-04 07:00:00,2025-02-04,07:00:00,0.0,1359.995,2639.19,0.799,0.0,2.599,2.069,63.39789,2599.0,2069.0,531.248046875,828.746953125,13.294495667542542,151.78515624999997,-5.294495667542542,-140.78515624999997,5.294495667542542,127.49066058245742,1279.1950000000002,6.7581886582125,91585.40958300744,1897.02564102564,741.0256410256407,1155.9999999999993,1977.80172708704,1456.63170559811,742.1643589743601,3.9209711993480822,1712.5666666666666,1991.8666666666666,0.0,0.0,655.7379248951074
2025-02-04 07:05:00,2025-02-04,07:05:00,0.0,1360.208,2538.789,0.703,0.0,2.59,2.061,63.39789,2590.0,2061.0,531.3312500000001,828.8767500000001,13.296577827827829,151.80892857142857,-5.296577827827829,-142.80892857142857,5.296577827827829,129.5123507436007,1178.581,6.2266290495075,91591.63621205695,1897.02564102564,741.0256410256407,1155.9999999999993,1964.55203754373,1390.94493966981,641.7633589743602,3.3905369031905828,1712.5666666666666,1991.8666666666666,0.0,0.0,659.128461798298
2025-02-04 07:10:00,2025-02-04,07:10:00,0.0,1356.32,2518.656,0.591,0.0,2.578,2.053,63.39789,2578.0,2053.0,529.8125,826.5075,13.25857107107107,151.375,-5.258571071071071,-139.375,5.258571071071071,126.11642892892893,1162.336,6.14080415592,91597.77701621289,1897.02564102564,741.0256410256407,1155.9999999999993,1951.3044301607,1327.27986390265,621.63035897436,3.284171093243082,1712.5666666666666,1991.8666666666666,0.0,0.0,662.4126328915411
2025-02-04 07:15:00,2025-02-04,07:15:00,0.0,1346.185,2443.839,0.507,0.0,2.569,2.045,63.39789,2569.0,2045.0,525.853515625,820.3314843750001,13.159497388013012,150.24386160714283,-5.159497388013012,-141.24386160714283,5.159497388013012,128.0843642191298,1097.654,5.799078962504999,91603.57609517538,1897.02564102564,741.0256410256407,1155.9999999999993,1938.01881602092,1260.21886632082,546.81335897436,2.8889010985655816,1712.5666666666666,1991.8666666666666,0.0,0.0,665.3015339901067
2025-02-04 07:20:00,2025-02-04,07:20:00,0.0,1336.39,2494.455,0.661,0.0,2.56,2.037,63.39789,2560.0,2037.0,522.02734375,814.36265625,13.063747341091087,149.15066964285714,-5.063747341091089,-140.15066964285714,5.063747341091089,127.08692230176604,1158.0649999999998,6.1182397902374985,91609.6943349656,1897.02564102564,741.0256410256407,1155.9999999999993,1924.63412819808,1195.12580402919,597.42935897436,3.1563133985855822,1712.5666666666666,1991.8666666666666,0.0,0.0,668.4578473886922
2025-02-04 07:25:00,2025-02-04,07:25:00,0.0,1325.944,2590.335,0.7,0.0,2.552,2.029,63.39789,2552.0,2029.0,517.946875,807.997125,12.961633508508507,147.9848214285714,-4.961633508508507,-139.9848214285714,4.961633508508507,127.0231879200629,1264.391,6.679976794582499,91616.37431176018,1897.02564102564,741.0256410256407,1155.9999999999993,1911.15369032832,1129.0352998202,693.3093589743601,3.6628625396855825,1712.5666666666666,1991.8666666666666,0.0,0.0,672.1207099283778
2025-02-04 07:30:00,2025-02-04,07:30:00,0.0,1317.981,2568.646,0.7,0.45,2.546,2.021,63.39789,2546.0,2021.0,514.836328125,803.1446718750001,12.883791995120118,147.09609375,-4.883791995120118,-141.09609375,4.883791995120118,128.2123017548799,1250.6650000000002,6.6074601747375,91622.98177193492,1897.02564102564,741.0256410256407,1155.9999999999993,1897.57113862598,1062.8810612295,671.6203589743602,3.5482761366680835,1712.5666666666666,1991.8666666666666,0.0,0.0,675.6689860650458
2025-02-04 07:35:00,2025-02-04,07:35:00,0.0,1314.521,2705.798,0.689,1.017,2.541,2.014,63.39789,2541.0,2014.0,513.484765625,801.036234375,12.849969109734737,146.7099330357143,-5.849969109734508,-141.7099330357143,5.849969109734508,128.85996392597957,1391.2769999999998,7.3503355171274976,91630.33210745204,1897.02564102564,741.0256410256407,1155.9999999999993,1883.91074541025,997.915936473619,808.7723589743598,4.27287175410808,1712.5666666666666,1991.8666666666666,0.0,0.0,679.9418578191539
2025-02-04 07:40:00,2025-02-04,07:40:00,0.0,1300.184,2612.419,0.546,2.628,2.537,2.006,63.39789,2537.0,2006.0,507.884375,792.299625,12.709819194194193,145.10982142857142,-4.709819194194193,-141.10982142857142,4.709819194194193,128.40000223437724,1312.235,6.9327441820125,91637.26485163406,1897.02564102564,741.0256410256407,1155.9999999999993,1871.21652930913,933.598473888838,715.3933589743599,3.7795357899155815,1712.5666666666666,1991.8666666666666,0.0,0.0,683.7213936090695
2025-02-04 07:45:00,2025-02-04,07:45:00,0.0,1293.514,2667.321,0.681,3.822,2.533,1.998,63.39789,2533.0,1998.0,505.27890625,788.23509375,12.644617273523522,144.36540178571428,-4.64461727352375,-140.36540178571428,4.64461727352375,127.72078451219076,1373.807,7.258038755602499,91644.52289038966,1897.02564102564,741.0256410256407,1155.9999999999993,1857.38216329247,868.821049612456,770.2953589743599,4.069591702980581,1712.5666666666666,1991.8666666666666,0.0,0.0,687.7909853120501
2025-02-04 07:50:00,2025-02-04,07:50:00,0.0,1290.77,2781.385,0.696,5.443,2.531,1.99,63.39789,2531.0,1990.0,504.20703125,786.56296875,12.617793574824825,144.05915178571428,-4.617793574824823,-142.05915178571428,4.617793574824823,129.44135821088946,1490.6150000000002,7.8751538168625,91652.39804420652,1897.02564102564,741.0256410256407,1155.9999999999993,1843.48259535515,803.364407613887,884.3593589743602,4.672209780060584,1712.5666666666666,1991.8666666666666,0.0,0.0,692.4631950921107
2025-02-04 07:55:00,2025-02-04,07:55:00,0.0,1392.422,2870.61,0.505,6.871,2.532,1.982,63.39789,2532.0,1982.0,543.91484375,848.5071562500001,13.611482576326326,155.40424107142857,-5.611482576326326,-156.40424107142857,5.611482576326326,142.79275849510225,1478.188,7.80950001861,91660.20754422514,1897.02564102564,741.0256410256407,1155.9999999999993,1829.55620371912,739.628339314017,973.5843589743602,5.143599507998083,1712.5666666666666,1991.8666666666666,0.0,0.0,697.6067946001087
2025-02-04 08:00:00,2025-02-04,08:00:00,0.0,1409.553,2846.862,0.469,8.774,2.536,1.971,57.79026,2536.0,1971.0,550.6066406250001,858.9463593750002,13.778944960585587,157.3161830357143,-2.778944960585587,-161.3161830357143,2.778944960585587,147.5372380751287,1437.309,6.921871734194999,91667.12941595934,1897.02564102564,741.0256410256407,1155.9999999999993,1816.62350108459,689.243671298359,949.8363589743601,4.5742741785484675,1712.5666666666666,1991.8666666666666,0.0,0.0,702.1810687786572
2025-02-04 08:05:00,2025-02-04,08:05:00,0.0,1471.488,2855.803,0.5,10.505,2.541,1.96,57.79026,2541.0,1960.0,574.8,896.688,14.38438438438438,164.2285714285714,-3.384384384384381,-169.2285714285714,3.384384384384381,154.844187044187,1384.3149999999998,6.666660314324999,91673.79607627366,1897.02564102564,741.0256410256407,1155.9999999999993,1800.85826083433,643.603482862728,958.7773589743599,4.617332738103466,1712.5666666666666,1991.8666666666666,0.0,0.0,706.7984015167606
2025-02-04 08:10:00,2025-02-04,08:10:00,0.0,1426.336,2850.724,0.516,11.802,2.543,1.948,57.79026,2543.0,1948.0,557.1625,869.1735000000001,13.943005505505504,159.18928571428572,-1.943005505505505,-161.18928571428572,1.943005505505505,147.2462802087802,1424.388,6.859646071740001,91680.6557223454,1497.73066752465,585.0510420018164,912.6796255228336,1785.69846000786,605.270243396155,1352.9933324753501,6.515819705168078,1712.5666666666666,1991.8666666666666,0.0,0.0,713.3142212219286
2025-02-04 08:15:00,2025-02-04,08:15:00,0.0,1468.472,2936.818,0.5,13.725,2.541,1.938,57.79026,2541.0,1938.0,573.6218749999999,894.8501249999999,14.354901776776774,163.89196428571427,-4.354901776776774,-161.89196428571427,4.354901776776774,147.53706250893748,1468.3460000000002,7.071341425830001,91687.72706377124,1448.8317586396,565.9499057185938,882.8818529210062,1773.00054854635,600.0,1487.9862413604003,7.165925980386691,1712.5666666666666,1991.8666666666666,0.0,0.0,720.4801472023153
2025-02-04 08:20:00,2025-02-04,08:20:00,0.0,1511.802,2794.439,0.5,15.457,2.538,1.925,57.79026,2538.0,1925.0,590.5476562499999,921.25434375,14.778469876126124,168.72790178571427,-1.778469876126124,-165.72790178571427,1.778469876126124,150.94943190958816,1282.637,6.176993809634999,91693.90405758088,1482.34163795941,579.0397023278946,903.3019356315154,1763.19253976961,600.0,1312.0973620405898,6.318870641469985,1712.5666666666666,1991.8666666666666,0.0,0.0,726.7990178437852
2025-02-04 08:25:00,2025-02-04,08:25:00,0.0,1391.699,2915.056,0.477,16.831,2.531,1.915,57.79026,2531.0,1915.0,543.632421875,848.066578125,13.604414961836834,155.32354910714284,-3.6044149618368335,-148.32354910714284,3.6044149618368335,134.719134145306,1523.357,7.336266425235,91701.24032400612,1322.95815523862,516.7805293900859,806.1776258485341,1750.4805266045,600.0,1592.09784476138,7.667312366183316,1712.5666666666666,1991.8666666666666,0.0,0.0,734.4663302099685
2025-02-04 08:30:00,2025-02-04,08:30:00,0.0,1449.306,2875.244,0.591,18.113,2.523,1.903,57.79026,2523.0,1903.0,566.13515625,883.17084375,14.167546452702702,161.75290178571427,-2.1675464527027017,-153.75290178571427,2.1675464527027017,139.58535533301156,1425.938,6.8671106469900005,91708.1074346531,1370.74503455842,535.4472791243828,835.2977554340372,1741.1524958859,600.0,1504.4989654415801,7.245448865216661,1712.5666666666666,1991.8666666666666,0.0,0.0,741.7117790751852
2025-02-04 08:35:00,2025-02-04,08:35:00,0.0,1395.491,2768.338,0.624,19.411,2.512,1.893,57.79026,2512.0,1893.0,545.113671875,850.3773281250001,13.641483280155157,155.74676339285716,-3.641483280155155,-144.74676339285716,3.641483280155155,131.10528011270202,1372.8470000000002,6.611432089185001,91714.71886674227,1287.46967251783,502.91784082727736,784.5518316905527,1729.92046077894,600.0,1480.8683274821701,7.131647139246646,1712.5666666666666,1991.8666666666666,0.0,0.0,748.8434262144318
2025-02-04 08:40:00,2025-02-04,08:40:00,0.0,1347.73,2781.147,0.639,21.122,2.498,1.885,57.79026,2498.0,1885.0,526.45703125,821.27296875,13.17460038163163,150.4162946428571,-5.174600381631629,-136.4162946428571,5.174600381631629,123.24169426122548,1433.417,6.903128426535001,91721.6219951688,1210.24831047724,472.7532462801719,737.4950641970681,1720.97641250686,600.0,1570.89868952276,7.5652203084316305,1712.5666666666666,1991.8666666666666,0.0,0.0,756.4086465228635
2025-02-04 08:45:00,2025-02-04,08:45:00,0.0,1368.452,2810.154,0.682,23.048,2.484,1.876,57.79026,2484.0,1876.0,534.5515624999999,833.9004375,13.377166228728726,152.72901785714282,-4.377166228728726,-138.72901785714282,4.377166228728726,125.3518516284141,1441.702,6.94302778521,91728.56502295402,1230.97031047723,480.84777753016795,750.122532947062,1714.32035106966,600.0,1579.18368952277,7.605119667106679,1712.5666666666666,1991.8666666666666,0.0,0.0,764.0137661899702
2025-02-04 08:50:00,2025-02-04,08:50:00,0.0,1342.136,2812.104,0.68,24.498,2.472,1.868,57.79026,2472.0,1868.0,524.271875,817.8641250000001,13.119916791791791,149.79196428571427,-5.119916791791793,-137.79196428571427,5.119916791791793,124.67204749392248,1469.9679999999998,7.07915274264,91735.64417569664,1224.29455183763,478.2400593115742,746.0544925260558,1706.66428963247,600.0,1587.8094481623698,7.64666006997999,1712.5666666666666,1991.8666666666666,0.0,0.0,771.6604262599502
2025-02-04 08:55:00,2025-02-04,08:55:00,0.0,1315.717,2798.989,0.719,24.881,2.464,1.859,57.79026,2464.0,1859.0,513.951953125,801.765046875,12.861660488613614,146.84341517857143,-3.861660488613614,-138.84341517857143,3.861660488613614,125.98175468995782,1483.272,7.14322287756,91742.78739857422,1237.15603455842,483.26407599938284,753.8919585590372,1699.81623697202,600.0,1561.83296544158,7.5215610957866605,1712.5666666666666,1991.8666666666666,0.0,0.0,779.1819873557369
2025-02-04 09:00:00,2025-02-04,09:00:00,0.0,1374.727,2802.355,0.742,27.402,2.458,1.851,53.123445,2458.0,1851.0,537.002734375,837.724265625,13.438506866241244,153.42935267857143,-5.438506866241243,-147.42935267857143,5.438506866241243,133.99084581233018,1427.628,6.320043128205,91749.10744170242,1315.80627591882,513.986826530789,801.8194493880309,1691.58420186506,600.0,1486.5487240811801,6.580882448628895,1712.5666666666666,1991.8666666666666,0.0,0.0,785.7628698043658
2025-02-04 09:05:00,2025-02-04,09:05:00,0.0,1326.537,2918.492,0.79,56.891,2.452,1.842,53.123445,2452.0,1842.0,518.178515625,808.3584843750001,12.967430320945946,148.0510044642857,-3.9674303209459456,-142.0510044642857,3.9674303209459456,129.08357414333975,1591.9550000000002,7.047511157081249,91756.1549528595,1267.61627591881,495.16260778078515,772.4536681380249,1684.16017553483,600.0,1650.8757240811901,7.308350477505189,1712.5666666666666,1991.8666666666666,0.0,0.0,793.071220281871
2025-02-04 09:10:00,2025-02-04,09:10:00,0.0,1302.777,2763.914,1.1,258.578,2.451,1.832,53.123445,2451.0,1832.0,508.897265625,793.879734375,12.73516680743243,145.39921875,-2.73516680743243,-144.39921875,2.73516680743243,131.66405194256757,1461.1370000000002,6.46838592141375,91762.62333878092,1292.9568793198,505.0612809842969,787.8955983355031,1675.73614920461,600.0,1470.9571206802002,6.511859141484414,1712.5666666666666,1991.8666666666666,0.0,0.0,799.5830794233553
2025-02-04 09:15:00,2025-02-04,09:15:00,0.0,1227.981,2707.418,2.2,276.394,2.447,1.824,53.123445,2447.0,1824.0,479.680078125,748.300921875,12.004005959084084,137.05145089285713,-4.004005959084083,-133.05145089285713,4.004005959084083,121.04744493377304,1479.437,6.54939917503875,91769.17273795596,1188.70051727921,464.3361395621914,724.3643777170187,1665.83214481624,600.0,1518.71748272079,6.7232920553213615,1712.5666666666666,1991.8666666666666,0.0,0.0,806.3063714786767
2025-02-04 09:20:00,2025-02-04,09:20:00,0.0,1241.577,2738.545,3.399,293.691,2.443,1.817,53.123445,2443.0,1817.0,484.991015625,756.585984375,12.136912302927923,138.56886160714285,-5.136912302927925,-134.56886160714285,5.136912302927925,122.43194930421492,1496.968,6.62700810123,91775.7997460572,1202.29651727921,469.64707706219144,732.6494402170187,1658.21612726275,600.0,1536.24848272079,6.800900981512611,1712.5666666666666,1991.8666666666666,0.0,0.0,813.1072724601894
2025-02-04 09:25:00,2025-02-04,09:25:00,0.0,1238.506,2662.11,4.3,312.155,2.439,1.809,53.123445,2439.0,1809.0,483.79140625,754.7145937500001,12.106892048298295,138.22611607142858,-4.106892048298297,-134.22611607142858,4.106892048298297,122.11922402313029,1423.604,6.302229066314999,91782.10197512351,1199.22551727921,468.44746768719136,730.7780495920185,1651.60010970927,600.0,1462.8844827207902,6.476121946597611,1712.5666666666666,1991.8666666666666,0.0,0.0,819.583394406787
2025-02-04 09:30:00,2025-02-04,09:30:00,0.0,1125.449,2577.441,5.2,293.505,2.434,1.803,53.123445,2434.0,1803.0,439.628515625,685.8204843750001,11.00171460523023,125.60814732142858,-5.00171460523023,-120.60814732142858,5.00171460523023,109.60643271619834,1451.9919999999995,6.427901429369999,91788.52987655289,1076.34839659901,420.44859242148823,655.8998041775217,1643.98409215579,600.0,1501.09260340099,6.645267529723275,1712.5666666666666,1991.8666666666666,0.0,0.0,826.2286619365102
2025-02-04 09:35:00,2025-02-04,09:35:00,0.0,1079.632,2563.135,6.1,288.155,2.427,1.799,53.123445,2427.0,1799.0,421.73125,657.90075,10.553835085085083,120.49464285714284,-6.553835085085083,-113.49464285714284,6.553835085085083,102.94080777205777,1483.5030000000002,6.56739916898625,91795.09727572188,818.110896599012,319.5745689839891,498.5363276150229,1638.46407021393,600.0,1745.0241034009882,7.725140998391391,1712.5666666666666,1991.8666666666666,0.0,0.0,833.9538029349015
2025-02-04 09:40:00,2025-02-04,09:40:00,0.0,1154.791,2533.533,6.897,293.594,2.424,1.793,53.123445,2424.0,1793.0,451.090234375,703.7007656249999,11.288544403778776,128.88292410714283,-5.288544403778776,-125.88292410714284,5.288544403778776,114.59437970336404,1378.742,6.103627067182499,91801.20090278905,1318.11089659901,514.8870689839882,803.2238276150217,1637.02054371283,619.631149648533,1215.42210340099,5.3806174384839,1712.5666666666666,1991.8666666666666,0.0,0.0,839.3344203733855
2025-02-04 09:45:00,2025-02-04,09:45:00,0.0,1119.33,2554.588,7.686,393.175,2.42,1.789,53.123445,2420.0,1789.0,437.23828125,682.0917187499999,10.941898930180178,124.92522321428568,-6.941898930180178,-120.92522321428568,6.941898930180178,109.9833242841055,1435.2580000000005,6.3538207853175,91807.55472357436,880.092698299506,343.78621027324454,536.3064880262615,1629.42402633022,600.0,1674.495301700494,7.412913255220384,1712.5666666666666,1991.8666666666666,0.0,0.0,846.7473336286058
2025-02-04 09:50:00,2025-02-04,09:50:00,0.0,1189.956,2646.278,8.396,412.58,2.419,1.783,53.123445,2419.0,1783.0,464.8265625,725.1294375,11.632296358858856,132.80758928571427,-5.6322963588588575,-131.80758928571427,5.6322963588588575,120.17529292685542,1456.322,6.447070139107499,91814.00179371348,1380.09269829951,539.0987102732461,840.9939880262639,1627.76266674506,620.361951292811,1266.1853017004898,5.605343769557864,1712.5666666666666,1991.8666666666666,0.0,0.0,852.3526773981637
2025-02-04 09:55:00,2025-02-04,09:55:00,0.0,1115.805,2514.7,9.0,434.215,2.42,1.776,53.123445,2420.0,1776.0,435.861328125,679.9436718750001,10.90744064376877,124.53180803571428,-3.907440643768769,-125.53180803571428,3.907440643768769,114.62436739194553,1398.8949999999998,6.192843466106249,91820.19463717958,1125.6251206802,439.69731276570315,685.927807914497,1619.90400438837,600.0,1389.0748793197997,6.149370246035584,1712.5666666666666,1991.8666666666666,0.0,0.0,858.5020476441993
2025-02-04 10:00:00,2025-02-04,10:00:00,0.0,1093.833,2497.315,9.863,451.808,2.416,1.771,18.713835,2416.0,1771.0,427.278515625,666.554484375,10.69265554617117,122.07957589285714,-5.692655546171171,-118.07957589285714,5.692655546171171,107.38692034668595,1403.482,2.1887108811225,91822.3833480607,625.625120680197,244.38481276570195,381.2403079144951,1612.80800877674,600.0,1871.689879319803,2.918874631063392,1712.5666666666666,1991.8666666666666,0.0,0.0,861.4209222752627
2025-02-04 10:05:00,2025-02-04,10:05:00,0.0,1002.556,2516.602,10.498,471.737,2.412,1.767,18.713835,2412.0,1767.0,391.6234375,610.9325625,9.800386323823824,111.8924107142857,-5.800386323823824,-107.8924107142857,5.800386323823824,98.09202439046187,1514.0459999999998,2.3611339188675,91824.74448197956,125.625120680197,49.07231276570195,76.55280791449505,1612.38492826771,643.678424183112,2390.9768793198027,3.7286955673671414,1712.5666666666666,1991.8666666666666,0.0,0.0,865.1496178426298
2025-02-04 10:10:00,2025-02-04,10:10:00,0.0,1021.288,2518.128,11.2,491.747,2.406,1.764,18.713835,2406.0,1764.0,398.940625,622.347375,9.983499124124124,113.98303571428572,-6.983499124124124,-107.98303571428572,6.983499124124124,97.9995365901616,1496.84,2.3343013984500005,91827.07878337802,0.0,0.0,0.0,1616.95727873654,728.97782363837,2518.128,3.92698599174,1712.5666666666666,1991.8666666666666,0.0,0.0,869.0766038343698
2025-02-04 10:15:00,2025-02-04,10:15:00,0.0,1099.885,2635.225,11.6,511.008,2.406,1.759,18.713835,2406.0,1759.0,429.642578125,670.242421875,10.751816269394393,122.75502232142856,-5.751816269394393,-122.75502232142856,5.751816269394393,112.00320605203416,1535.34,2.394341619075,91829.4731249971,0.0,0.0,0.0,1623.94077786067,826.977360228532,2635.225,4.10959715315625,1712.5666666666666,1991.8666666666666,0.0,0.0,873.1862009875261
2025-02-04 10:20:00,2025-02-04,10:20:00,0.0,1032.32,2545.629,12.1,528.63,2.406,1.754,18.713835,2406.0,1754.0,403.25,629.0699999999999,10.09134134134134,115.2142857142857,-5.091341341341339,-115.2142857142857,5.091341341341339,105.12294437294436,1513.309,2.35998457750125,91831.8331095746,0.0,0.0,0.0,1629.69259413006,938.980566280566,2545.629,3.9698734231012494,1712.5666666666666,1991.8666666666666,0.0,0.0,877.1560744106274
2025-02-04 10:25:00,2025-02-04,10:25:00,0.0,1120.94,2561.262,12.489,549.023,2.405,1.75,18.713835,2405.0,1750.0,437.8671875,683.0728125,10.957637324824825,125.10491071428572,-6.957637324824823,-124.10491071428572,6.957637324824823,113.1472733894609,1440.322,2.2461623545725,91834.07927192916,0.0,0.0,0.0,1634.7839354714,1044.10351065351,2561.262,3.9942528716475,1712.5666666666666,1991.8666666666666,0.0,0.0,881.1503272822749
2025-02-04 10:30:00,2025-02-04,10:30:00,0.0,1095.865,2593.372,12.8,569.159,2.404,1.745,18.713835,2404.0,1745.0,428.072265625,667.792734375,10.712519159784785,122.30636160714285,-5.712519159784783,-121.30636160714285,5.712519159784783,110.59384244735809,1497.5069999999998,2.3353415757787497,91836.41461350494,0.0,0.0,0.0,1641.74157279623,1157.25078404297,2593.372,4.044327975134999,1712.5666666666666,1991.8666666666666,0.0,0.0,885.19465525741
2025-02-04 10:35:00,2025-02-04,10:35:00,0.0,1048.106,2393.536,13.0,587.371,2.403,1.739,18.713835,2403.0,1739.0,409.41640625,638.68959375,10.24565581206206,116.97611607142856,-4.24565581206206,-115.97611607142856,4.24565581206206,105.73046025936652,1345.43,2.0981795853375003,91838.51279309028,0.0,0.0,0.0,1647.45409195601,1267.84462649033,2393.536,3.7326864808799995,1712.5666666666666,1991.8666666666666,0.0,0.0,888.92734173829
2025-02-04 10:40:00,2025-02-04,10:40:00,0.0,1033.422,2475.289,13.259,603.886,2.396,1.736,18.713835,2396.0,1736.0,403.68046875,629.74153125,10.10211383258258,115.33727678571428,-7.10211383258258,-108.33727678571428,7.10211383258258,98.23516295313168,1441.8670000000002,2.24857176082875,91840.7613648511,0.0,0.0,0.0,1651.69974776807,1373.5750867497,2475.289,3.86017916027625,1712.5666666666666,1991.8666666666666,0.0,0.0,892.7875208985663
2025-02-04 10:45:00,2025-02-04,10:45:00,0.0,1055.062,2426.828,13.3,620.227,2.39,1.733,18.713835,2390.0,1733.0,412.13359374999993,642.92840625,10.313653497247245,117.75245535714284,-7.313653497247245,-111.75245535714284,7.313653497247245,101.4388018598956,1371.766,2.1392502152175,91842.90061506632,0.0,0.0,0.0,1658.80186160066,1471.81024970283,2426.828,3.7846048971149995,1712.5666666666666,1991.8666666666666,0.0,0.0,896.5721257956812
2025-02-04 10:50:00,2025-02-04,10:50:00,0.0,964.669,2417.108,13.389,639.449,2.383,1.73,18.713835,2383.0,1730.0,376.823828125,587.845171875,9.430025728853852,107.66395089285714,-6.4300257288538525,-100.66395089285714,6.4300257288538525,91.2339251640033,1452.4390000000003,2.2650586494637506,91845.16567371578,429.487347173578,167.76849498967889,261.71885218389906,1666.1155150979,1573.24905156272,1987.6206528264222,3.0996670782988285,1712.5666666666666,1991.8666666666666,0.0,0.0,899.67179287398
2025-02-04 10:55:00,2025-02-04,10:55:00,0.0,1010.688,2407.782,13.6,655.975,2.374,1.729,18.713835,2374.0,1729.0,394.8,615.888,9.87987987987988,112.8,-8.87987987987988,-103.8,8.87987987987988,93.92012012012012,1397.094,2.1787488829575,91847.34442259872,929.487347173579,363.0809949896793,566.4063521838997,1668.34713004123,1620.74753180092,1478.294652826421,2.305380184531327,1712.5666666666666,1991.8666666666666,0.0,0.0,901.9771730585114
2025-02-04 11:00:00,2025-02-04,11:00:00,0.0,920.678,2344.95,13.802,675.032,2.368,1.728,20.930805,2368.0,1728.0,359.63984375,561.03815625,8.99999608983984,102.75424107142857,-7.99999608983984,-96.75424107142857,7.99999608983984,87.75424498158873,1424.272,2.48426329158,91849.82868589032,1429.48734717358,558.3934949896797,871.0938521839004,1668.14089893538,1620.01633576686,915.4626528264198,1.596780855924374,1712.5666666666666,1991.8666666666666,0.0,0.0,903.5739539144358
2025-02-04 11:05:00,2025-02-04,11:05:00,0.0,914.334,2406.785,13.884,692.208,2.362,1.727,20.930805,2362.0,1727.0,357.16171875,557.17228125,8.937980949699698,102.04620535714284,-7.937980949699698,-96.04620535714284,7.937980949699698,87.10822440744315,1492.451,2.60318340442125,91852.43186929474,1897.02564102564,741.0256410256407,1155.9999999999993,1662.16708383929,1562.20339336589,509.7593589743599,0.8891394783014439,1712.5666666666666,1991.8666666666666,0.0,0.0,904.4630933927373
2025-02-04 11:10:00,2025-02-04,11:10:00,0.0,854.448,2321.92,14.088,708.604,2.359,1.726,20.930805,2359.0,1726.0,333.76875,520.67925,8.35257132132132,95.3625,-7.352571321321321,-92.3625,7.352571321321321,84.00992867867868,1467.4720000000002,2.55961418958,91854.99148348432,1897.02564102564,741.0256410256407,1155.9999999999993,1651.56087957814,1456.13419126258,424.8943589743601,0.7411150811076942,1712.5666666666666,1991.8666666666666,0.0,0.0,905.204208473845
2025-02-04 11:15:00,2025-02-04,11:15:00,0.0,909.657,2374.404,14.201,722.438,2.356,1.726,20.930805,2356.0,1726.0,355.334765625,554.322234375,8.892261402027026,101.52421875,-8.892261402027026,-98.52421875,8.892261402027026,89.63195734797296,1464.7469999999998,2.5548611526112497,91857.54634463694,1897.02564102564,741.0256410256407,1155.9999999999993,1640.36926568861,1346.9666934305,477.37835897436,0.832659445242694,1712.5666666666666,1991.8666666666666,0.0,0.0,906.0368679190877
2025-02-04 11:20:00,2025-02-04,11:20:00,0.0,944.469,2299.632,14.448,736.168,2.359,1.725,20.930805,2359.0,1725.0,368.933203125,575.5357968750001,9.232562640765767,105.40948660714288,-8.232562640765767,-108.40948660714288,8.232562640765767,99.1769239663771,1355.163,2.36372104135125,91859.9100656783,1897.02564102564,741.0256410256407,1155.9999999999993,1630.71734187979,1243.42122426771,402.6063589743601,0.7022395992876941,1712.5666666666666,1991.8666666666666,0.0,0.0,906.7391075183755
2025-02-04 11:25:00,2025-02-04,11:25:00,0.0,847.802,2174.779,14.496,749.47,2.362,1.723,20.930805,2362.0,1723.0,331.17265625,516.62934375,8.28760401026026,94.62075892857142,-6.28760401026026,-97.62075892857142,6.28760401026026,89.33315491831115,1326.977,2.3145580688737497,91862.22462374716,1897.02564102564,741.0256410256407,1155.9999999999993,1620.4057193097,1149.42072172333,277.75335897436,0.48446678289894407,1712.5666666666666,1991.8666666666666,0.0,0.0,907.2235743012744
2025-02-04 11:30:00,2025-02-04,11:30:00,0.0,859.844,2302.741,14.748,762.076,2.364,1.723,20.930805,2364.0,1723.0,335.87656250000003,523.9674375000001,8.405319381881881,95.96473214285716,-8.405319381881881,-97.96473214285716,8.405319381881881,89.55941276097528,1442.897,2.51674964517375,91864.74137339236,1897.02564102564,741.0256410256407,1155.9999999999993,1608.14913810911,1045.57645013088,405.71535897436,0.707662422016444,1712.5666666666666,1991.8666666666666,0.0,0.0,907.9312367232909
2025-02-04 11:35:00,2025-02-04,11:35:00,0.0,815.181,2262.021,14.699,775.585,2.369,1.722,20.930805,2369.0,1722.0,318.430078125,496.7509218750001,7.968720673798799,90.98002232142858,-6.968720673798799,-95.98002232142858,6.968720673798799,88.01130164762978,1446.84,2.52362715885,91867.2650005512,1897.02564102564,741.0256410256407,1155.9999999999993,1598.01027228014,941.958436381092,364.9953589743602,0.6366372237164444,1712.5666666666666,1991.8666666666666,0.0,0.0,908.5678739470073
2025-02-04 11:40:00,2025-02-04,11:40:00,0.0,898.824,2331.894,14.478,785.857,2.372,1.722,20.930805,2372.0,1722.0,351.103125,547.720875,8.786364489489488,100.31517857142856,-8.786364489489488,-103.31517857142856,8.786364489489488,94.52881408193907,1433.0699999999997,2.4996090601124994,91869.7646096113,1897.02564102564,741.0256410256407,1155.9999999999993,1586.43480774308,836.792311517963,434.8683589743598,0.7585120685301937,1712.5666666666666,1991.8666666666666,0.0,0.0,909.3263860155375
2025-02-04 11:45:00,2025-02-04,11:45:00,0.0,921.119,2339.129,14.5,796.673,2.378,1.721,20.930805,2378.0,1721.0,359.812109375,561.3068906249999,9.004307041416416,102.80345982142856,-8.004307041416416,-108.80345982142856,8.004307041416416,99.79915278001216,1418.0099999999998,2.4733408998374995,91872.23795051116,1897.02564102564,741.0256410256407,1155.9999999999993,1576.67698702172,738.143699089142,442.10335897435994,0.7711315997114438,1712.5666666666666,1991.8666666666666,0.0,0.0,910.097517615249
2025-02-04 11:50:00,2025-02-04,11:50:00,0.0,909.257,2393.917,14.196,804.27,2.384,1.719,20.930805,2384.0,1719.0,355.178515625,554.078484375,8.888351241866866,101.47957589285714,-6.888351241866866,-107.47957589285714,6.888351241866866,98.59122465099028,1484.66,2.589594079275,91874.8275445904,1407.77960340099,549.9139075785117,857.8656958224783,1566.13710885229,644.765425358394,986.1373965990099,1.7200541292851284,1712.5666666666666,1991.8666666666666,0.0,0.0,911.8175717445341
2025-02-04 11:55:00,2025-02-04,11:55:00,0.0,858.679,2236.821,14.4,811.796,2.389,1.718,20.930805,2389.0,1718.0,335.421484375,523.257515625,8.393931040415415,95.83470982142856,-7.393931040415415,-100.83470982142856,7.393931040415415,92.44077878101317,1378.1419999999998,2.4038017886924994,91877.2313463791,907.779603400987,354.60140757851053,553.1781958224765,1559.26385079539,600.0,1329.0413965990128,2.318158859095133,1712.5666666666666,1991.8666666666666,0.0,0.0,914.1357306036292
2025-02-04 12:00:00,2025-02-04,12:00:00,0.0,760.382,2072.166,14.71,818.658,2.389,1.719,11.84868,2389.0,1719.0,297.02421875,463.35778125,7.433038507257256,84.8640625,-8.433038507257256,-84.8640625,8.433038507257256,77.43102399274275,1311.784,1.29524240376,91878.52658878289,407.779603400987,159.28890757851056,248.49069582247645,1557.78387273725,600.0,1664.386396599013,1.6433984841378992,1712.5666666666666,1991.8666666666666,0.0,0.0,915.7791290877672
2025-02-04 12:05:00,2025-02-04,12:05:00,0.0,616.656,2286.767,15.045,824.767,2.38,1.723,11.84868,2380.0,1723.0,240.88125,375.77475,6.028059309309309,68.82321428571427,-10.02805930930931,-59.82321428571427,10.02805930930931,53.79515497640496,1670.111,1.6490509002899996,91880.17563968316,0.0,0.0,0.0,1562.23070234614,635.906116440101,2286.767,2.25793086813,1712.5666666666666,1991.8666666666666,0.0,0.0,918.0370599558971
2025-02-04 12:10:00,2025-02-04,12:10:00,0.0,669.236,2198.369,15.399,832.377,2.372,1.727,11.84868,2372.0,1727.0,261.4203125,407.8156875,6.542049862362361,74.69151785714286,-10.542049862362362,-66.69151785714286,10.542049862362362,60.149467994780494,1529.1330000000005,1.5098506328700003,91881.68549031604,0.0,0.0,0.0,1572.25876165545,689.701271416506,2198.369,2.17064756691,1712.5666666666666,1991.8666666666666,0.0,0.0,920.2077075228071
2025-02-04 12:15:00,2025-02-04,12:15:00,0.0,593.228,2107.196,15.668,840.438,2.363,1.732,11.84868,2363.0,1732.0,231.7296875,361.4983125,5.799041228728727,66.20848214285714,-10.799041228728727,-57.208482142857136,10.799041228728727,51.40944091412841,1513.9679999999998,1.4948768635199998,91883.18036717956,0.0,0.0,0.0,1582.80081151781,749.850739411286,2107.196,2.08062425844,1712.5666666666666,1991.8666666666666,0.0,0.0,922.2883317812472
2025-02-04 12:20:00,2025-02-04,12:20:00,0.0,534.508,2000.115,15.694,844.517,2.356,1.738,11.84868,2356.0,1738.0,208.7921875,325.7158125,5.225029717217217,59.65491071428571,-11.225029717217218,-52.65491071428571,11.225029717217218,47.429880997068494,1465.607,1.44712569573,91884.62749287528,0.0,0.0,0.0,1593.59985274654,801.260180325415,2000.115,1.9748935498499998,1712.5666666666666,1991.8666666666666,0.0,0.0,924.2632253310971
2025-02-04 12:25:00,2025-02-04,12:25:00,0.0,416.587,1939.123,15.648,844.98,2.344,1.745,11.84868,2344.0,1745.0,162.729296875,253.857703125,4.072304726601601,46.494084821428565,-11.0723047266016,-34.494084821428565,11.0723047266016,30.421780094826964,1522.536,1.50333682104,91886.13082969633,0.0,0.0,0.0,1604.82488246376,848.690061322483,1939.123,1.91467065897,1712.5666666666666,1991.8666666666666,0.0,0.0,926.1778959900671
2025-02-04 12:30:00,2025-02-04,12:30:00,0.0,391.067,1895.597,15.628,848.857,2.337,1.754,11.84868,2337.0,1754.0,152.760546875,238.306453125,3.822836508383383,43.64587053571428,-12.822836508383382,-36.64587053571428,12.822836508383382,32.8230340273309,1504.53,1.4855578767,91887.61638757304,0.0,0.0,0.0,1615.89718719036,879.11184141731,1895.597,1.8716935218299997,1712.5666666666666,1991.8666666666666,0.0,0.0,928.0495895118971
2025-02-04 12:35:00,2025-02-04,12:35:00,0.0,376.896,1987.194,15.578,849.854,2.331,1.763,11.84868,2331.0,1763.0,147.225,229.671,3.684309309309309,42.06428571428571,-12.68430930930931,-36.06428571428571,12.68430930930931,32.379976404976404,1610.298,1.5899921422199998,91889.20637971524,0.0,0.0,0.0,1628.72002369874,911.934875444641,1987.194,1.9621354836599996,1712.5666666666666,1991.8666666666666,0.0,0.0,930.0117249955571
2025-02-04 12:40:00,2025-02-04,12:40:00,0.0,502.818,2058.298,15.465,851.699,2.333,1.772,11.84868,2333.0,1772.0,196.41328125,306.40471875,4.915247278528528,56.11808035714285,-13.915247278528527,-58.11808035714285,13.915247278528527,53.20283307861432,1555.4799999999998,1.5358653971999998,91890.74224511246,0.0,0.0,0.0,1641.40433300805,944.314851849618,2058.298,2.0323428622199997,1712.5666666666666,1991.8666666666666,0.0,0.0,932.0440678577771
2025-02-04 12:45:00,2025-02-04,12:45:00,0.0,511.188,2029.933,15.4,852.575,2.34,1.778,11.84868,2340.0,1778.0,199.6828125,311.5051875,4.997067379879879,57.052232142857136,-10.99706737987988,-64.05223214285714,10.99706737987988,59.055164762977256,1518.745,1.4995936255499998,91892.241838738,0.0,0.0,0.0,1655.31958028658,997.517684928232,2029.933,2.00433554487,1712.5666666666666,1991.8666666666666,0.0,0.0,934.0484034026471
2025-02-04 12:50:00,2025-02-04,12:50:00,0.0,511.977,2051.866,15.09,847.879,2.348,1.784,11.84868,2348.0,1784.0,199.991015625,311.985984375,5.004780170795795,57.14029017857142,-11.004780170795794,-65.14029017857142,11.004780170795794,60.13551000777562,1539.889,1.52047099971,91893.7623097377,0.0,0.0,0.0,1666.31664766646,1056.57284969121,2051.866,2.02599196974,1712.5666666666666,1991.8666666666666,0.0,0.0,936.074395372387
2025-02-04 12:55:00,2025-02-04,12:55:00,0.0,510.678,2040.683,15.277,848.371,2.356,1.79,11.84868,2356.0,1790.0,199.48359375,311.19440625,4.992081925675675,56.99531249999999,-10.992081925675675,-64.99531249999998,10.992081925675675,60.00323057432431,1530.005,1.51071163695,91895.27302137464,0.0,0.0,0.0,1677.32142783726,1116.70835969898,2040.683,2.01494998737,1712.5666666666666,1991.8666666666666,0.0,0.0,938.089345359757
2025-02-04 13:00:00,2025-02-04,13:00:00,0.0,531.999,2094.689,15.346,845.86,2.359,1.797,7.312275,2359.0,1797.0,207.812109375,324.18689062500005,5.200503237612613,59.37488839285715,-12.200503237612612,-62.37488839285715,12.200503237612612,57.174385155244536,1562.6899999999998,0.9522349183124996,91896.22525629296,0.0,0.0,0.0,1688.31350976293,1176.71159027331,2094.689,1.2764118339562498,1712.5666666666666,1991.8666666666666,0.0,0.0,939.3657571937132
2025-02-04 13:05:00,2025-02-04,13:05:00,0.0,569.499,2328.134,15.494,837.025,2.363,1.803,7.312275,2363.0,1803.0,222.460546875,347.03845312500005,5.567080752627628,63.560156250000006,-11.567080752627628,-67.56015625,11.567080752627628,61.99307549737238,1758.635,1.0716352287187498,91897.29689152168,0.0,0.0,0.0,1700.51401300055,1233.88597542855,2328.134,1.4186630037375,1712.5666666666666,1991.8666666666666,0.0,0.0,940.7844201974507
2025-02-04 13:10:00,2025-02-04,13:10:00,0.0,753.577,2244.248,15.4,828.97,2.369,1.806,7.312275,2369.0,1806.0,294.366015625,459.210984375,7.366516907532532,84.10457589285714,-10.366516907532532,-90.10457589285714,10.366516907532532,82.73805898532461,1490.671,0.90834969054375,91898.2052412122,0.0,0.0,0.0,1712.08109375317,1295.87905092593,2244.248,1.3675465453499998,1712.5666666666666,1991.8666666666666,0.0,0.0,942.1519667428007
2025-02-04 13:15:00,2025-02-04,13:15:00,0.0,675.063,2139.539,15.342,816.335,2.374,1.809,7.312275,2374.0,1809.0,263.696484375,411.366515625,6.599011120495495,75.34185267857143,-9.599011120495495,-80.34185267857143,9.599011120495495,73.74284155807594,1464.476,0.892387603575,91899.09762881578,0.0,0.0,0.0,1722.44761066071,1378.61710991125,2139.539,1.30374146176875,1712.5666666666666,1991.8666666666666,0.0,0.0,943.4557082045694
2025-02-04 13:20:00,2025-02-04,13:20:00,0.0,656.992,2135.953,15.379,807.86,2.371,1.814,7.312275,2371.0,1814.0,256.6375,400.3545,6.422359859859859,73.32499999999999,-11.42235985985986,-70.32499999999999,11.42235985985986,63.90264014014013,1478.961,0.90121412885625,91899.99884294464,0.0,0.0,0.0,1732.0466217812,1452.35995146933,2135.953,1.3015563102562497,1712.5666666666666,1991.8666666666666,0.0,0.0,944.7572645148257
2025-02-04 13:25:00,2025-02-04,13:25:00,0.0,625.456,2159.164,15.571,794.564,2.363,1.819,7.312275,2363.0,1819.0,244.31875,381.13725,6.114082832832833,69.80535714285713,-11.114082832832832,-61.80535714285713,11.114082832832832,55.6912743100243,1533.708,0.934574555475,91900.93341750011,0.0,0.0,0.0,1743.46898164106,1516.26259160947,2159.164,1.3157000781750001,1712.5666666666666,1991.8666666666666,0.0,0.0,946.0729645930007
2025-02-04 13:30:00,2025-02-04,13:30:00,0.0,583.096,2092.955,15.4,781.208,2.356,1.824,7.312275,2356.0,1824.0,227.771875,355.324125,5.699996871871871,65.07767857142856,-10.699996871871871,-58.07767857142856,10.699996871871871,52.37768169955669,1509.859,0.92004201826875,91901.8534595184,0.0,0.0,0.0,1754.58306447389,1571.95386591949,2092.955,1.2753552102187498,1712.5666666666666,1991.8666666666666,0.0,0.0,947.3483198032195
2025-02-04 13:35:00,2025-02-04,13:35:00,0.0,525.711,2101.223,15.4,764.36,2.344,1.831,7.312275,2344.0,1831.0,205.355859375,320.355140625,5.139035519894894,58.67310267857143,-12.139035519894891,-46.67310267857143,12.139035519894891,41.534067158676535,1575.512,0.96004808415,91902.81350760254,0.0,0.0,0.0,1765.28306134577,1624.33154761905,2101.223,1.28039336769375,1712.5666666666666,1991.8666666666666,0.0,0.0,948.6287131709132
2025-02-04 13:40:00,2025-02-04,13:40:00,0.0,556.09,2019.969,15.0,746.95,2.333,1.838,7.312275,2333.0,1838.0,217.22265625,338.86734375000003,5.436002408658658,62.06361607142857,-12.43600240865866,-51.06361607142857,12.43600240865866,45.62761366276991,1463.879,0.8920238178937498,91903.70553142043,0.0,0.0,0.0,1777.42209686566,1665.86561477772,2019.969,1.2308807349562498,1712.5666666666666,1991.8666666666666,0.0,0.0,949.8595939058695
2025-02-04 13:45:00,2025-02-04,13:45:00,0.0,520.512,2154.83,14.698,730.172,2.324,1.845,7.312275,2324.0,1845.0,203.325,317.18699999999995,5.088213213213211,58.092857142857135,-12.088213213213212,-49.092857142857135,12.088213213213212,44.00464392964392,1634.318,0.9958818877875,91904.70141330824,0.0,0.0,0.0,1789.85809927432,1711.49322844049,2154.83,1.3130591281875,1712.5666666666666,1991.8666666666666,0.0,0.0,951.172653034057
2025-02-04 13:50:00,2025-02-04,13:50:00,0.0,556.892,2002.572,14.69,713.142,2.317,1.852,7.312275,2317.0,1852.0,217.5359375,339.35606250000006,5.443842279779779,62.15312500000001,-12.44384227977978,-55.15312500000001,12.44384227977978,49.70928272022023,1445.6799999999998,0.8809341434999998,91905.58234745172,0.0,0.0,0.0,1801.94631248753,1755.49787237014,2002.572,1.2202797642749996,1712.5666666666666,1991.8666666666666,0.0,0.0,952.392932798332
2025-02-04 13:55:00,2025-02-04,13:55:00,0.0,555.637,2006.72,14.76,695.01,2.313,1.858,7.312275,2313.0,1858.0,217.045703125,338.59129687499995,5.4315741522772765,62.01305803571427,-11.431574152277276,-58.01305803571427,11.431574152277276,52.581483883437,1451.083,0.8842264953187501,91906.46657394704,0.0,0.0,0.0,1814.39015476731,1805.20715509036,2006.72,1.222807374,1712.5666666666666,1991.8666666666666,0.0,0.0,953.615740172332
2025-02-04 14:00:00,2025-02-04,14:00:00,0.0,570.326,1968.496,14.667,674.641,2.309,1.864,10.572525,2309.0,1864.0,222.78359375,347.54240625,5.575165008758758,63.65245535714285,-11.57516500875876,-59.65245535714285,11.57516500875876,54.07729034838409,1398.17,1.2318489399375,91907.69842288696,0.0,0.0,0.0,1825.82172891959,1857.7886389738,1968.496,1.7343310977000002,1712.5666666666666,1991.8666666666666,0.0,0.0,955.350071270032
2025-02-04 14:05:00,2025-02-04,14:05:00,0.0,590.422,2006.882,14.5,656.489,2.308,1.87,10.572525,2308.0,1870.0,230.63359375,359.78840625000004,5.771611455205205,65.8953125,-11.771611455205203,-64.8953125,11.771611455205203,59.1237010447948,1416.46,1.247963230125,91908.9463861171,0.0,0.0,0.0,1837.39689392835,1911.86592932218,2006.882,1.7681508430875,1712.5666666666666,1991.8666666666666,0.0,0.0,957.1182221131195
2025-02-04 14:10:00,2025-02-04,14:10:00,0.0,617.541,2140.303,14.307,646.962,2.309,1.875,10.572525,2309.0,1875.0,241.226953125,376.314046875,6.036710538663664,68.92198660714286,-11.036710538663664,-69.92198660714286,11.036710538663664,63.88527606847919,1522.7619999999995,1.3416199428374995,91910.28800605991,0.0,0.0,0.0,1849.16850538355,1970.98963036697,2140.303,1.88570058125625,1712.5666666666666,1991.8666666666666,0.0,0.0,959.0039226943758
2025-02-04 14:15:00,2025-02-04,14:15:00,0.0,660.058,2143.705,14.1,619.121,2.311,1.879,10.572525,2311.0,1879.0,257.83515625,402.22284375,6.452331237487488,73.66718750000001,-10.452331237487488,-75.66718750000001,10.452331237487488,69.21485626251253,1483.647,1.30715791655625,91911.59516397648,0.0,0.0,0.0,1860.20521592222,2034.87490643545,2143.705,1.88869789209375,1712.5666666666666,1991.8666666666666,0.0,0.0,960.8926205864695
2025-02-04 14:20:00,2025-02-04,14:20:00,0.0,695.202,2059.281,13.85,599.488,2.315,1.883,10.572525,2315.0,1883.0,271.56328125,423.63871875,6.795877909159159,77.58950892857143,-10.79587790915916,-81.58950892857143,10.79587790915916,74.79363101941227,1364.079,1.20181327745625,91912.79697725394,0.0,0.0,0.0,1870.65754715971,2104.08976269797,2059.281,1.8143166545437497,1712.5666666666666,1991.8666666666666,0.0,0.0,962.7069372410133
2025-02-04 14:25:00,2025-02-04,14:25:00,0.0,731.551,2065.056,13.62,578.828,2.319,1.886,10.572525,2319.0,1886.0,285.762109375,445.7888906250001,7.151203938313313,81.64631696428572,-10.151203938313312,-85.64631696428572,10.151203938313312,78.4951130259724,1333.505,1.17487624584375,91913.97185349978,0.0,0.0,0.0,1881.45342506886,2178.88339371738,2065.056,1.8194046822,1712.5666666666666,1991.8666666666666,0.0,0.0,964.5263419232133
2025-02-04 14:30:00,2025-02-04,14:30:00,0.0,765.894,1972.152,13.551,564.737,2.322,1.888,10.572525,2322.0,1888.0,299.17734375,466.71665625,7.486920514264263,85.47924107142856,-9.486920514264265,-88.47924107142856,9.486920514264265,80.9923205571643,1206.258,1.0627660717875,91915.03461957155,0.0,0.0,0.0,1891.60462900718,2257.37850674335,1972.152,1.7375521936500002,1712.5666666666666,1991.8666666666666,0.0,0.0,966.2638941168633
2025-02-04 14:35:00,2025-02-04,14:35:00,0.0,799.658,1994.875,13.393,549.599,2.324,1.89,10.572525,2324.0,1890.0,312.36640625,487.29159375000006,7.816977133383383,89.24754464285714,-9.816977133383382,-91.24754464285714,9.816977133383382,83.43056750947375,1195.217,1.05303846774375,91916.08765803932,0.0,0.0,0.0,1901.09154952144,2338.37082730051,1994.875,1.75757215078125,1712.5666666666666,1991.8666666666666,0.0,0.0,968.0214662676445
2025-02-04 14:40:00,2025-02-04,14:40:00,0.0,827.503,1986.547,13.29,534.046,2.324,1.891,10.572525,2324.0,1891.0,323.243359375,504.259640625,8.089173157532533,92.35524553571427,-9.089173157532532,-92.35524553571427,9.089173157532532,84.26607237818176,1159.044,1.0211684721749998,91917.10882651148,0.0,0.0,0.0,1910.90852665483,2421.80139480999,1986.547,1.75023481843125,1712.5666666666666,1991.8666666666666,0.0,0.0,969.7717010860758
2025-02-04 14:45:00,2025-02-04,14:45:00,0.0,852.144,1994.4,13.098,517.131,2.324,1.892,10.572525,2324.0,1892.0,332.86875,519.27525,8.330048798798797,95.10535714285712,-9.330048798798796,-95.10535714285712,9.330048798798796,86.77530834405833,1142.256,1.0063775097,91918.11520402116,0.0,0.0,0.0,1919.99769981236,2506.06746718817,1994.4,1.757153655,1712.5666666666666,1991.8666666666666,0.0,0.0,971.5288547410759
2025-02-04 14:50:00,2025-02-04,14:50:00,0.0,871.751,1948.421,12.999,502.087,2.322,1.893,10.572525,2322.0,1893.0,340.527734375,531.223265625,8.521715074449448,97.29363839285712,-9.521715074449448,-95.29363839285712,9.521715074449448,86.77192331840769,1076.67,0.9485933743125,91919.06379739549,0.0,0.0,0.0,1929.32774861116,2592.84277553223,1948.421,1.7166441444187501,1712.5666666666666,1991.8666666666666,0.0,0.0,973.2454988854946
2025-02-04 14:55:00,2025-02-04,14:55:00,0.0,885.95,1978.322,12.394,489.117,2.32,1.893,10.572525,2320.0,1893.0,346.07421875,539.87578125,8.660515984734733,98.87834821428572,-8.660515984734733,-96.87834821428572,8.660515984734733,88.21783222955098,1092.3719999999998,0.9624275232749998,91920.02622491877,15.1834849149719,5.9310487949108985,9.252436120061,1938.84946368561,2679.61469885064,1963.138515085028,1.7296109190999447,1712.5666666666666,1991.8666666666666,0.0,0.0,974.9751098045946
2025-02-04 15:00:00,2025-02-04,15:00:00,0.0,895.356,2003.372,11.654,473.686,2.315,1.894,23.594895,2315.0,1894.0,349.7484375,545.6075625,8.7524634009009,99.92812499999998,-9.7524634009009,-94.92812499999998,9.7524634009009,86.17566159909907,1108.016,2.17862676486,91922.20485168362,515.183484914972,201.24354879491096,313.9399361200611,1947.36155502582,2766.28637035473,1488.188515085028,2.9261376461364295,1712.5666666666666,1991.8666666666666,0.0,0.0,977.901247450731
2025-02-04 15:05:00,2025-02-04,15:05:00,0.0,901.057,2032.982,11.593,456.83,2.31,1.894,23.594895,2310.0,1894.0,351.975390625,549.081609375,8.808192958583582,100.56439732142856,-8.808192958583582,-95.56439732142856,8.808192958583582,86.75620436284498,1131.925,2.22563762690625,91924.43048931051,851.956396599013,332.7954674214895,519.1609291775236,1952.07789358201,2800.0,1181.025603400987,2.3221812587131607,1712.5666666666666,1991.8666666666666,0.0,0.0,980.2234287094442
2025-02-04 15:10:00,2025-02-04,15:10:00,0.0,896.493,2072.155,11.5,438.517,2.304,1.895,23.594895,2304.0,1895.0,350.192578125,546.300421875,8.763578031156156,100.05502232142857,-9.763578031156156,-94.05502232142857,9.763578031156156,85.29144429027241,1175.6620000000005,2.3116351204575003,91926.74212443098,1076.42215523862,420.47740439008595,655.9447508485341,1952.55787164015,2800.0,995.7328447613802,1.9578509933496722,1712.5666666666666,1991.8666666666666,0.0,0.0,982.1812797027939
2025-02-04 15:15:00,2025-02-04,15:15:00,0.0,893.833,2218.236,11.296,419.469,2.296,1.895,23.594895,2296.0,1895.0,349.15351562499995,544.6794843749999,8.737575466091089,99.75814732142857,-8.737575466091089,-91.75814732142857,8.737575466091089,83.02057185533747,1324.4029999999998,2.604095810223749,91929.3462202412,576.422155238618,225.16490439008516,351.2572508485328,1951.79899210399,2775.67750060328,1641.813844761382,3.2282021063909254,1712.5666666666666,1991.8666666666666,0.0,0.0,985.4094818091847
2025-02-04 15:20:00,2025-02-04,15:20:00,0.0,881.761,2244.475,10.984,398.8,2.288,1.896,23.594895,2288.0,1896.0,344.437890625,537.323109375,8.619566832457457,98.41082589285712,-9.619566832457457,-90.41082589285712,9.619566832457457,81.79125906039965,1362.714,2.6794244787525,91932.02564471996,803.200034558422,313.7500134993836,489.45002105903836,1954.90181020296,2800.0,1441.274965441578,2.8338942896435553,1712.5666666666666,1991.8666666666666,0.0,0.0,988.2433760988283
2025-02-04 15:25:00,2025-02-04,15:25:00,0.0,869.221,2281.443,10.8,240.492,2.28,1.897,23.594895,2280.0,1897.0,339.539453125,529.6815468750001,8.496983311436436,97.01127232142858,-9.496983311436436,-89.01127232142858,9.496983311436436,80.51428900999214,1412.2220000000002,2.7767691505575005,91934.80241387052,790.66003455842,308.8515759993828,481.80845855903715,1956.669775096,2800.0,1490.7829654415802,2.9312389614485594,1712.5666666666666,1991.8666666666666,0.0,0.0,991.1746150602769
2025-02-04 15:30:00,2025-02-04,15:30:00,0.0,850.426,2258.653,10.5,42.238,2.273,1.898,23.594895,2273.0,1898.0,332.19765625,518.22834375,8.31325466091091,94.91361607142858,-9.31325466091091,-87.91361607142858,9.31325466091091,79.60036141051766,1408.227,2.7689140167637496,91937.57132788729,781.68515523862,305.34576376508596,476.3393914735341,1958.43773998903,2800.0,1476.9678447613796,2.904075101293421,1712.5666666666666,1991.8666666666666,0.0,0.0,994.0786901615703
2025-02-04 15:35:00,2025-02-04,15:35:00,0.0,1165.512,2304.874,10.165,39.488,2.271,1.895,23.594895,2271.0,1895.0,455.278125,710.233875,11.39334647147147,130.07946428571427,-8.39334647147147,-128.07946428571427,8.39334647147147,116.6861178142428,1139.362,2.2402605630824994,91939.81158845036,1145.87175863961,447.6061557185977,698.2656029210124,1960.10970927043,2800.0,1159.0022413603897,2.2788780158052546,1712.5666666666666,1991.8666666666666,0.0,0.0,996.3575681773756
2025-02-04 15:40:00,2025-02-04,15:40:00,0.0,1175.001,2433.756,9.782,36.718,2.271,1.89,23.594895,2271.0,1890.0,458.984765625,716.016234375,11.48610524587087,131.1385044642857,-6.486105245870871,-131.1385044642857,6.486105245870871,119.6523992184148,1258.755,2.475016004643749,91942.286604455,1175.001,458.98476562499997,716.016234375,1957.30170049369,2800.0,1258.7549999999999,2.4750160046437495,1712.5666666666666,1991.8666666666666,0.0,0.0,998.8325841820193
2025-02-04 15:45:00,2025-02-04,15:45:00,0.0,1195.492,2401.302,9.371,33.967,2.264,1.885,23.594895,2264.0,1885.0,466.9890625,728.5029375,11.686412975475474,133.42544642857143,-6.6864129754754735,-126.42544642857143,6.6864129754754735,114.73903345309596,1205.8100000000002,2.3709133616625,91944.65751781668,1126.75115523862,440.1371700150859,686.6139852235341,1952.30170049369,2800.0,1274.5508447613802,2.506074446192172,1712.5666666666666,1991.8666666666666,0.0,0.0,1001.3386586282115
2025-02-04 15:50:00,2025-02-04,15:50:00,0.0,1205.094,2418.989,9.024,31.472,2.253,1.88,23.594895,2253.0,1880.0,470.73984375,734.3541562500001,11.78027637012012,134.49709821428573,-6.78027637012012,-123.49709821428571,6.78027637012012,111.7168218441656,1213.895,2.38681042216875,91947.04432823884,1097.07267251783,428.5440127022773,668.5286598155526,1947.9736697751,2800.0,1321.9163274821701,2.5992064121439515,1712.5666666666666,1991.8666666666666,0.0,0.0,1003.9378650403555
2025-02-04 15:55:00,2025-02-04,15:55:00,0.0,1224.745,2514.745,8.838,30.753,2.244,1.875,23.594895,2244.0,1875.0,478.416015625,746.3289843749999,11.972372763388387,136.69029017857142,-6.972372763388387,-127.69029017857142,6.972372763388387,115.71791741518302,1290.0,2.5364512125000003,91949.58077945132,1136.36391387822,443.8921538586797,692.4717600195404,1944.02962150302,2800.0,1378.3810861217798,2.710229749752446,1712.5666666666666,1991.8666666666666,0.0,0.0,1006.648094790108
2025-02-04 16:00:00,2025-02-04,16:00:00,0.0,1239.578,2377.813,8.598,29.587,2.228,1.87,51.297705,2228.0,1870.0,484.21015625,755.3678437499999,12.117371277527528,138.3457589285714,-7.117371277527527,-122.3457589285714,7.117371277527527,110.22838765104387,1138.235,4.8657369375562505,91954.44651638888,1082.45606911684,422.8344019987656,659.6216671180744,1939.89358200768,2800.0,1295.3569308831602,5.537403142512479,1712.5666666666666,1991.8666666666666,0.0,0.0,1012.1854979326205
2025-02-04 16:05:00,2025-02-04,16:05:00,0.0,1375.547,2398.839,8.359,28.431,2.215,1.863,51.297705,2215.0,1863.0,537.323046875,838.2239531250001,13.44652269456957,153.5208705357143,-6.44652269456957,-140.5208705357143,6.44652269456957,127.07434784114471,1023.292,4.374377595404999,91958.82089398427,1582.45606911684,618.1469019987655,964.3091671180744,1936.42951179375,2800.0,816.38293088316,3.4898808962899777,1712.5666666666666,1991.8666666666666,0.0,0.0,1015.6753788289104
2025-02-04 16:10:00,2025-02-04,16:10:00,0.0,1398.928,2360.168,8.1,27.358,2.2,1.856,51.297705,2200.0,1856.0,546.4562500000001,852.4717500000002,13.67508133133133,156.13035714285715,-6.675081331331331,-141.13035714285715,6.675081331331331,127.45527581152582,961.24,4.10911716285,91962.93001114714,1897.02564102564,741.0256410256407,1155.9999999999993,1927.40689279666,2765.93008896173,463.14235897436015,1.9798450086392356,1712.5666666666666,1991.8666666666666,0.0,0.0,1017.6552238375497
2025-02-04 16:15:00,2025-02-04,16:15:00,0.0,1412.763,2461.827,7.989,25.852,2.183,1.848,51.297705,2183.0,1848.0,551.860546875,860.902453125,13.810323995870869,157.6744419642857,-5.810323995870869,-140.6744419642857,5.810323995870869,126.86411796841485,1049.0640000000003,4.484547966510001,91967.41455911363,1897.02564102564,741.0256410256407,1155.9999999999993,1915.53778891714,2700.2079382625,564.8013589743603,2.414417791355486,1712.5666666666666,1991.8666666666666,0.0,0.0,1020.0696416289052
2025-02-04 16:20:00,2025-02-04,16:20:00,0.0,1423.391,2491.24,7.702,25.2,2.163,1.84,51.297705,2163.0,1840.0,556.012109375,867.378890625,13.914216951326326,158.8606026785714,-5.914216951326326,-138.8606026785714,5.914216951326326,124.94638572724509,1067.8489999999997,4.564850248878748,91971.97940936252,1897.02564102564,741.0256410256407,1155.9999999999993,1902.80392770215,2633.89462972015,594.2143589743598,2.5401527411192344,1712.5666666666666,1991.8666666666666,0.0,0.0,1022.6097943700244
2025-02-04 16:25:00,2025-02-04,16:25:00,0.0,1430.925,2529.037,7.499,24.075,2.141,1.832,51.297705,2141.0,1832.0,558.955078125,871.9699218750001,13.987864817942942,159.70145089285714,-5.987864817942942,-137.70145089285714,5.987864817942942,123.7135860749142,1098.112,4.69421878608,91976.6736281486,1768.73404542385,690.9117364936914,1077.8223089301584,1890.17395944263,2565.66358893664,760.3029545761499,3.250149722872978,1712.5666666666666,1991.8666666666666,0.0,0.0,1025.8599440928974
2025-02-04 16:30:00,2025-02-04,16:30:00,0.0,1436.45,2554.847,7.3,23.625,2.12,1.824,51.297705,2120.0,1824.0,561.11328125,875.33671875,14.041873905155152,160.31808035714283,-6.041873905155153,-139.31808035714283,6.041873905155153,125.27620645198768,1118.3970000000002,4.780933281573751,91981.45456143018,1268.73404542385,495.59923649369136,773.1348089301586,1878.87174076473,2509.26390522348,1286.1129545761503,5.49788691171048,1712.5666666666666,1991.8666666666666,0.0,0.0,1031.357831004608
2025-02-04 16:35:00,2025-02-04,16:35:00,0.0,1436.036,2628.815,7.199,22.982,2.099,1.816,51.297705,2099.0,1816.0,560.9515625,875.0844375,14.03782688938939,160.271875,-6.03782688938939,-139.271875,6.03782688938939,125.2340481106106,1192.779,5.09890210601625,91986.5534635362,768.734045423855,300.28673649369335,468.4473089301617,1872.51123137425,2505.34271311576,1860.080954576145,7.951490340330457,1712.5666666666666,1991.8666666666666,0.0,0.0,1039.3093213449386
2025-02-04 16:40:00,2025-02-04,16:40:00,0.0,1435.886,2536.129,6.989,20.841,2.077,1.808,51.297705,2077.0,1808.0,560.89296875,874.9930312500001,14.03636057932933,160.2551339285714,-6.03636057932933,-138.2551339285714,6.03636057932933,124.21877334924208,1100.243,4.70332840352625,91991.25679193973,268.734045423854,104.97423649369297,163.75980893016103,1871.0343751682,2552.29523389504,2267.394954576146,9.692679791527961,1712.5666666666666,1991.8666666666666,0.0,0.0,1049.0020011364666
2025-02-04 16:45:00,2025-02-04,16:45:00,0.0,1436.085,2583.652,6.889,19.687,2.055,1.8,51.297705,2055.0,1800.0,560.970703125,875.114296875,14.03830588400901,160.27734375,-6.038305884009009,-138.27734375,6.038305884009009,124.239037865991,1147.567,4.90562945281125,91996.16242139254,229.132707076252,89.50496370166093,139.62774337459106,1874.44375285229,2649.14835114132,2354.5192929237483,10.065119675434254,1712.5666666666666,1991.8666666666666,0.0,0.0,1059.0671208119008
2025-02-04 16:50:00,2025-02-04,16:50:00,0.0,1425.827,2582.959,6.7,18.668,2.034,1.792,51.297705,2034.0,1792.0,556.9636718749999,868.863328125,13.9380298267017,159.1324776785714,-5.938029826701699,-138.13247767857118,5.938029826701699,124.19444785186948,1157.1319999999998,4.946517998504999,92001.10893939104,729.132707076252,284.8174637016609,444.3152433745911,1878.2421947798,2750.05440619191,1853.8262929237478,7.9247528579705,1712.5666666666666,1991.8666666666666,0.0,0.0,1066.9918736698714
2025-02-04 16:55:00,2025-02-04,16:55:00,0.0,1415.715,2552.865,6.535,18.008,2.015,1.784,51.297705,2015.0,1784.0,553.013671875,862.701328125,13.839180977852852,158.00390624999997,-5.839180977852852,-139.00390625000043,5.839180977852852,125.16472527214758,1137.15,4.861098770062499,92005.9700381611,1229.13270707625,480.12996370166013,749.0027433745898,1877.05266044981,2800.0,1323.7322929237498,5.658702388448009,1712.5666666666666,1991.8666666666666,0.0,0.0,1072.6505760583195
2025-02-04 17:00:00,2025-02-04,17:00:00,0.0,1404.534,2582.308,6.395,16.073,1.998,1.776,72.88056,1998.0,1776.0,548.64609375,855.88790625,13.729882225975974,156.75602678571428,-5.729882225975974,-139.75602678571406,5.729882225975974,126.02614455973809,1177.774,7.15306905612,92013.12310721722,1729.13270707625,675.4424637016601,1053.6902433745897,1870.87657707076,2800.0,853.17529292375,5.181657760537245,1712.5666666666666,1991.8666666666666,0.0,0.0,1077.8322338188568
2025-02-04 17:05:00,2025-02-04,17:05:00,0.0,1398.923,2534.177,6.388,14.661,1.983,1.768,72.88056,1983.0,1768.0,546.454296875,852.4687031249999,13.675032454329328,156.12979910714282,-5.675032454329328,-141.12979910714282,5.675032454329328,127.45476665281348,1135.254,6.894828938520001,92020.01793615574,1897.02564102564,741.0256410256407,1155.9999999999993,1859.70349473964,2749.94554805922,637.1513589743602,3.8696623205677,1712.5666666666666,1991.8666666666666,0.0,0.0,1081.7018961394244
2025-02-04 17:10:00,2025-02-04,17:10:00,0.0,1384.565,2610.382,6.285,13.633,1.967,1.76,72.88056,1967.0,1760.0,540.845703125,843.719296875,13.53467725538038,154.52734375,-5.53467725538038,-138.52734375,5.53467725538038,124.9926664946196,1225.817,7.44485245146,92027.4627886072,1897.02564102564,741.0256410256407,1155.9999999999993,1846.83434198312,2684.22288820127,713.3563589743601,4.332484243467699,1712.5666666666666,1991.8666666666666,0.0,0.0,1086.034380382892
2025-02-04 17:15:00,2025-02-04,17:15:00,0.0,1383.055,2505.443,6.247,11.617,1.954,1.752,72.88056,1954.0,1752.0,540.255859375,842.7991406250001,13.519916400775774,154.35881696428572,-5.519916400775774,-141.35881696428572,5.519916400775774,127.83890056350997,1122.388,6.816688831440001,92034.27947743864,1897.02564102564,741.0256410256407,1155.9999999999993,1833.82483402765,2616.03812818513,608.4173589743602,3.6951498196477,1712.5666666666666,1991.8666666666666,0.0,0.0,1089.7295302025398
2025-02-04 17:20:00,2025-02-04,17:20:00,0.0,1374.83,2561.757,6.067,9.745,1.94,1.744,72.88056,1940.0,1744.0,537.04296875,837.78703125,13.439513732482482,153.44084821428572,-5.439513732482482,-139.44084821428572,5.439513732482482,126.00133448180324,1186.927,7.20865870326,92041.4881361419,1897.02564102564,741.0256410256407,1155.9999999999993,1820.80056521757,2550.69960223788,664.7313589743601,4.037166140967699,1712.5666666666666,1991.8666666666666,0.0,0.0,1093.7666963435074
2025-02-04 17:25:00,2025-02-04,17:25:00,0.0,1372.992,2641.598,6.005,7.859,1.928,1.736,72.88056,1928.0,1736.0,536.3249999999999,836.6669999999999,13.421546546546544,153.23571428571427,-5.421546546546544,-141.23571428571427,5.421546546546544,127.81416773916771,1268.606,7.70472630828,92049.19286245016,1897.02564102564,741.0256410256407,1155.9999999999993,1807.6958937392,2483.52351020893,744.57235897436,4.522070873547698,1712.5666666666666,1991.8666666666666,0.0,0.0,1098.288767217055
2025-02-04 17:30:00,2025-02-04,17:30:00,0.0,1370.775,2765.324,5.822,6.548,1.916,1.729,72.88056,1916.0,1729.0,535.458984375,835.316015625,13.39987448385886,152.98828124999997,-6.399874483858859,-140.98828124999997,6.399874483858859,127.5884067661411,1394.549,8.469626005619999,92057.6624884558,1897.02564102564,741.0256410256407,1155.9999999999993,1794.57325507489,2418.16025143733,868.2983589743601,5.2735058874276985,1712.5666666666666,1991.8666666666666,0.0,0.0,1103.5622731044828
2025-02-04 17:35:00,2025-02-04,17:35:00,0.0,1372.698,2715.633,5.703,4.816,1.905,1.721,72.88056,1905.0,1721.0,536.2101562500001,836.4878437500001,13.418672578828833,153.2029017857143,-5.418672578828831,-142.2029017857143,5.418672578828831,128.78422920688547,1342.9349999999995,8.156154570299998,92065.8186430261,1897.02564102564,741.0256410256407,1155.9999999999993,1782.4289443479,2352.57123169272,818.6073589743598,4.9717135618476975,1712.5666666666666,1991.8666666666666,0.0,0.0,1108.5339866663305
2025-02-04 17:40:00,2025-02-04,17:40:00,0.0,1374.329,2755.733,5.662,3.142,1.893,1.713,72.88056,1893.0,1713.0,536.847265625,837.481734375,13.43461625688188,153.38493303571423,-5.434616256881879,-141.38493303571423,5.434616256881879,127.95031677883236,1381.4040000000002,8.38979142552,92074.20843445162,1897.02564102564,741.0256410256407,1155.9999999999993,1769.30343171588,2288.17803438884,858.7073589743602,5.215256099847699,1712.5666666666666,1991.8666666666666,0.0,0.0,1113.7492427661782
2025-02-04 17:45:00,2025-02-04,17:45:00,0.0,1375.616,2730.941,5.496,2.035,1.882,1.705,72.88056,1882.0,1705.0,537.35,838.2660000000001,13.447197197197198,153.52857142857144,-5.447197197197198,-142.52857142857144,5.447197197197198,129.08137423137424,1355.3249999999998,8.231403748499998,92082.43983820012,1897.02564102564,741.0256410256407,1155.9999999999993,1756.19386276191,2222.95092465691,833.9153589743598,5.064684862887698,1712.5666666666666,1991.8666666666666,0.0,0.0,1118.8139276290658
2025-02-04 17:50:00,2025-02-04,17:50:00,0.0,1378.747,2765.576,5.39,1.046,1.869,1.697,72.88056,1869.0,1697.0,538.573046875,840.1739531250001,13.477803975850852,153.87801339285716,-5.477803975850852,-140.87801339285716,5.477803975850852,127.4002094170063,1386.829,8.42273951202,92090.86257771216,1897.02564102564,741.0256410256407,1155.9999999999993,1743.09687474825,2158.85487237753,868.55035897436,5.275036379187699,1712.5666666666666,1991.8666666666666,0.0,0.0,1124.0889640082535
2025-02-04 17:55:00,2025-02-04,17:55:00,0.0,1382.739,2820.502,5.2,0.449,1.857,1.689,72.88056,1857.0,1689.0,540.132421875,842.6065781249999,13.516827374249248,154.3235491071428,-5.516827374249248,-142.3235491071428,5.516827374249248,128.80672173289355,1437.763,8.73208104894,92099.59465876108,1897.02564102564,741.0256410256407,1155.9999999999993,1730.03049351325,2093.07765528377,923.47635897436,5.6086228490676975,1712.5666666666666,1991.8666666666666,0.0,0.0,1129.697586857321
2025-02-04 18:00:00,2025-02-04,18:00:00,0.0,1383.44,2888.376,5.2,-0.009,1.843,1.681,72.480015,1843.0,1681.0,540.40625,843.03375,13.523679929929928,154.40178571428572,-5.523679929929928,-140.40178571428572,5.523679929929928,126.8781057843558,1504.936,9.08981532117,92108.68447408226,1897.02564102564,741.0256410256407,1155.9999999999993,1717.00313567665,2028.70695050591,991.3503589743602,5.987757407393084,1712.5666666666666,1991.8666666666666,0.0,0.0,1135.685344264714
2025-02-04 18:05:00,2025-02-04,18:05:00,0.0,1384.137,2778.894,5.107,-0.002,1.829,1.673,72.480015,1829.0,1673.0,540.6785156249999,843.4584843749999,13.530493384009008,154.4795758928571,-5.530493384009008,-140.4795758928571,5.530493384009008,126.9490825088481,1394.7569999999998,8.424334023446248,92117.10880810572,1897.02564102564,741.0256410256407,1155.9999999999993,1703.98263039573,1962.4076297795,881.8683589743598,5.326485990540581,1712.5666666666666,1991.8666666666666,0.0,0.0,1141.0118302552546
2025-02-04 18:10:00,2025-02-04,18:10:00,0.0,1384.298,2788.376,5.1,-0.04,1.813,1.666,72.480015,1813.0,1666.0,540.74140625,843.5565937499999,13.532067223473472,154.4975446428571,-6.532067223473472,-138.4975446428571,6.532067223473472,124.96547741938362,1404.0780000000002,8.4806328750975,92125.5894409808,1897.02564102564,741.0256410256407,1155.9999999999993,1690.96893856888,1896.17928577759,891.3503589743602,5.383757282393084,1712.5666666666666,1991.8666666666666,0.0,0.0,1146.3955875376478
2025-02-04 18:15:00,2025-02-04,18:15:00,0.0,1389.76,2813.267,5.042,-0.018,1.796,1.658,72.480015,1796.0,1658.0,542.875,846.885,13.58546046046046,155.10714285714283,-5.5854604604604585,-138.10714285714283,5.5854604604604585,124.52168239668237,1423.5069999999998,8.597984059383746,92134.1874250402,1897.02564102564,741.0256410256407,1155.9999999999993,1678.95682058151,1827.96733668622,916.2413589743599,5.534098953506831,1712.5666666666666,1991.8666666666666,0.0,0.0,1151.9296864911546
2025-02-04 18:20:00,2025-02-04,18:20:00,0.0,1389.36,2805.504,4.909,-0.001,1.778,1.65,72.480015,1778.0,1650.0,542.71875,846.64125,13.5815503003003,155.0625,-5.5815503003003,-137.0625,5.5815503003003,123.48094969969968,1416.144,8.55351153018,92142.74093657036,1897.02564102564,741.0256410256407,1155.9999999999993,1665.99809583112,1759.31159257214,908.4783589743599,5.4872104238030825,1712.5666666666666,1991.8666666666666,0.0,0.0,1157.4168969149578
2025-02-04 18:25:00,2025-02-04,18:25:00,0.0,1389.408,2766.209,4.899,-0.025,1.762,1.642,72.480015,1762.0,1642.0,542.7375,846.6705,13.582019519519516,155.0678571428571,-5.582019519519516,-139.0678571428571,5.582019519519516,125.48583762333756,1376.801,8.315879761001248,92151.05681633136,1897.02564102564,741.0256410256407,1155.9999999999993,1653.03546092056,1689.61511576108,869.1833589743599,5.249868574684332,1712.5666666666666,1991.8666666666666,0.0,0.0,1162.666765489642
2025-02-04 18:30:00,2025-02-04,18:30:00,0.0,1388.235,2722.236,4.9,-0.054,1.745,1.634,72.480015,1745.0,1634.0,542.279296875,845.955703125,13.57055297484985,154.93694196428572,-5.57055297484985,-137.93694196428572,5.57055297484985,124.36638898943588,1334.001,8.05736770750125,92159.11418403886,1897.02564102564,741.0256410256407,1155.9999999999993,1640.07329522923,1621.92352687366,825.2103589743599,4.984271599718082,1712.5666666666666,1991.8666666666666,0.0,0.0,1167.6510370893602
2025-02-04 18:35:00,2025-02-04,18:35:00,0.0,1386.792,2812.978,4.83,0.0,1.727,1.626,72.480015,1727.0,1626.0,541.7156249999999,845.0763749999999,13.55644707207207,154.77589285714282,-5.55644707207207,-136.77589285714282,5.55644707207207,123.21944578507076,1426.186,8.614165222732499,92167.7283492616,1897.02564102564,741.0256410256407,1155.9999999999993,1627.09966299323,1553.11248935233,915.9523589743601,5.532353393145583,1712.5666666666666,1991.8666666666666,0.0,0.0,1173.1833904825057
2025-02-04 18:40:00,2025-02-04,18:40:00,0.0,1383.452,2879.072,4.8,-0.1,1.711,1.619,72.480015,1711.0,1619.0,540.4109374999999,843.0410625,13.523797234734731,154.40312499999996,-6.523797234734731,-138.40312499999996,6.523797234734731,124.87932776526524,1495.62,9.033546669525,92176.76189593112,1897.02564102564,741.0256410256407,1155.9999999999993,1614.11192485445,1483.15450862664,982.0463589743601,5.931561235763083,1712.5666666666666,1991.8666666666666,0.0,0.0,1179.114951718269
2025-02-04 18:45:00,2025-02-04,18:45:00,0.0,1376.827,2817.946,4.79,-0.037,1.695,1.611,72.480015,1695.0,1611.0,537.8230468749999,839.003953125,13.459035207082078,153.6637276785714,-5.459035207082078,-137.6637276785714,5.459035207082078,124.20469247148932,1441.119,8.704360561398747,92185.46625649252,1897.02564102564,741.0256410256407,1155.9999999999993,1602.09153687833,1414.85640988115,920.9203589743599,5.562360119355582,1712.5666666666666,1991.8666666666666,0.0,0.0,1184.6773118376245
2025-02-04 18:50:00,2025-02-04,18:50:00,0.0,1372.61,2923.165,4.604,-0.015,1.679,1.603,72.480015,1679.0,1603.0,536.17578125,836.43421875,13.417812343593592,153.19308035714286,-5.417812343593592,-137.19308035714286,5.417812343593592,123.77526801354928,1550.555,9.36535413819375,92194.83161063072,1897.02564102564,741.0256410256407,1155.9999999999993,1589.00638687456,1345.88367584188,1026.13935897436,6.197883010879332,1712.5666666666666,1991.8666666666666,0.0,0.0,1190.875194848504
2025-02-04 18:55:00,2025-02-04,18:55:00,0.0,1371.724,2846.412,4.504,-0.035,1.665,1.595,72.480015,1665.0,1595.0,535.8296875,835.8943125,13.409151338838836,153.0941964285714,-5.4091513388388375,-139.0941964285714,5.4091513388388375,125.68504508973255,1474.688,8.907117363359998,92203.73872799407,1897.02564102564,741.0256410256407,1155.9999999999993,1575.8800140073,1276.48151734467,949.3863589743598,5.734294794938082,1712.5666666666666,1991.8666666666666,0.0,0.0,1196.609489643442
2025-02-04 19:00:00,2025-02-04,19:00:00,0.0,1367.178,2785.861,4.438,-0.022,1.65,1.587,72.34029,1650.0,1587.0,534.0539062500001,833.1240937500002,13.36471236861862,152.58683035714287,-5.364712368618621,-137.58683035714287,5.364712368618621,124.22211798852425,1418.6829999999998,8.552328303172498,92212.29105629724,1897.02564102564,741.0256410256407,1155.9999999999993,1562.74498013529,1208.98913592364,888.8353589743599,5.358217302538273,1712.5666666666666,1991.8666666666666,0.0,0.0,1201.9677069459804
2025-02-04 19:05:00,2025-02-04,19:05:00,0.0,1367.822,2862.948,4.325,0.0,1.636,1.579,72.34029,1636.0,1579.0,534.3054687499999,833.51653125,13.371007726476474,152.65870535714282,-5.371007726476474,-138.65870535714282,5.371007726476474,125.28769763066634,1495.126,9.013154035544998,92221.3042103328,1897.02564102564,741.0256410256407,1155.9999999999993,1549.56550729306,1140.0338274014,965.9223589743599,5.822925297140774,1712.5666666666666,1991.8666666666666,0.0,0.0,1207.790632243121
2025-02-04 19:10:00,2025-02-04,19:10:00,0.0,1362.659,2741.86,4.299,-0.004,1.624,1.572,72.34029,1624.0,1572.0,532.288671875,830.370328125,13.320537334209208,152.08247767857142,-6.320537334209208,-140.08247767857142,6.320537334209208,126.76194034436222,1379.201,8.3143166923575,92229.61852702514,1897.02564102564,741.0256410256407,1155.9999999999993,1536.39232980868,1072.14409852131,844.8343589743602,5.092963544180775,1712.5666666666666,1991.8666666666666,0.0,0.0,1212.8835957873018
2025-02-04 19:15:00,2025-02-04,19:15:00,0.0,1362.861,2707.418,4.3,-0.022,1.61,1.564,72.34029,1610.0,1564.0,532.367578125,830.4934218750001,13.322511965090088,152.10502232142855,-5.322511965090088,-138.10502232142855,5.322511965090088,124.78251035633846,1344.557,8.1054702751275,92237.72399730029,1897.02564102564,741.0256410256407,1155.9999999999993,1524.16868193204,1005.72861235491,810.3923589743601,4.885334855165776,1712.5666666666666,1991.8666666666666,0.0,0.0,1217.7689306424677
2025-02-04 19:20:00,2025-02-04,19:20:00,0.0,1362.024,2717.522,4.3,-0.037,1.598,1.556,72.34029,1598.0,1556.0,532.040625,829.983375,13.314329954954951,152.01160714285712,-5.314329954954953,-140.01160714285712,5.314329954954953,126.69727718790216,1355.498,8.171426534535,92245.8954238348,1798.23543322503,702.4357161035273,1095.7997171215027,1510.94700868628,937.333696200492,919.28656677497,5.54178806946714,1712.5666666666666,1991.8666666666666,0.0,0.0,1223.310718711935
2025-02-04 19:25:00,2025-02-04,19:25:00,0.0,1362.627,2707.466,4.291,0.0,1.584,1.548,72.34029,1584.0,1548.0,532.2761718749999,830.3508281249999,13.320224521396394,152.07890625,-5.320224521396394,-138.07890625,5.320224521396394,124.7586817286036,1344.839,8.107170271942499,92254.00259410676,1298.23543322503,507.12321610352734,791.1122171215027,1498.68286726727,880.913525875634,1409.23056677497,8.49534565644714,1712.5666666666666,1991.8666666666666,0.0,0.0,1231.806064368382
2025-02-04 19:30:00,2025-02-04,19:30:00,0.0,1364.53,2753.827,4.2,-0.049,1.571,1.54,72.34029,1571.0,1540.0,533.01953125,831.51046875,13.338827108358355,152.29129464285714,-5.338827108358357,-139.29129464285714,5.338827108358357,125.95246753449878,1389.2970000000005,8.3751789896775,92262.37777309644,798.235433225028,311.8107161035266,486.42471712150143,1491.31232061491,873.470631319849,1955.5915667749723,11.789005088504654,1712.5666666666666,1991.8666666666666,0.0,0.0,1243.5950694568867
2025-02-04 19:35:00,2025-02-04,19:35:00,0.0,1313.685,2722.475,4.194,-0.009,1.555,1.533,72.34029,1555.0,1533.0,513.158203125,800.5267968750001,12.841796875,146.6166294642857,-5.841796875,-130.6166294642857,5.841796875,117.7748325892857,1408.79,8.492689762425,92270.87046285886,298.235433225028,116.49821610352656,181.73721712150143,1488.8480767497,918.137393798331,2424.239566774972,14.614182774164652,1712.5666666666666,1991.8666666666666,0.0,0.0,1258.2092522310513
2025-02-04 19:40:00,2025-02-04,19:40:00,0.0,1310.911,2622.675,4.108,-0.005,1.538,1.527,72.34029,1538.0,1527.0,512.074609375,798.836390625,12.81467991428929,146.30703125,-6.8146799142892895,-129.30703125,6.8146799142892895,116.49235133571072,1311.764,7.90778234763,92278.77824520649,0.0,0.0,0.0,1491.77450285134,1005.54239255997,2622.675,15.8104225063125,1712.5666666666666,1991.8666666666666,0.0,0.0,1274.0196747373639
2025-02-04 19:45:00,2025-02-04,19:45:00,0.0,1310.653,2618.976,4.0,-0.018,1.521,1.52,72.34029,1521.0,1520.0,511.973828125,798.6791718750001,12.812157860985986,146.27823660714287,-5.812157860985986,-129.27823660714287,5.812157860985986,116.46607874615688,1308.323,7.8870387694724995,92286.66528397596,0.0,0.0,0.0,1498.58918276563,1122.03474389568,2618.976,15.788123611919998,1712.5666666666666,1991.8666666666666,0.0,0.0,1289.8077983492838
2025-02-04 19:50:00,2025-02-04,19:50:00,0.0,1307.398,2579.153,4.0,0.0,1.505,1.513,72.34029,1505.0,1513.0,510.70234375,796.69565625,12.78033893268268,145.91495535714284,-5.78033893268268,-129.91495535714284,5.78033893268268,117.13461642446016,1271.755,7.666593792412499,92294.33187776836,0.0,0.0,0.0,1504.40134062662,1238.50082264184,2579.153,15.548056331197497,1712.5666666666666,1991.8666666666666,0.0,0.0,1305.3558546804813
2025-02-04 19:55:00,2025-02-04,19:55:00,0.0,1301.613,2602.96,4.0,-0.008,1.488,1.507,72.34029,1488.0,1507.0,508.442578125,793.170421875,12.723788241366366,145.26930803571426,-6.723788241366366,-128.26930803571426,6.723788241366366,115.5455197943479,1301.347,7.8449849475525,92302.17686271592,0.0,0.0,0.0,1510.1816795593,1355.6354390663,2602.96,15.691573438199999,1712.5666666666666,1991.8666666666666,0.0,0.0,1321.0474281186814
2025-02-04 20:00:00,2025-02-04,20:00:00,0.0,1300.292,2648.553,4.0,-0.008,1.473,1.501,72.0981,1473.0,1501.0,507.92656249999993,792.3654374999999,12.710874937437437,145.12187499999996,-6.710874937437435,-130.12187499999996,6.710874937437435,117.41100006256252,1348.261,8.100588033674999,92310.2774507496,0.0,0.0,0.0,1516.90546780066,1471.18095886065,2648.553,15.912969920774998,1712.5666666666666,1991.8666666666666,0.0,0.0,1336.9603980394563
2025-02-04 20:05:00,2025-02-04,20:05:00,0.0,1296.316,2625.461,3.998,-0.012,1.458,1.494,72.0981,1458.0,1494.0,506.3734375,789.9425625,12.672007945445444,144.678125,-5.672007945445445,-129.678125,5.672007945445445,117.00611705455457,1329.1449999999998,7.9857357603749985,92318.26318650998,0.0,0.0,0.0,1523.6163427381,1588.59195892321,2625.461,15.774229143674999,1712.5666666666666,1991.8666666666666,0.0,0.0,1352.7346271831314
2025-02-04 20:10:00,2025-02-04,20:10:00,0.0,1292.922,2640.819,3.931,-0.001,1.444,1.488,72.0981,1444.0,1488.0,505.04765625,787.87434375,12.638830236486484,144.29933035714282,-6.638830236486484,-130.29933035714282,6.638830236486484,117.66050012065634,1347.897,8.098401057975,92326.36158756795,0.0,0.0,0.0,1529.28835068355,1705.59807597776,2640.819,15.866502695324998,1712.5666666666666,1991.8666666666666,0.0,0.0,1368.6011298784563
2025-02-04 20:15:00,2025-02-04,20:15:00,0.0,1293.863,2536.372,3.899,-0.005,1.43,1.481,72.0981,1430.0,1481.0,505.415234375,788.447765625,12.648028888263262,144.4043526785714,-5.648028888263262,-130.4043526785714,5.648028888263262,117.75632379030812,1242.5089999999998,7.465211511074998,92333.82679907903,0.0,0.0,0.0,1535.92718092003,1823.25857609842,2536.372,15.2389668411,1712.5666666666666,1991.8666666666666,0.0,0.0,1383.8400967195562
2025-02-04 20:20:00,2025-02-04,20:20:00,0.0,1290.398,2499.481,3.7,0.0,1.416,1.475,72.0981,1416.0,1475.0,504.06171875,786.33628125,12.614157125875874,144.01763392857143,-6.614157125875874,-130.01763392857143,6.614157125875874,117.40347680269556,1209.0830000000003,7.264382253525001,92341.09118133257,0.0,0.0,0.0,1541.5752098083,1941.01489988873,2499.481,15.017319257175,1712.5666666666666,1991.8666666666666,0.0,0.0,1398.857415976731
2025-02-04 20:25:00,2025-02-04,20:25:00,0.0,1289.578,2416.261,3.671,-0.051,1.402,1.468,72.0981,1402.0,1468.0,503.74140625,785.8365937499999,12.606141297547545,143.92611607142854,-5.606141297547545,-129.92611607142854,5.606141297547545,117.319974773881,1126.683,6.769308633525,92347.86048996609,0.0,0.0,0.0,1548.18936693417,2058.41837669142,2416.261,14.517318933674998,1712.5666666666666,1991.8666666666666,0.0,0.0,1413.374734910406
2025-02-04 20:30:00,2025-02-04,20:30:00,0.0,1287.265,2362.076,3.667,0.0,1.388,1.462,72.0981,1388.0,1462.0,502.83789062500006,784.4271093750001,12.583530796421424,143.66796875,-6.583530796421423,-129.66796875,6.583530796421423,117.08443795357856,1074.811,6.457652579924999,92354.318142546,0.0,0.0,0.0,1553.79550823172,2175.7383514653,2362.076,14.191765971299999,1712.5666666666666,1991.8666666666666,0.0,0.0,1427.566500881706
2025-02-04 20:35:00,2025-02-04,20:35:00,0.0,1286.445,2367.635,3.614,0.0,1.375,1.455,72.0981,1375.0,1455.0,502.517578125,783.9274218749999,12.57551496809309,143.5764508928571,-5.57551496809309,-130.5764508928571,5.57551496809309,118.00093592476402,1081.1900000000005,6.495978728250002,92360.81412127426,0.0,0.0,0.0,1560.37903902814,2292.82278941888,2367.635,14.225165416125002,1712.5666666666666,1991.8666666666666,0.0,0.0,1441.791666297831
2025-02-04 20:40:00,2025-02-04,20:40:00,0.0,1287.024,2373.323,3.591,-0.079,1.361,1.448,72.0981,1361.0,1448.0,502.7437499999999,784.2802499999999,12.58117492492492,143.6410714285714,-5.581174924924921,-129.6410714285714,5.581174924924921,117.05989650364648,1086.299,6.526674494325,92367.34079576858,0.0,0.0,0.0,1565.95455399624,2410.82372534365,2373.323,14.259339915524999,1712.5666666666666,1991.8666666666666,0.0,0.0,1456.051006213356
2025-02-04 20:45:00,2025-02-04,20:45:00,0.0,1287.767,2391.772,3.587,0.0,1.347,1.442,72.0981,1347.0,1442.0,503.033984375,784.733015625,12.588438047422422,143.72399553571427,-6.588438047422422,-129.72399553571427,6.588438047422422,117.13555748829184,1104.005,6.633055240874999,92373.97385100946,0.0,0.0,0.0,1571.53572892116,2527.88362184729,2391.772,14.370184736099999,1712.5666666666666,1991.8666666666666,0.0,0.0,1470.421190949456
2025-02-04 20:50:00,2025-02-04,20:50:00,0.0,1286.832,2391.008,3.6,0.0,1.334,1.435,72.0981,1334.0,1435.0,502.6687500000001,784.1632500000001,12.579298048048049,143.61964285714285,-5.579298048048049,-130.61964285714285,5.579298048048049,118.0403448090948,1104.1759999999997,6.634082638799999,92380.60793364828,144.054189797035,56.2711678894668,87.78302190756821,1578.12416696858,2645.01917933559,2246.9538102029646,13.500091708616194,1712.5666666666666,1991.8666666666666,0.0,0.0,1483.9212826580722
2025-02-04 20:55:00,2025-02-04,20:55:00,0.0,1288.35,2365.309,3.6,-0.046,1.32,1.429,72.0981,1320.0,1429.0,503.26171875,785.0882812499999,12.594137105855854,143.78906249999997,-6.594137105855854,-129.78906249999997,6.594137105855854,117.19492539414412,1076.9590000000003,6.470558139825002,92387.0784917881,644.054189797035,251.58366788946677,392.4705219075682,1582.29527763201,2748.39023498945,1721.2548102029652,10.3416001192912,1712.5666666666666,1991.8666666666666,0.0,0.0,1494.2628827773633
2025-02-04 21:00:00,2025-02-04,21:00:00,0.0,1291.356,2401.153,3.6,-0.095,1.305,1.423,73.79343,1305.0,1423.0,504.4359375,786.9200625,12.623521959459458,144.12455357142855,-6.623521959459458,-129.12455357142855,6.623521959459458,116.5010316119691,1109.7969999999998,6.824643936142499,92393.90313572423,1144.05418979704,446.89616788946876,697.1580219075712,1582.59352715304,2800.0,1257.0988102029598,7.730469421149617,1712.5666666666666,1991.8666666666666,0.0,0.0,1501.9933521985129
2025-02-04 21:05:00,2025-02-04,21:05:00,0.0,1275.238,2536.52,3.6,-0.007,1.294,1.416,73.79343,1294.0,1416.0,498.13984375,777.09815625,12.465962055805806,142.32566964285712,-5.4659620558058055,-131.32566964285712,5.4659620558058055,118.85970758705132,1261.282,7.756193748105,92401.65932947234,1644.05418979704,642.2086678894688,1001.8455219075712,1578.03346132748,2800.0,892.46581020296,5.488176107717118,1712.5666666666666,1991.8666666666666,0.0,0.0,1507.48152830623
2025-02-04 21:10:00,2025-02-04,21:10:00,0.0,1262.717,2579.888,3.6,-0.006,1.284,1.409,73.79343,1284.0,1409.0,493.2488281250001,769.468171875,12.343564267392392,140.92823660714285,-5.343564267392392,-130.92823660714285,5.343564267392392,118.58467233975044,1317.1709999999998,8.099880498877498,92409.75920997122,1897.02564102564,741.0256410256407,1155.9999999999993,1567.42813539807,2751.44280474671,682.86235897436,4.199229640550775,1712.5666666666666,1991.8666666666666,0.0,0.0,1511.680757946781
2025-02-04 21:15:00,2025-02-04,21:15:00,0.0,1251.049,2537.469,3.6,-0.023,1.278,1.403,73.79343,1278.0,1403.0,488.691015625,762.357984375,12.22950489552052,139.6260044642857,-6.22950489552052,-133.6260044642857,6.22950489552052,121.39649956876518,1286.42,7.91077868505,92417.66998865629,1897.02564102564,741.0256410256407,1155.9999999999993,1554.22751445461,2676.8500505757,640.4433589743601,3.938376014953276,1712.5666666666666,1991.8666666666666,0.0,0.0,1515.6191339617342
2025-02-04 21:20:00,2025-02-04,21:20:00,0.0,1233.657,2486.382,3.545,0.0,1.272,1.396,73.79343,1272.0,1396.0,481.897265625,751.759734375,12.059491131756754,137.68493303571427,-5.059491131756754,-131.68493303571427,5.059491131756754,119.62544190395752,1252.725,7.703572883062501,92425.37356153934,1897.02564102564,741.0256410256407,1155.9999999999993,1541.91283413927,2605.06912363371,589.3563589743601,3.624218935085776,1712.5666666666666,1991.8666666666666,0.0,0.0,1519.24335289682
2025-02-04 21:25:00,2025-02-04,21:25:00,0.0,1225.604,2532.47,3.396,0.0,1.27,1.39,73.79343,1270.0,1390.0,478.7515625,746.8524375000001,11.980769832332332,136.78616071428573,-5.980769832332332,-134.78616071428573,5.980769832332332,122.8053908819534,1306.8659999999998,8.036510390864999,92433.4100719302,1897.02564102564,741.0256410256407,1155.9999999999993,1528.42814006018,2531.5171390269,635.4443589743598,3.9076349019057743,1712.5666666666666,1991.8666666666666,0.0,0.0,1523.1509877987257
2025-02-04 21:30:00,2025-02-04,21:30:00,0.0,1215.662,2528.014,3.359,-0.041,1.271,1.383,73.79343,1271.0,1383.0,474.86796875,740.79403125,11.883582801551553,135.6765625,-4.883582801551551,-136.6765625,4.883582801551551,124.79297969844843,1312.352,8.07024628728,92441.4803182175,1897.02564102564,741.0256410256407,1155.9999999999993,1515.86472468166,2461.1451033981,630.9883589743602,3.880232941565776,1712.5666666666666,1991.8666666666666,0.0,0.0,1527.0312207402915
2025-02-04 21:35:00,2025-02-04,21:35:00,0.0,1210.11,2519.771,3.29,0.0,1.273,1.377,73.79343,1273.0,1377.0,472.69921875,737.4107812499999,11.829309778528524,135.0569196428571,-5.8293097785285255,-137.0569196428571,5.8293097785285255,125.22760986432858,1309.6610000000005,8.053698110602502,92449.53401632808,1897.02564102564,741.0256410256407,1155.9999999999993,1502.20412227236,2392.76065658579,622.7453589743602,3.8295430046082766,1712.5666666666666,1991.8666666666666,0.0,0.0,1530.8607637448997
2025-02-04 21:40:00,2025-02-04,21:40:00,0.0,1203.983,2428.335,3.1,0.0,1.276,1.37,73.79343,1276.0,1370.0,470.305859375,733.677140625,11.769415900275272,134.3731026785714,-4.769415900275273,-137.3731026785714,4.769415900275273,125.60368677829612,1224.352,7.52909446728,92457.06311079537,1897.02564102564,741.0256410256407,1155.9999999999993,1489.48924684004,2324.81083993936,531.3093589743601,3.267261665818276,1712.5666666666666,1991.8666666666666,0.0,0.0,1534.128025410718
2025-02-04 21:45:00,2025-02-04,21:45:00,0.0,1207.423,2454.351,3.161,0.0,1.279,1.363,73.79343,1279.0,1363.0,471.649609375,735.773390625,11.803043277652652,134.75703124999998,-4.8030432776526535,-137.75703124999998,4.8030432776526535,125.95398797234732,1246.928,7.66792450692,92464.73103530228,1897.02564102564,741.0256410256407,1155.9999999999993,1475.71447752946,2257.23710020689,557.3253589743601,3.4272458220582767,1712.5666666666666,1991.8666666666666,0.0,0.0,1537.5552712327762
2025-02-04 21:50:00,2025-02-04,21:50:00,0.0,1206.53,2251.134,3.129,0.0,1.282,1.357,73.79343,1282.0,1357.0,471.30078125,735.22921875,11.794313845095092,134.65736607142856,-5.794313845095093,-137.65736607142856,5.794313845095093,125.86305222633348,1044.604,6.423742679309999,92471.1547779816,1897.02564102564,741.0256410256407,1155.9999999999993,1461.97333559626,2190.01366166848,354.10835897436004,2.177572533365776,1712.5666666666666,1991.8666666666666,0.0,0.0,1539.732843766142
2025-02-04 21:55:00,2025-02-04,21:55:00,0.0,1207.857,2146.85,3.123,-0.03,1.288,1.35,73.79343,1288.0,1350.0,471.819140625,736.037859375,11.807285801426424,134.80546875,-4.807285801426424,-140.80546875,4.807285801426424,128.99818294857357,938.993,5.7742928513325,92476.92907083294,1897.02564102564,741.0256410256407,1155.9999999999993,1449.2234642305,2122.69928738405,249.82435897435994,1.5362830288557752,1712.5666666666666,1991.8666666666666,0.0,0.0,1541.2691267949976
2025-02-04 22:00:00,2025-02-04,22:00:00,0.0,1207.347,2171.494,3.166,0.0,1.29,1.343,73.73754,1290.0,1343.0,471.619921875,735.727078125,11.80230034722222,134.74854910714285,-4.80230034722222,-136.74854910714285,4.80230034722222,124.94624875992064,964.1470000000002,5.924485664865,92482.8535564978,1897.02564102564,741.0256410256407,1155.9999999999993,1435.48656482108,2058.52004382187,274.46835897436017,1.6865517998838533,1712.5666666666666,1991.8666666666666,0.0,0.0,1542.9556785948814
2025-02-04 22:05:00,2025-02-04,22:05:00,0.0,1166.014,2256.76,3.099,0.0,1.298,1.336,73.73754,1298.0,1336.0,455.47421875,710.53978125,11.398253722472472,130.13549107142856,-4.398253722472472,-138.13549107142856,4.398253722472472,126.73723734895609,1090.7460000000003,6.702410567070002,92489.55596706488,1897.02564102564,741.0256410256407,1155.9999999999993,1421.74467995745,1990.28886607103,359.73435897436025,2.210493890353854,1712.5666666666666,1991.8666666666666,0.0,0.0,1545.1661724852352
2025-02-04 22:10:00,2025-02-04,22:10:00,0.0,1151.031,2144.692,3.117,0.0,1.309,1.329,73.73754,1309.0,1329.0,449.621484375,701.4095156249999,11.251788898273272,128.46328125,-4.251788898273272,-139.46328125,4.251788898273272,128.21149235172672,993.661,6.105843144494999,92495.66181020936,1897.02564102564,741.0256410256407,1155.9999999999993,1407.59874846907,1923.84867690922,247.66635897436004,1.5218590042938525,1712.5666666666666,1991.8666666666666,0.0,0.0,1546.688031489529
2025-02-04 22:15:00,2025-02-04,22:15:00,0.0,402.074,2176.508,3.089,0.0,1.309,1.33,73.73754,1309.0,1330.0,157.06015625,245.01384375,3.930434340590591,44.87433035714285,-4.93043434059059,-44.87433035714285,4.93043434059059,40.94389601655226,1774.4339999999995,10.903533171029997,92506.5653433804,1897.02564102564,741.0256410256407,1155.9999999999993,1393.30635215649,1858.88274275019,279.48235897435984,1.7173618020138512,1712.5666666666666,1991.8666666666666,0.0,0.0,1548.4053932915429
2025-02-04 22:20:00,2025-02-04,22:20:00,0.0,377.734,2140.399,3.031,0.0,1.299,1.34,73.73754,1299.0,1340.0,147.55234374999998,230.18165625,3.692501094844844,42.15781249999999,-13.692501094844843,-32.15781249999999,13.692501094844843,28.46531140515515,1762.665,10.831215078675,92517.39655845908,1659.53205221388,648.2547078960469,1011.2773443178331,1379.69260128623,1706.64921225598,480.8669477861199,2.95482881642141,1712.5666666666666,1991.8666666666666,0.0,0.0,1551.3602221079643
2025-02-04 22:25:00,2025-02-04,22:25:00,0.0,330.235,2213.347,3.077,0.0,1.299,1.35,73.73754,1299.0,1350.0,128.998046875,201.236953125,3.228179351226226,36.85658482142857,-13.228179351226226,-36.85658482142857,13.228179351226226,33.628405470202345,1883.112,11.57133720204,92528.96789566112,1159.53205221388,452.94220789604685,706.5898443178331,1377.16251209339,1566.12148312139,1053.8149477861202,6.475476822081412,1712.5666666666666,1991.8666666666666,0.0,0.0,1557.8356989300457
2025-02-04 22:30:00,2025-02-04,22:30:00,0.0,294.646,2132.631,3.017,-0.016,1.31,1.36,73.73754,1310.0,1360.0,115.09609375,179.54990625000002,2.8802826263763763,32.88459821428572,-12.880282626376376,-43.88459821428572,12.880282626376376,41.00431558790934,1837.985,11.294041038074996,92540.2619366992,659.532052213877,257.6297078960457,401.9023443178313,1379.05580135712,1481.67271928021,1473.0989477861228,9.051891048861428,1712.5666666666666,1991.8666666666666,0.0,0.0,1566.8875899789073
2025-02-04 22:35:00,2025-02-04,22:35:00,0.0,266.425,2328.381,2.995,-0.011,1.326,1.369,73.73754,1326.0,1369.0,104.072265625,162.352734375,2.604411051676676,29.734933035714285,-11.604411051676676,-45.734933035714285,11.604411051676676,43.13052198403761,2061.956,12.670296919019997,92552.9322336182,159.532052213877,62.3172078960457,97.2148443178313,1385.48889409621,1455.51573678511,2168.848947786123,13.327132170111428,1712.5666666666666,1991.8666666666666,0.0,0.0,1580.2147221490186
2025-02-04 22:40:00,2025-02-04,22:40:00,0.0,240.738,2380.726,2.914,0.0,1.348,1.378,73.73754,1348.0,1378.0,94.03828125,146.69971875,2.3533103415915915,26.86808035714285,-11.353310341591593,-48.86808035714285,11.353310341591593,46.514770015551264,2139.9880000000003,13.14978756246,92566.08202118069,0.0,0.0,0.0,1395.5338154608,1482.4008319145,2380.726,14.62907322117,1712.5666666666666,1991.8666666666666,0.0,0.0,1594.8437953701887
2025-02-04 22:45:00,2025-02-04,22:45:00,0.0,125.633,2343.397,2.793,0.0,1.37,1.389,73.73754,1370.0,1389.0,49.075390625,76.557609375,1.2281128785035034,14.021540178571426,-12.228112878503504,-36.02154017857143,12.228112878503504,34.793427300067926,2217.764,13.62770513838,92579.70972631904,0.0,0.0,0.0,1406.88712580239,1528.91560193005,2343.397,14.399694168614996,1712.5666666666666,1991.8666666666666,0.0,0.0,1609.2434895388037
2025-02-04 22:50:00,2025-02-04,22:50:00,0.0,105.632,2337.561,2.7,-0.018,1.395,1.401,73.73754,1395.0,1401.0,41.2625,64.3695,1.032595095095095,11.789285714285713,-13.032595095095097,-36.78928571428571,13.032595095095097,35.756690619190614,2231.929,13.714746159554998,92593.4244724786,0.0,0.0,0.0,1419.1152386809,1563.70902923012,2337.561,14.363833144995,1712.5666666666666,1991.8666666666666,0.0,0.0,1623.6073226837987
2025-02-04 22:55:00,2025-02-04,22:55:00,0.0,88.826,2306.116,2.7,-0.012,1.424,1.413,73.73754,1424.0,1413.0,34.697656249999994,54.12834374999999,0.8683097159659657,9.913616071428567,-12.868309715965966,-38.91361607142857,12.868309715965966,38.0453063554626,2217.29,13.624792505549998,92607.04926498416,0.0,0.0,0.0,1432.14783377599,1599.46571984931,2306.116,14.170610066219998,1712.5666666666666,1991.8666666666666,0.0,0.0,1637.7779327500186
2025-02-04 23:00:00,2025-02-04,23:00:00,0.0,82.978,2290.981,2.659,0.0,1.455,1.425,72.86193,1455.0,1425.0,32.41328125,50.56471875,0.8111431744244243,9.2609375,-12.811143174424425,-40.2609375,12.811143174424425,39.44979432557557,2208.003,13.4066133354825,92620.45587831964,0.0,0.0,0.0,1445.01614349196,1637.51102620478,2290.981,13.910441437777502,1712.5666666666666,1991.8666666666666,0.0,0.0,1651.6883741877962
2025-02-04 23:05:00,2025-02-04,23:05:00,0.0,75.421,2431.4,2.69,0.0,1.486,1.437,72.86193,1486.0,1437.0,29.461328125,45.959671875000005,0.7372704735985985,8.417522321428573,-12.7372704735986,-39.41752232142857,12.7372704735986,38.68025184782997,2355.9790000000003,14.305098081622502,92634.76097640126,0.0,0.0,0.0,1457.82728666638,1676.96082053035,2431.4,14.7630413835,1712.5666666666666,1991.8666666666666,0.0,0.0,1666.4514155712961
2025-02-04 23:10:00,2025-02-04,23:10:00,0.0,75.194,2457.803,2.689,-0.002,1.519,1.449,72.86193,1519.0,1449.0,29.37265625,45.82134375,0.7350514577077077,8.3921875,-12.735051457707709,-41.3921875,12.735051457707709,40.65713604229229,2382.609,14.466790847947498,92649.2277672492,0.0,0.0,0.0,1470.56455713998,1715.64107237818,2457.803,14.923355844982499,1712.5666666666666,1991.8666666666666,0.0,0.0,1681.3747714162787
2025-02-04 23:15:00,2025-02-04,23:15:00,0.0,73.576,2447.764,2.7,0.0,1.552,1.46,72.86193,1552.0,1460.0,28.740625,44.835375,0.7192348598598597,8.211607142857142,-11.71923485985986,-41.21160714285714,11.71923485985986,40.49237228299728,2374.188,14.41565998857,92663.64342723778,0.0,0.0,0.0,1483.29960859769,1756.29820842047,2447.764,14.86240076871,1712.5666666666666,1991.8666666666666,0.0,0.0,1696.2371721849886
2025-02-04 23:20:00,2025-02-04,23:20:00,0.0,78.191,2450.369,2.731,0.0,1.585,1.472,72.86193,1585.0,1472.0,30.543359375,47.647640625,0.7643483327077077,8.726674107142856,-12.764348332707709,-41.726674107142856,12.764348332707709,40.96232577443515,2372.1780000000003,14.403455615295004,92678.04688285309,0.0,0.0,0.0,1495.01884345755,1796.79058070347,2450.369,14.878217879347499,1712.5666666666666,1991.8666666666666,0.0,0.0,1711.115390064336
2025-02-04 23:25:00,2025-02-04,23:25:00,0.0,89.222,2404.669,2.7,0.0,1.615,1.484,72.86193,1615.0,1484.0,34.85234375,54.36965625,0.8721807745245244,9.9578125,-12.872180774524525,-39.9578125,12.872180774524525,39.08563172547548,2315.447,14.058994769392497,92692.10587762248,0.0,0.0,0.0,1507.78319179025,1837.75290647791,2404.669,14.600735362597497,1712.5666666666666,1991.8666666666666,0.0,0.0,1725.7161254269336
2025-02-04 23:30:00,2025-02-04,23:30:00,0.0,100.494,2335.023,2.7,0.0,1.644,1.495,72.86193,1644.0,1495.0,39.25546875,61.23853125,0.9823690878378376,11.215848214285714,-11.98236908783784,-40.215848214285714,11.98236908783784,39.23347912644788,2234.529,13.5676746317475,92705.6735522542,0.0,0.0,0.0,1520.65537256478,1876.83853820338,2335.023,14.1778568645325,1712.5666666666666,1991.8666666666666,0.0,0.0,1739.893982291466
2025-02-04 23:35:00,2025-02-04,23:35:00,0.0,115.671,2232.858,2.697,0.0,1.67,1.507,72.86193,1670.0,1507.0,45.183984375,70.487015625,1.1307303397147146,12.90970982142857,-13.130730339714717,-38.90970982142857,13.130730339714717,37.77897948171386,2117.1870000000004,12.8551942492425,92718.52874650346,0.0,0.0,0.0,1532.63774165262,1916.07201732983,2232.858,13.557528607995001,1712.5666666666666,1991.8666666666666,0.0,0.0,1753.451510899461
2025-02-04 23:40:00,2025-02-04,23:40:00,0.0,127.25,2196.89,2.685,-0.033,1.694,1.519,72.86193,1694.0,1519.0,49.70703125,77.54296875,1.2439197009509508,14.202008928571429,-13.24391970095095,-38.20200892857143,13.24391970095095,36.95808922762048,2069.64,12.566497067099997,92731.09524357055,0.0,0.0,0.0,1545.76847199233,1953.85099681154,2196.89,13.339137116475,1712.5666666666666,1991.8666666666666,0.0,0.0,1766.790648015936
2025-02-04 23:45:00,2025-02-04,23:45:00,0.0,143.291,2148.376,2.7,0.0,1.714,1.53,72.86193,1714.0,1530.0,55.973046875,87.31795312499999,1.4007268987737735,15.992299107142854,-12.400726898773774,-35.992299107142856,12.400726898773774,34.59157220836908,2005.0850000000005,12.1745302428375,92743.2697738134,0.0,0.0,0.0,1559.01239169328,1990.80908603916,2148.376,13.04456847714,1712.5666666666666,1991.8666666666666,0.0,0.0,1779.8352164930761
2025-02-04 23:50:00,2025-02-04,23:50:00,0.0,151.418,2208.012,2.553,0.0,1.732,1.542,72.86193,1732.0,1542.0,59.14765625,92.27034375,1.4801715778278275,16.89933035714286,-13.480171577827829,-34.89933035714286,13.480171577827829,33.419158779315026,2056.594,12.487284005535,92755.75705781892,0.0,0.0,0.0,1571.41311859206,2025.40065824753,2208.012,13.406667981930001,1712.5666666666666,1991.8666666666666,0.0,0.0,1793.2418844750061
2025-02-04 23:55:00,2025-02-04,23:55:00,0.0,157.582,2312.341,2.5,-0.002,1.749,1.553,72.86193,1749.0,1553.0,61.55546875,96.02653125,1.5404271458958956,17.587276785714284,-12.540427145895896,-34.58727678571428,12.540427145895896,33.04684963981839,2154.759,13.083324952072498,92768.840382771,0.0,0.0,0.0,1584.89329016988,2058.81981702685,2312.341,14.040135673177499,1712.5666666666666,1991.8666666666666,-115.13294935088652,100.00000000000341,1807.2820201481836
